address	size	name	hints
0x401000	64		
0x401040	464		
0x401210	80		
0x401260	80		.lvl
0x4012B0	96		
0x401310	336		
0x401460	48		
0x401490	160		
0x401530	848		
0x401880	96		
0x4018E0	32		
0x401900	48		
0x401930	128		
0x4019B0	288		
0x401AD0	176		
0x401B80	128		
0x401C00	144		
0x401C90	80		
0x401CE0	208		
0x401DB0	64		
0x401DF0	272		
0x401F00	80		
0x401F50	160		
0x401FF0	864		
0x402350	464		
0x402520	144		
0x4025B0	112		
0x402620	416		
0x4027C0	144		
0x402850	80		
0x4028A0	304		
0x4029D0	112		
0x402A40	144		
0x402AD0	80		
0x402B20	304		
0x402C50	224		
0x402D30	336		
0x402E80	848		
0x4031D0	480		
0x4033B0	208		
0x403480	272		
0x403590	304		
0x4036C0	176		
0x403770	1312		
0x403C90	80		
0x403CE0	80		
0x403D30	80		
0x403D80	80		
0x403DD0	80		
0x403E20	80		
0x403E70	80		
0x403EC0	80		
0x403F10	80		
0x403F60	112		
0x403FD0	64		
0x404010	320		
0x404150	144		
0x4041E0	80		
0x404230	48		
0x404260	32		
0x404280	96		_DE | _FR | _IT
0x4042E0	1152		\data\textures\loadAnim\bar%01d | _DE | _FR
0x404760	128		
0x4047E0	752		
0x404AD0	1024		
0x404ED0	832		
0x405210	320		
0x405350	496		
0x405540	496		
0x405730	1		
0x405731	367		
0x4058A0	91		
0x4058FB	289		.bmp
0x405A1C	1012		\data\global\global_loadingscreen_%s.smb | \data\textures\gui\%s | .bmp
0x405E10	32		
0x405E30	176		
0x405EE0	272		
0x405FF0	32		
0x406010	64		
0x406050	48		
0x406080	80		
0x4060D0	16		game.sav
0x4060E0	272		%s\Save\%8x | %s\
0x4061F0	128		
0x406270	1744		
0x406940	368		
0x406AB0	416		%s\Save\%8x | %s\
0x406C50	128		
0x406CD0	96		U:\
0x406D30	256		U:\
0x406E30	176		
0x406EE0	96		
0x406F40	1744		Save\savetemp | owsv
0x407610	288		
0x407730	368		%s\Save\%8x | %s\
0x4078A0	160		%s\Save\%8x | %s\
0x407940	224		%s\Save\%8x | %s\
0x407A20	224		
0x407B00	208		
0x407BD0	64		
0x407C10	160		
0x407CB0	416		
0x407E50	144		
0x407EE0	224		
0x407FC0	240		
0x4080B0	576		.smb | _thumb.bmp
0x4082F0	64		
0x408330	48		
0x408360	64		
0x4083A0	176		
0x408450	96		
0x4084B0	128		
0x408530	192		
0x4085F0	80		
0x408640	160		
0x4086E0	256		
0x4087E0	64		
0x408820	224		
0x408900	96		
0x408960	272		
0x408A70	80		
0x408AC0	288		
0x408BE0	256		
0x408CE0	304		
0x408E10	80		
0x408E60	112		
0x408ED0	304		
0x409000	256		
0x409100	48		
0x409130	736		metadata.dat
0x409410	464		metadata.dat
0x4095E0	352		
0x409740	96		
0x4097A0	608		
0x409A00	96		
0x409A60	208		
0x409B30	144		
0x409BC0	1120		
0x40A020	1328		
0x40A550	480		
0x40A730	1008		
0x40AB20	272		
0x40AC30	640	Camera::vfunc5	
0x40AEB0	48		
0x40AEE0	32		
0x40AF00	144		
0x40AF90	880		Cannot create camera type that does not exist | .\Camera\Camera.cpp
0x40B300	176		
0x40B3B0	160	OrbitCamera::vfunc8	
0x40B450	512		.\Camera\Camera.cpp
0x40B650	96	OrbitCamera::vfunc20	
0x40B6B0	144	OrbitCamera::vfunc15	
0x40B740	144	OrbitCamera::vfunc18	
0x40B7D0	112		
0x40B840	64		
0x40B880	304	OrbitCamera::vfunc26	
0x40B9B0	160		
0x40BA50	640		
0x40BCD0	208		
0x40BDA0	80		
0x40BDF0	128		
0x40BE70	96		
0x40BED0	144		.\Camera\Camera.cpp
0x40BF60	80		
0x40BFB0	32		
0x40BFD0	48		
0x40C000	64		
0x40C040	16		
0x40C050	64		
0x40C090	80		
0x40C0E0	192		
0x40C1A0	512		
0x40C3A0	126		
0x40C41E	978		
0x40C7F0	144		
0x40C880	416		
0x40CA20	880		
0x40CD90	288		
0x40CEB0	32		
0x40CED0	96		
0x40CF30	64		
0x40CF70	512		
0x40D170	112		
0x40D1E0	560		
0x40D410	208		
0x40D4E0	1024		
0x40D8E0	480		
0x40DAC0	64		
0x40DB00	80		
0x40DB50	80		
0x40DBA0	48		
0x40DBD0	32		
0x40DBF0	48		
0x40DC20	16		
0x40DC30	48		
0x40DC60	112		
0x40DCD0	48		
0x40DD00	32		
0x40DD20	96		
0x40DD80	48		
0x40DDB0	1760		
0x40E490	80		
0x40E4E0	32		
0x40E500	176		
0x40E5B0	224		
0x40E690	80		
0x40E6E0	80		
0x40E730	160		
0x40E7D0	112		
0x40E840	416		Camera Right should never fail to project onto the XY plane! | .\Camera\CameraMgr.cpp | Camera Right and Forward BOTH failed to project onto the XY plane!
0x40E9E0	448		Camera Right should never fail to project onto the XY plane! | .\Camera\CameraMgr.cpp
0x40EBA0	160		
0x40EC40	208		
0x40ED10	624		
0x40EF80	64		
0x40EFC0	224		
0x40F0A0	608		
0x40F300	48		
0x40F330	144		
0x40F3C0	64		
0x40F400	160		
0x40F4A0	112		
0x40F510	240		
0x40F600	112		
0x40F670	48		
0x40F6A0	80		
0x40F6F0	32		
0x40F710	64		
0x40F750	368		
0x40F8C0	288		
0x40F9E0	1792		
0x4100E0	128		
0x410160	176		
0x410210	144		
0x4102A0	160		
0x410340	752		
0x410630	480		
0x410810	112		
0x410880	160		
0x410920	1072		
0x410D50	48		
0x410D80	32		
0x410DA0	592		
0x410FF0	144		
0x411080	224		
0x411160	160		
0x411200	80		
0x411250	896		
0x4115D0	80		
0x411620	240		
0x411710	112		
0x411780	80		
0x4117D0	112		
0x411840	80		
0x411890	80		
0x4118E0	80		
0x411930	112		
0x4119A0	80		
0x4119F0	64		
0x411A30	64		
0x411A70	64		
0x411AB0	64		
0x411AF0	16		
0x411B00	32		
0x411B20	112		
0x411B90	80		
0x411BE0	64		
0x411C20	48		
0x411C50	48		
0x411C80	112		
0x411CF0	176		
0x411DA0	96		
0x411E00	112		
0x411E70	256		
0x411F70	96		
0x411FD0	80		
0x412020	240		
0x412110	304		
0x412240	80		
0x412290	384		
0x412410	128		
0x412490	176		
0x412540	256		
0x412640	64		
0x412680	304		
0x4127B0	64		
0x4127F0	96		
0x412850	192		
0x412910	112		
0x412980	256		
0x412A80	448		
0x412C40	128		
0x412CC0	96		
0x412D20	368		
0x412E90	160		
0x412F30	112		
0x412FA0	256		
0x4130A0	320		
0x4131E0	208		
0x4132B0	112		
0x413320	720		
0x4135F0	96		
0x413650	512		
0x413850	96		
0x4138B0	608		
0x413B10	176		
0x413BC0	192		
0x413C80	80		
0x413CD0	112		
0x413D40	416		
0x413EE0	1072		
0x414310	256		
0x414410	176		
0x4144C0	80		
0x414510	416		
0x4146B0	112		
0x414720	208		
0x4147F0	1888		
0x414F50	768		
0x415250	208		
0x415320	64		
0x415360	32		
0x415380	64		
0x4153C0	48		
0x4153F0	80		
0x415440	64		
0x415480	64		
0x4154C0	464		
0x415690	880	FixedCamera::vfunc27	
0x415A00	896		
0x415D80	336		No code for this fly camera scheme | .\Camera\FlyCamera.cpp
0x415ED0	192		
0x415F90	160	FlyCamera::vfunc7	
0x416030	1584	FlyCamera::vfunc27	
0x416660	64		
0x4166A0	208		
0x416770	144		
0x416800	128		
0x416880	160		
0x416920	192		
0x4169E0	144		
0x416A70	32		
0x416A90	160	FollowCamera::vfunc7	
0x416B30	224		
0x416C10	1760	FollowCamera::vfunc27	
0x4172F0	384		
0x417470	384		
0x4175F0	368		
0x417760	32		
0x417780	304		
0x4178B0	64		
0x4178F0	32		
0x417910	64		
0x417950	144		
0x4179E0	128		
0x417A60	1360		
0x417FB0	160		
0x418050	160		
0x4180F0	112		
0x418160	224		Degenerate vector in ComputePitch! | .\Camera\FollowEngine.cpp
0x418240	160		
0x4182E0	48		
0x418310	704		
0x4185D0	512		
0x4187D0	379		
0x41894B	229		
0x418A30	144		
0x418AC0	320		
0x418C00	896		
0x418F80	1360		
0x4194D0	256	CameraMoveCallbacks::vfunc0	
0x4195D0	9408		
0x41BA90	64		
0x41BAD0	80		
0x41BB20	128		
0x41BBA0	16		
0x41BBB0	80		
0x41BC00	240		
0x41BCF0	128		
0x41BD70	384		
0x41BEF0	672		
0x41C190	176		
0x41C240	416		
0x41C3E0	144		
0x41C470	224		
0x41C550	288		
0x41C670	1008		
0x41CA60	304		No code for this orbit camera scheme | .\Camera\OrbitCamera.cpp
0x41CB90	96		
0x41CBF0	416	OrbitCamera::vfunc7	
0x41CD90	1088	OrbitCamera::vfunc27	
0x41D1D0	480		
0x41D3B0	160		
0x41D450	832		
0x41D790	224	Actor::vfunc41	
0x41D870	384		
0x41D9F0	464		
0x41DBC0	336	Actor::vfunc5	
0x41DD10	976	Actor::vfunc51	
0x41E0E0	512	NPC::vfunc16	.\Actor\Actor.cpp
0x41E2E0	144		
0x41E370	448		
0x41E530	80		
0x41E580	224		
0x41E660	64		
0x41E6A0	1040		
0x41EAB0	224		
0x41EB90	368		
0x41ED00	400		
0x41EE90	352		
0x41EFF0	384		
0x41F170	112		
0x41F1E0	176		
0x41F290	80		
0x41F2E0	192		
0x41F3A0	240		Phv
0x41F490	1408	Actor::vfunc17	
0x41FA10	448		
0x41FBD0	128		
0x41FC50	240		
0x41FD40	304		
0x41FE70	304		
0x41FFA0	1200	PlayerImpl::vfunc70	
0x420450	352		
0x4205B0	1472	Actor::vfunc23	
0x420B70	144	Actor::vfunc24	
0x420C00	1344		.\Actor\Actor.cpp
0x421140	80		
0x421190	64		
0x4211D0	80		
0x421220	128		
0x4212A0	80		
0x4212F0	80		
0x421340	96		
0x4213A0	208		
0x421470	304		
0x4215A0	144		
0x421630	80		
0x421680	80		
0x4216D0	80		
0x421720	80		
0x421770	96		
0x4217D0	288		
0x4218F0	96		
0x421950	32		
0x421970	96		
0x4219D0	80		
0x421A20	32		
0x421A40	48		
0x421A70	80		
0x421AC0	1440		
0x422060	560		
0x422290	80		
0x4222E0	304		
0x422410	96		
0x422470	32		
0x422490	144		
0x422520	64		
0x422560	64		
0x4225A0	256		
0x4226A0	512		
0x4228A0	256		
0x4229A0	512		
0x422BA0	256		
0x422CA0	416		
0x422E40	608		
0x4230A0	1200	ActorSpawner::vfunc17	
0x423550	48		
0x423580	208		
0x423650	304		
0x423780	256		
0x423880	384		
0x423A00	144		
0x423A90	96		
0x423AF0	112		
0x423B60	80		
0x423BB0	258		
0x423CB2	46		
0x423CE0	192		
0x423DA0	80		
0x423DF0	80		
0x423E40	32		
0x423E60	144		
0x423EF0	112		
0x423F60	80		
0x423FB0	176		
0x424060	144		
0x4240F0	496		
0x4242E0	208		
0x4243B0	368		
0x424520	592		
0x424770	368		
0x4248E0	320		
0x424A20	304		
0x424B50	32		
0x424B70	224		
0x424C50	336		
0x424DA0	1616	GloktigiPrefs::vfunc20	
0x4253F0	384		
0x425570	352		
0x4256D0	304		
0x425800	32		
0x425820	80		
0x425870	224		
0x425950	144		
0x4259E0	112		
0x425A50	288		
0x425B70	576		
0x425DB0	576		
0x425FF0	1648		
0x426660	480		
0x426840	1760		
0x426F20	539	NPC::vfunc29	
0x42713B	53		
0x427170	2624	NPC::vfunc78	
0x427BB0	48		
0x427BE0	64		
0x427C20	3248		
0x4288D0	880		
0x428C40	560		
0x428E70	480	NPC::vfunc42	
0x429050	128		
0x4290D0	96		
0x429130	64		
0x429170	144		
0x429200	560		
0x429430	256		Bad bad!! | .\Actor\NPC.cpp
0x429530	256		
0x429630	1312		
0x429B50	176		
0x429C00	176		
0x429CB0	2944	NPC::vfunc23	
0x42A830	64		
0x42A870	336		
0x42A9C0	352	NPC::vfunc1	
0x42AB20	688		
0x42ADD0	1104		Phv
0x42B220	1008		
0x42B610	256		
0x42B710	256		
0x42B810	1280		
0x42BD10	3536		
0x42CAE0	5152		
0x42DF00	800		
0x42E220	48		
0x42E250	1616		npc_ | zonebundle
0x42E8A0	96		
0x42E900	624		
0x42EB70	144		
0x42EC00	288		
0x42ED20	304		
0x42EE50	112		
0x42EEC0	64		
0x42EF00	96		
0x42EF60	224		
0x42F040	208		
0x42F110	256		
0x42F210	352		
0x42F370	144		
0x42F400	160		
0x42F4A0	64		
0x42F4E0	128		
0x42F560	96		
0x42F5C0	80		
0x42F610	304		
0x42F740	32		
0x42F760	176		
0x42F810	112		
0x42F880	160		
0x42F920	80		
0x42F970	80		
0x42F9C0	144		
0x42FA50	80		
0x42FAA0	64		
0x42FAE0	176		
0x42FB90	80		
0x42FBE0	32		
0x42FC00	64		
0x42FC40	304		
0x42FD70	352		
0x42FED0	211		
0x42FFA3	173		
0x430050	96		
0x4300B0	96		
0x430110	64		
0x430150	32		
0x430170	224		
0x430250	432		
0x430400	368		
0x430570	112		
0x4305E0	64		
0x430620	352		
0x430780	128		
0x430800	320		
0x430940	192		
0x430A00	144		
0x430A90	272		
0x430BA0	240		
0x430C90	208		
0x430D60	48		
0x430D90	80		
0x430DE0	320		
0x430F20	512		
0x431120	1024		
0x431520	448		
0x4316E0	800		
0x431A00	176		
0x431AB0	1440	NPCPrefs::vfunc20	
0x432050	144		
0x4320E0	192		
0x4321A0	96		
0x432200	496		
0x4323F0	336		
0x432540	128		
0x4325C0	128		
0x432640	96		
0x4326A0	1840		
0x432DD0	144		
0x432E60	272		../Engine\Core/CVarBodyArray.h
0x432F70	368		
0x4330E0	368		
0x433250	368		
0x4333C0	368		
0x433530	320		
0x433670	320		
0x4337B0	320		
0x4338F0	320		
0x433A30	112		
0x433AA0	64		
0x433AE0	304		
0x433C10	304		
0x433D40	304		
0x433E70	304		
0x433FA0	32		
0x433FC0	32		
0x433FE0	32		
0x434000	32		
0x434020	64		
0x434060	64		
0x4340A0	64		
0x4340E0	64		
0x434120	144		
0x4341B0	32		
0x4341D0	144		
0x434260	192		
0x434320	48		
0x434350	656		
0x4345E0	80		
0x434630	32		
0x434650	32		
0x434670	160		
0x434710	256		
0x434810	960		
0x434BD0	272	Critter::vfunc37	
0x434CE0	320	Critter::vfunc53	
0x434E20	480	Critter::vfunc17	
0x435000	1008	Critter::vfunc1	
0x4353F0	624		
0x435660	400		
0x4357F0	576		
0x435A30	272		
0x435B40	672	Critter::vfunc52	should not get here in SetFacing | .\Actor\Critter\Critter.cpp
0x435DE0	384		
0x435F60	304		
0x436090	32		
0x4360B0	144		
0x436140	144		
0x4361D0	176		
0x436280	400		
0x436410	240		
0x436500	144		
0x436590	160		
0x436630	464		
0x436800	64		
0x436840	160		
0x4368E0	320		
0x436A20	448		
0x436BE0	112		
0x436C50	480		
0x436E30	208		
0x436F00	1392		
0x437470	416		
0x437610	368	CAImpl::vfunc19	
0x437780	1264	CAImpl::vfunc27	
0x437C70	176		
0x437D20	208		
0x437DF0	375		
0x437F67	217		
0x438040	240		
0x438130	144		
0x4381C0	416		
0x438360	2672		
0x438DD0	256		
0x438ED0	256		
0x438FD0	256		
0x4390D0	128		
0x439150	208		
0x439220	576		
0x439460	176		
0x439510	384		
0x439690	224		
0x439770	736		
0x439A50	64		
0x439A90	1120		
0x439EF0	848	CAAImpl::vfunc27	
0x43A240	64		
0x43A280	96		
0x43A2E0	32		
0x43A300	160		
0x43A3A0	1136		
0x43A810	144		
0x43A8A0	944	CPAImpl::vfunc24	
0x43AC50	64		
0x43AC90	208		
0x43AD60	416		
0x43AF00	384		
0x43B080	496		
0x43B270	576		
0x43B4B0	176		
0x43B560	176		
0x43B610	272		
0x43B720	304		
0x43B850	192		
0x43B910	560		
0x43BB40	2128		
0x43C390	32		
0x43C3B0	272		
0x43C4C0	32		
0x43C4E0	160		
0x43C580	112		
0x43C5F0	176		
0x43C6A0	1408		
0x43CC20	96		
0x43CC80	240		
0x43CD70	128		
0x43CDF0	176		
0x43CEA0	384		
0x43D020	240		
0x43D110	144		
0x43D1A0	464		
0x43D370	144		
0x43D400	80		
0x43D450	96		
0x43D4B0	272		
0x43D5C0	176		
0x43D670	96		
0x43D6D0	80		
0x43D720	192		
0x43D7E0	112		
0x43D850	112		
0x43D8C0	80		
0x43D910	16		
0x43D920	368		
0x43DA90	128		
0x43DB10	176		
0x43DBC0	96		
0x43DC20	64		
0x43DC60	144		
0x43DCF0	80		
0x43DD40	80		
0x43DD90	192		
0x43DE50	448		
0x43E010	304		
0x43E140	112		
0x43E1B0	80		
0x43E200	32		
0x43E220	80		
0x43E270	64		
0x43E2B0	144		
0x43E340	224		
0x43E420	112		
0x43E490	96		
0x43E4F0	384		
0x43E670	176		
0x43E720	144		
0x43E7B0	800		
0x43EAD0	304		Critter can't go away because of dangling refs! | .\Actor\Critter\CritterPools.cpp
0x43EC00	128		
0x43EC80	112		
0x43ECF0	384		
0x43EE70	64		
0x43EEB0	64		
0x43EEF0	176		
0x43EFA0	240		
0x43F090	160		
0x43F130	112		
0x43F1A0	64		
0x43F1E0	80		
0x43F230	176		
0x43F2E0	112		
0x43F350	80		
0x43F3A0	64		
0x43F3E0	240		
0x43F4D0	272		
0x43F5E0	560		
0x43F810	1440		
0x43FDB0	112		
0x43FE20	352		
0x43FF80	128		
0x440000	208		
0x4400D0	288		
0x4401F0	784		
0x440500	144		
0x440590	816		
0x4408C0	1792		
0x440FC0	80		
0x441010	1024		
0x441410	768		
0x441710	176		
0x4417C0	480		
0x4419A0	432		
0x441B50	336		
0x441CA0	32		
0x441CC0	2112		
0x442500	176		
0x4425B0	112		
0x442620	272		
0x442730	16		
0x442740	224		
0x442820	2544	PlayerPrefs::vfunc20	
0x443210	400		
0x4433A0	272		
0x4434B0	2720		\data\textures\utility\reticle.tga | \data\textures\weapons\ammo_icons\empty_icon.tga
0x443F50	192		
0x444010	144		
0x4440A0	224		
0x444180	1040		
0x444590	3440		Scripts\Steef.foo
0x445300	5168		
0x446730	400		
0x4468C0	640		Someone called Destroy on the Player!! | .\Player\PlayerImpl.cpp
0x446B40	512		
0x446D40	80		
0x446D90	73	PlayerImpl::vfunc99	
0x446DD9	1127		
0x447240	1648		
0x4478B0	656	PlayerImpl::vfunc137	
0x447B40	80		
0x447B90	496		
0x447D80	2528		
0x448760	224		
0x448840	672		
0x448AE0	3088		
0x4496F0	496		
0x4498E0	841		
0x449C29	957		
0x449FE6	12		
0x449FF2	2926		
0x44AB60	96		
0x44ABC0	2240		+A-A+
0x44B480	48		
0x44B4B0	352	PlayerImpl::vfunc94	
0x44B610	240		
0x44B700	1328		
0x44BC30	896		
0x44BFB0	256		
0x44C0B0	384		
0x44C230	64		
0x44C270	64		
0x44C2B0	656		.\Player\PlayerImpl.cpp
0x44C540	688		
0x44C7F0	240		
0x44C8E0	48		
0x44C910	144		
0x44C9A0	848	PlayerImpl::vfunc158	
0x44CCF0	1136		
0x44D160	2944		
0x44DCE0	288		
0x44DE00	864		
0x44E160	64		
0x44E1A0	2368	PlayerImpl::vfunc23	
0x44EAE0	256		
0x44EBE0	2416		
0x44F550	2560	PlayerImpl::vfunc17	
0x44FF50	1024	PlayerImpl::vfunc146	
0x450350	368		
0x4504C0	192		
0x450580	432		
0x450730	416		
0x4508D0	224		
0x4509B0	608		
0x450C10	192	PlayerImpl::vfunc175	
0x450CD0	976		
0x4510A0	96		
0x451100	576		
0x451340	304		
0x451470	1440	PlayerImpl::vfunc170	
0x451A10	2944	PlayerImpl::vfunc172	
0x452590	320		
0x4526D0	64		
0x452710	464	PlayerImpl::vfunc105	bad case | .\Player\PlayerImpl.cpp
0x4528E0	688	PlayerImpl::vfunc110	
0x452B90	176		
0x452C40	160		
0x452CE0	1088		
0x453120	880		
0x453490	448		
0x453650	112		
0x4536C0	96		
0x453720	784		
0x453A30	144		
0x453AC0	176		
0x453B70	80		
0x453BC0	80		
0x453C10	80		
0x453C60	96		
0x453CC0	80		
0x453D10	192		
0x453DD0	64		
0x453E10	128		
0x453E90	80		
0x453EE0	80		
0x453F30	96		
0x453F90	80		
0x453FE0	368		
0x454150	112		
0x4541C0	176		
0x454270	384		
0x4543F0	48		
0x454420	32		
0x454440	112		
0x4544B0	144		
0x454540	32		
0x454560	144		
0x4545F0	80		
0x454640	112		
0x4546B0	368		
0x454820	160		
0x4548C0	320		
0x454A00	80		
0x454A50	96		
0x454AB0	128		
0x454B30	112		
0x454BA0	112		
0x454C10	128		
0x454C90	96		
0x454CF0	112		
0x454D60	112		
0x454DD0	96		
0x454E30	80		
0x454E80	128		
0x454F00	304		
0x455030	304		
0x455160	64		
0x4551A0	64		
0x4551E0	304		
0x455310	96		
0x455370	64		
0x4553B0	320		
0x4554F0	48		
0x455520	240		
0x455610	112		
0x455680	64		
0x4556C0	32		
0x4556E0	32		
0x455700	32		
0x455720	128		
0x4557A0	288		
0x4558C0	64		
0x455900	64		
0x455940	176		
0x4559F0	192		
0x455AB0	80		
0x455B00	80		
0x455B50	96		
0x455BB0	272		
0x455CC0	608		XYABXY | {{}}{{}} | 26XXYYBBAA
0x455F20	528		
0x456130	800		
0x456450	80		
0x4564A0	1616		
0x456AF0	3664		
0x457940	480		
0x457B20	3056		
0x458710	336		
0x458860	64		
0x4588A0	96		
0x458900	464		Player can't go away because of dangling refs! | .\Player\PlayerMgr.cpp
0x458AD0	352		
0x458C30	96		
0x458C90	80		
0x458CE0	352		
0x458E40	224		
0x458F20	80		
0x458F70	272		
0x459080	80		
0x4590D0	688		
0x459380	48		
0x4593B0	80		
0x459400	64		
0x459440	144		
0x4594D0	32		
0x4594F0	160		
0x459590	32		
0x4595B0	128		
0x459630	144		
0x4596C0	112		
0x459730	96		
0x459790	432		Unsupported numPanes | .\Player\PlayerMgr.cpp
0x459940	336		
0x459A90	144		invalid view mode!! | .\Player\PlayerMgr.cpp
0x459B20	80		
0x459B70	96		
0x459BD0	128		
0x459C50	432		
0x459E00	80		
0x459E50	288		
0x459F70	368		
0x45A0E0	304		
0x45A210	32		
0x45A230	64		
0x45A270	144		
0x45A300	208		
0x45A3D0	144		
0x45A460	208		
0x45A530	432	PlayerImpl::vfunc124	
0x45A6E0	1504		
0x45ACC0	1168		
0x45B150	2064	PlayerImpl::vfunc186	
0x45B960	64		
0x45B9A0	992		
0x45BD80	560	PlayerImpl::vfunc127	
0x45BFB0	1808	PlayerImpl::vfunc138	
0x45C6C0	2368		
0x45D000	832		
0x45D340	912		/data/textures/utility/scope_overlay.tga
0x45D6D0	109		
0x45D73D	547		
0x45D960	496		
0x45DB50	45		
0x45DB7D	195		
0x45DC40	43		
0x45DC6B	613		
0x45DED0	1631		
0x45E52F	321		
0x45E670	224		
0x45E750	256		
0x45E850	400		
0x45E9E0	80		
0x45EA30	128		
0x45EAB0	48		
0x45EAE0	1456		
0x45F090	128		
0x45F110	176		
0x45F1C0	128		
0x45F240	96		
0x45F2A0	80		
0x45F2F0	208		
0x45F3C0	96		
0x45F420	208		
0x45F4F0	304		
0x45F620	336		
0x45F770	32		
0x45F790	64		
0x45F7D0	240	GameObject::vfunc5	
0x45F8C0	144		Should only be calling this on objects with geometry. | .\GameObject\GameObject.cpp
0x45F950	64		
0x45F990	80		
0x45F9E0	64		
0x45FA20	64		
0x45FA60	96	Store::vfunc17	GameObject::Tick should never be called! | .\GameObject\GameObject.cpp
0x45FAC0	336	Store::vfunc48	
0x45FC10	112	Store::vfunc47	
0x45FC80	448	Store::vfunc34	
0x45FE40	320	Store::vfunc42	
0x45FF80	432	Store::vfunc41	
0x460130	48		
0x460160	368	Store::vfunc29	
0x4602D0	320	Store::vfunc45	
0x460410	64		
0x460450	304	Store::vfunc31	This GameObject does not have a position. | .\GameObject\GameObject.cpp
0x460580	176		
0x460630	176		
0x4606E0	80		
0x460730	256		
0x460830	624	SimplePhysicalGO::vfunc32	
0x460AA0	80		
0x460AF0	112		
0x460B60	80	glShader::vfunc2	
0x460BB0	208		
0x460C80	64		
0x460CC0	304		
0x460DF0	256		
0x460EF0	160		
0x460F90	48		
0x460FC0	368		
0x461130	448		
0x4612F0	320		
0x461430	208		
0x461500	848		
0x461850	240		
0x461940	1616		
0x461F90	224		
0x462070	480		
0x462250	448		
0x462410	352		
0x462570	1168		
0x462A00	64		
0x462A40	64		
0x462A80	224		
0x462B60	64		
0x462BA0	64		
0x462BE0	64		
0x462C20	144		
0x462CB0	160		
0x462D50	80		
0x462DA0	272		
0x462EB0	240		
0x462FA0	112		
0x463010	128		
0x463090	320		
0x4631D0	160		
0x463270	352		
0x4633D0	64		
0x463410	160		
0x4634B0	272		
0x4635C0	400		
0x463750	704		
0x463A10	368		
0x463B80	320		
0x463CC0	176		
0x463D70	240		
0x463E60	224		
0x463F40	272		
0x464050	288		
0x464170	144		
0x464200	64		
0x464240	32		
0x464260	464		
0x464430	672		
0x4646D0	752		
0x4649C0	64		
0x464A00	144		
0x464A90	160		
0x464B30	96		
0x464B90	64		
0x464BD0	80		
0x464C20	176		
0x464CD0	80		
0x464D20	80		
0x464D70	128		
0x464DF0	256		
0x464EF0	160		
0x464F90	240		
0x465080	32		
0x4650A0	48		
0x4650D0	144		
0x465160	160		
0x465200	96		
0x465260	48		
0x465290	80		
0x4652E0	80		
0x465330	128		
0x4653B0	112		
0x465420	112		
0x465490	96		
0x4654F0	96		
0x465550	80		
0x4655A0	144		
0x465630	352		
0x465790	352		
0x4658F0	240		
0x4659E0	192		
0x465AA0	80	ActivatableMixin::vfunc3	
0x465AF0	112		
0x465B60	64		
0x465BA0	192		
0x465C60	80		
0x465CB0	272		%2.3f |  ACTIVE | Inactive
0x465DC0	400		
0x465F50	336		
0x4660A0	512		
0x4662A0	128		
0x466320	128		
0x4663A0	112		
0x466410	1200		
0x4668C0	128		
0x466940	1472		
0x466F00	144		
0x466F90	912		
0x467320	48		
0x467350	128		
0x4673D0	48		
0x467400	96		
0x467460	96		
0x4674C0	240		
0x4675B0	144		
0x467640	336	OrbitCamera::vfunc9	
0x467790	240		
0x467880	80		
0x4678D0	48		
0x467900	64		
0x467940	496		
0x467B30	432		
0x467CE0	240		
0x467DD0	160		
0x467E70	80		
0x467EC0	208		
0x467F90	288		
0x4680B0	1040		
0x4684C0	1056		you got an artifact!
0x4688E0	496		
0x468AD0	368		
0x468C40	304		
0x468D70	304		
0x468EA0	32		
0x468EC0	32		
0x468EE0	64		
0x468F20	128		
0x468FA0	208		
0x469070	112		
0x4690E0	192		
0x4691A0	464		
0x469370	32		
0x469390	336		
0x4694E0	384		
0x469660	336		
0x4697B0	304		
0x4698E0	32		
0x469900	64		
0x469940	112		
0x4699B0	96		
0x469A10	352		
0x469B70	192		
0x469C30	192		
0x469CF0	592		
0x469F40	144		
0x469FD0	96		
0x46A030	256		
0x46A130	112		
0x46A1A0	640		
0x46A420	208	GameSpeakReceiver::vfunc0	
0x46A4F0	192	GameSpeakReceiver::vfunc1	
0x46A5B0	192		
0x46A670	128		
0x46A6F0	144		
0x46A780	336		
0x46A8D0	384	HealthMixinImpl::vfunc1	
0x46AA50	208		
0x46AB20	496		
0x46AD10	368	PlayerImpl::vfunc30	
0x46AE80	224		
0x46AF60	416	PlayerImpl::vfunc13	
0x46B100	96	HealthMixinSimple::vfunc1	
0x46B160	608		.\GOComponents\HealthMixin.cpp
0x46B3C0	128		
0x46B440	160		
0x46B4E0	224		
0x46B5C0	80		
0x46B610	128		
0x46B690	240		
0x46B780	160		
0x46B820	272		
0x46B930	352		
0x46BA90	208		
0x46BB60	464		
0x46BD30	352	SimpleAnimMixin::vfunc5	
0x46BE90	80		center
0x46BEE0	1632		
0x46C540	64		
0x46C580	160		
0x46C620	144		
0x46C6B0	176		
0x46C760	96		
0x46C7C0	1168		Misunderstood animation type | .\GOComponents\SimpleAnimMixin.cpp
0x46CC50	288		
0x46CD70	672		
0x46D010	112		
0x46D080	432		
0x46D230	816		
0x46D560	256		
0x46D660	320		
0x46D7A0	96		
0x46D800	144		
0x46D890	64		
0x46D8D0	144		
0x46D960	176		
0x46DA10	352	SimplePhysicalGO::vfunc5	
0x46DB70	80		
0x46DBC0	48		
0x46DBF0	144		
0x46DC80	1616		
0x46E2D0	368		
0x46E440	144		
0x46E4D0	64		
0x46E510	64		
0x46E550	192		
0x46E610	80		
0x46E660	112		
0x46E6D0	144		
0x46E760	208		
0x46E830	368		
0x46E9A0	368		
0x46EB10	128		
0x46EB90	768		
0x46EE90	96		
0x46EEF0	64		
0x46EF30	192		
0x46EFF0	80		
0x46F040	224		
0x46F120	1184		
0x46F5C0	128		
0x46F640	128		
0x46F6C0	48		
0x46F6F0	128		
0x46F770	208		
0x46F840	160		
0x46F8E0	304		
0x46FA10	720	SphereSetPhysicalGO::vfunc1	
0x46FCE0	272		
0x46FDF0	112		
0x46FE60	416		
0x470000	368	AnimatedDamagerInstance::vfunc45	
0x470170	176		
0x470220	112		
0x470290	336		
0x4703E0	304		
0x470510	224		
0x4705F0	160		
0x470690	160		
0x470730	288		
0x470850	304	AnimatedInstance::vfunc45	
0x470980	160		
0x470A20	160		
0x470AC0	736		
0x470DA0	320		
0x470EE0	272		
0x470FF0	224		
0x4710D0	160		
0x471170	144		
0x471200	64		
0x471240	80		
0x471290	96		
0x4712F0	64		
0x471330	128		
0x4713B0	128		
0x471430	64		
0x471470	208		
0x471540	464		
0x471710	848		
0x471A60	224		
0x471B40	736		
0x471E20	240		
0x471F10	384		set_assignment_count | %d, %s, %f, %f, %d, %d, %d, %d, %d | set_assignment_info
0x472090	704		redeem_anim.start_redeem_info | %d, %ls, %d, %d, %f | redeem_anim.set_redeem_info
0x472350	208		
0x472420	96		
0x472480	176		
0x472530	48		
0x472560	80		
0x4725B0	80		
0x472600	80		
0x472650	128		
0x4726D0	112		
0x472740	368		
0x4728B0	208		
0x472980	320		
0x472AC0	80		
0x472B10	288		
0x472C30	160		
0x472CD0	80		
0x472D20	96		
0x472D80	304		
0x472EB0	112		
0x472F20	112		
0x472F90	32		
0x472FB0	96		
0x473010	144		
0x4730A0	96		
0x473100	528		
0x473310	96		
0x473370	128		
0x4733F0	1360		
0x473940	2112		
0x474180	880		
0x4744F0	368		
0x474660	144		
0x4746F0	320		
0x474830	96		
0x474890	80		
0x4748E0	304		
0x474A10	288		
0x474B30	64		
0x474B70	32		
0x474B90	304		
0x474CC0	432		
0x474E70	128		
0x474EF0	368		
0x475060	208		
0x475130	288		
0x475250	1040	CombatLocation::vfunc17	
0x475660	384		
0x4757E0	320		
0x475920	400		
0x475AB0	336		
0x475C00	288		
0x475D20	368		
0x475E90	48		
0x475EC0	160		
0x475F60	256		
0x476060	96		
0x4760C0	224		
0x4761A0	160		
0x476240	544		
0x476460	704		
0x476720	112		
0x476790	112		
0x476800	80		
0x476850	80		
0x4768A0	80		
0x4768F0	80		
0x476940	112		
0x4769B0	80		
0x476A00	112		
0x476A70	48		
0x476AA0	48		
0x476AD0	96		
0x476B30	400		
0x476CC0	96		
0x476D20	80		
0x476D70	464		
0x476F40	128		
0x476FC0	336		
0x477110	64		
0x477150	96		
0x4771B0	592		
0x477400	176		
0x4774B0	112		
0x477520	272		
0x477630	240		
0x477720	1024		
0x477B20	400		
0x477CB0	1328	DestructablePrefs::vfunc20	
0x4781E0	112		
0x478250	256		
0x478350	240		
0x478440	112		
0x4784B0	400		
0x478640	48		
0x478670	64		
0x4786B0	1056		
0x478AD0	1248		
0x478FB0	256		
0x4790B0	864		
0x479410	128		
0x479490	64		
0x4794D0	176		
0x479580	128		
0x479600	688		
0x4798B0	176		
0x479960	432	DestructableInstance::vfunc5	
0x479B10	80		
0x479B60	656		
0x479DF0	432	SimpleAnimatedDestructableInstance::vfunc17	
0x479FA0	368		
0x47A110	144		
0x47A1A0	80		
0x47A1F0	304		
0x47A320	32		
0x47A340	176		
0x47A3F0	256		
0x47A4F0	672		
0x47A790	624		
0x47AA00	400		
0x47AB90	160		
0x47AC30	240		
0x47AD20	112		
0x47AD90	208		
0x47AE60	576		
0x47B0A0	208	Explosive::vfunc23	
0x47B170	208		
0x47B240	96		
0x47B2A0	368		
0x47B410	304		
0x47B540	32		
0x47B560	176		
0x47B610	352		
0x47B770	512		
0x47B970	416		
0x47BB10	128		
0x47BB90	1280	MechanicalPrefs::vfunc20	
0x47C090	160		
0x47C130	256		
0x47C230	192		
0x47C2F0	80		
0x47C340	208		
0x47C410	736		
0x47C6F0	176		
0x47C7A0	160		
0x47C840	192	Mechanical::vfunc5	
0x47C900	32		
0x47C920	32		
0x47C940	1344		.\GOConcrete\Mechanical.cpp
0x47CE80	80		
0x47CED0	80		
0x47CF20	960		
0x47D2E0	176		
0x47D390	192		
0x47D450	432	Mechanical::vfunc27	
0x47D600	400		
0x47D790	160		
0x47D830	304		
0x47D960	80		
0x47D9B0	128	Mechanical::vfunc51	
0x47DA30	384		
0x47DBB0	304		
0x47DCE0	32		
0x47DD00	240		
0x47DDF0	224		
0x47DED0	224		
0x47DFB0	320		
0x47E0F0	480	MechDoor::vfunc17	
0x47E2D0	64		
0x47E310	208		
0x47E3E0	336		
0x47E530	608		
0x47E790	1232		weapnode_ranged_wpn1
0x47EC60	1456	MechTurret::vfunc17	
0x47F210	48		
0x47F240	320		
0x47F380	416		
0x47F520	960		
0x47F8E0	176	MechTurret::vfunc39	
0x47F990	160		
0x47FA30	560		
0x47FC60	80		
0x47FCB0	96		
0x47FD10	784		
0x480020	288		
0x480140	816		
0x480470	608		
0x4806D0	864		
0x480A30	480		
0x480C10	48		
0x480C40	48		
0x480C70	1568		
0x481290	112		
0x481300	96		
0x481360	256		
0x481460	112		
0x4814D0	128		
0x481550	112		
0x4815C0	80		
0x481610	80		
0x481660	64		
0x4816A0	64		
0x4816E0	256		
0x4817E0	80		
0x481830	192		
0x4818F0	320		
0x481A30	144		
0x481AC0	384		
0x481C40	128		
0x481CC0	128		
0x481D40	336		
0x481E90	176		
0x481F40	176		
0x481FF0	256		
0x4820F0	528		
0x482300	288		
0x482420	256		
0x482520	144		
0x4825B0	144		
0x482640	96		
0x4826A0	144		
0x482730	96		
0x482790	768	NamedLocation::vfunc5	
0x482A90	304	RegroupSpot::vfunc45	
0x482BC0	160		
0x482C60	192		
0x482D20	928		
0x4830C0	608	PhysicalCollectable::vfunc53	
0x483320	128		
0x4833A0	1088	PhysicalCollectable::vfunc17	
0x4837E0	288		
0x483900	224		
0x4839E0	160		
0x483A80	240		
0x483B70	560	RegroupSpot::vfunc49	
0x483DA0	160		
0x483E40	80		
0x483E90	960	RegroupSpot::vfunc17	
0x484250	64		
0x484290	32		
0x4842B0	176		
0x484360	256		
0x484460	112		
0x4844D0	416		
0x484670	1696	SimpleActivatable::vfunc27	
0x484D10	96		
0x484D70	224		
0x484E50	32		
0x484E70	144		
0x484F00	832		
0x485240	704	StaticCollectable::vfunc1	 SHOULD NOT TICK !!  | .\GOConcrete\StaticCollectable.cpp
0x485500	176		
0x4855B0	720		
0x485880	768		
0x485B80	800		
0x485EA0	336		
0x485FF0	128		
0x486070	64	StorePrefs::vfunc20	
0x4860B0	416		
0x486250	128		
0x4862D0	432		
0x486480	224		
0x486560	288		
0x486680	1808		
0x486D90	832		your_moolah | set_buy_item_count | %d, %s, %d, %d, %d, %d
0x4870D0	1472		get_current_category | get_current_item
0x487690	176		
0x487740	112		
0x4877B0	496		
0x4879A0	128		
0x487A20	368		
0x487B90	240		
0x487C80	512		
0x487E80	192		
0x487F40	224		
0x488020	192		
0x4880E0	304		
0x488210	768		
0x488510	80		
0x488560	368		
0x4886D0	192		
0x488790	256		
0x488890	128		
0x488910	320		
0x488A50	96		
0x488AB0	64		
0x488AF0	80		
0x488B40	112		
0x488BB0	304		
0x488CE0	176		
0x488D90	64		
0x488DD0	32		
0x488DF0	18		
0x488E02	126		
0x488E80	80		
0x488ED0	64		
0x488F10	288		
0x489030	422	TownPanicPrefs::vfunc20	
0x4891D6	74		
0x489220	256		
0x489320	272		
0x489430	448		
0x4895F0	384	TownPanicController::vfunc8	
0x489770	320		
0x4898B0	192		
0x489970	288		
0x489A90	112		
0x489B00	368		
0x489C70	240		
0x489D60	144		
0x489DF0	1200		
0x48A2A0	800		
0x48A5C0	384		
0x48A740	1120	TownPanicController::vfunc9	
0x48ABA0	160		
0x48AC40	112		
0x48ACB0	48		
0x48ACE0	80		
0x48AD30	368		
0x48AEA0	112		
0x48AF10	208		
0x48AFE0	128		
0x48B060	304		
0x48B190	240		
0x48B280	80		
0x48B2D0	96		
0x48B330	32		
0x48B350	80		
0x48B3A0	144		
0x48B430	64		
0x48B470	128		
0x48B4F0	96		
0x48B550	96		
0x48B5B0	64		
0x48B5F0	67		
0x48B633	45		
0x48B660	112		
0x48B6D0	176		
0x48B780	144		
0x48B810	160		
0x48B8B0	96		
0x48B910	704	Wavefront::vfunc5	
0x48BBD0	912		
0x48BF60	256		
0x48C060	816	WavefrontExplosiveExplosion::vfunc7	
0x48C390	112		
0x48C400	240		
0x48C4F0	304		
0x48C620	112		
0x48C690	192		
0x48C750	64		
0x48C790	240		
0x48C880	64		
0x48C8C0	336		
0x48CA10	96		
0x48CA70	96		
0x48CAD0	112		
0x48CB40	336		
0x48CC90	144		
0x48CD20	147		
0x48CDB3	205		
0x48CE80	112		
0x48CEF0	128		
0x48CF70	320		
0x48D0B0	160		
0x48D150	176		
0x48D200	240		
0x48D2F0	208		
0x48D3C0	64		
0x48D400	48		
0x48D430	240		
0x48D520	160		
0x48D5C0	128		
0x48D640	224		
0x48D720	192		
0x48D7E0	352		
0x48D940	304		
0x48DA70	416		
0x48DC10	320		
0x48DD50	608		
0x48DFB0	2752		.\GOConcrete\Weapons\Bolt.cpp
0x48EA70	160		
0x48EB10	192		
0x48EBD0	192		
0x48EC90	64		
0x48ECD0	416		
0x48EE70	352		
0x48EFD0	768		
0x48F2D0	112		
0x48F340	16		
0x48F350	80		
0x48F3A0	128		
0x48F420	112		
0x48F490	112		
0x48F500	144		
0x48F590	1952		
0x48FD30	112		
0x48FDA0	64		
0x48FDE0	80		
0x48FE30	160		
0x48FED0	368		
0x490040	384		
0x4901C0	96		
0x490220	432		
0x4903D0	480		
0x4905B0	160		
0x490650	112		
0x4906C0	176		
0x490770	432		
0x490920	608		
0x490B80	464		
0x490D50	400		
0x490EE0	96		
0x490F40	96		
0x490FA0	112		
0x491010	272		
0x491120	96		
0x491180	2912	Bolt::vfunc17	
0x491CE0	256		
0x491DE0	48		
0x491E10	64		
0x491E50	48		
0x491E80	48		
0x491EB0	80		
0x491F00	64		
0x491F40	112		
0x491FB0	304		
0x4920E0	224		
0x4921C0	64		
0x492200	144		
0x492290	80		
0x4922E0	96		
0x492340	1776		
0x492A30	544		
0x492C50	240		
0x492D40	368		
0x492EB0	112		
0x492F20	80		
0x492F70	240		
0x493060	208		
0x493130	144		
0x4931C0	3024		
0x493D90	336		
0x493EE0	864		spn2
0x494240	688		
0x4944F0	912		
0x494880	576		
0x494AC0	96		
0x494B20	480		
0x494D00	208		
0x494DD0	752		
0x4950C0	384		
0x495240	112		
0x4952B0	96		
0x495310	80		
0x495360	224		
0x495440	80		
0x495490	80		
0x4954E0	80		
0x495530	592		
0x495780	176		
0x495830	128		
0x4958B0	192		
0x495970	128		
0x4959F0	128		
0x495A70	128		
0x495AF0	144		
0x495B80	112		
0x495BF0	144		
0x495C80	176		
0x495D30	160		
0x495DD0	160		
0x495E70	64		
0x495EB0	80		
0x495F00	80		
0x495F50	96		
0x495FB0	96		
0x496010	77		
0x49605D	19		
0x496070	128		
0x4960F0	128		
0x496170	144		
0x496200	96		
0x496260	784		
0x496570	464		
0x496740	128		
0x4967C0	384		
0x496940	112		
0x4969B0	240		
0x496AA0	96		
0x496B00	282		
0x496C1A	22		
0x496C30	896		
0x496FB0	992		
0x497390	80		
0x4973E0	176		
0x497490	496		
0x497680	96		
0x4976E0	480		
0x4978C0	528		
0x497AD0	112		
0x497B40	80		
0x497B90	144		
0x497C20	96		
0x497C80	144		
0x497D10	272		
0x497E20	208		
0x497EF0	1968		
0x4986A0	144		
0x498730	400		
0x4988C0	80		
0x498910	416		
0x498AB0	80		
0x498B00	1136		
0x498F70	608		
0x4991D0	48		
0x499200	1264		
0x4996F0	2976	Bolt::vfunc53	
0x49A290	176		
0x49A340	2848		
0x49AE60	176		
0x49AF10	160		
0x49AFB0	156		
0x49B04C	84		
0x49B0A0	48		
0x49B0D0	144		
0x49B160	128		
0x49B1E0	192		
0x49B2A0	7728		/data/prefs/artifacts/damagebeegun.txt | /data/prefs/Artifacts/damagebeegunextendersmall.txt | /data/prefs/Artifacts/damagebeegun.txt
0x49D0D0	48		
0x49D100	624		
0x49D370	272		
0x49D480	80		
0x49D4D0	64		
0x49D510	80		
0x49D560	32		
0x49D580	96		
0x49D5E0	192		
0x49D6A0	1680		
0x49DD30	128		
0x49DDB0	720		
0x49E080	256		
0x49E180	160		
0x49E220	208		
0x49E2F0	272	BoltPrefs::vfunc15	
0x49E400	3024	BoltEffectPrefs::vfunc20	
0x49EFD0	752		
0x49F2C0	112		
0x49F330	112		
0x49F3A0	192		
0x49F460	528		
0x49F670	800	BoltPrefs::vfunc20	
0x49F990	48		
0x49F9C0	320		.\GOConcrete\Weapons\BoltPrefs.cpp
0x49FB00	80		
0x49FB50	96		
0x49FBB0	464		
0x49FD80	112		
0x49FDF0	320		
0x49FF30	176		
0x49FFE0	96		
0x4A0040	1184	NPCWeaponPrefs::vfunc33	
0x4A04E0	672		
0x4A0780	160		
0x4A0820	1632	PlayerBoltPrefs::vfunc20	
0x4A0E80	32		
0x4A0EA0	192		
0x4A0F60	80		
0x4A0FB0	336		
0x4A1100	336	BoltTrapPrefs::vfunc20	
0x4A1250	96		
0x4A12B0	96		
0x4A1310	96		
0x4A1370	96		
0x4A13D0	80		
0x4A1420	112		
0x4A1490	64		
0x4A14D0	64		
0x4A1510	336		
0x4A1660	64		
0x4A16A0	80		
0x4A16F0	240		
0x4A17E0	64		
0x4A1820	384		
0x4A19A0	384		
0x4A1B20	384		
0x4A1CA0	384		
0x4A1E20	384		
0x4A1FA0	368		
0x4A2110	384		
0x4A2290	368		
0x4A2400	368		
0x4A2570	64		
0x4A25B0	320		
0x4A26F0	320		
0x4A2830	80		
0x4A2880	128		
0x4A2900	128		
0x4A2980	32		
0x4A29A0	304		
0x4A2AD0	304		
0x4A2C00	304		
0x4A2D30	304		
0x4A2E60	304		
0x4A2F90	304		
0x4A30C0	304		
0x4A31F0	304		
0x4A3320	304		
0x4A3450	240		
0x4A3540	208		
0x4A3610	128		
0x4A3690	112		
0x4A3700	80		
0x4A3750	112		
0x4A37C0	64		
0x4A3800	32		
0x4A3820	32		
0x4A3840	32		
0x4A3860	32		
0x4A3880	32		
0x4A38A0	32		
0x4A38C0	32		
0x4A38E0	32		
0x4A3900	32		
0x4A3920	64		
0x4A3960	64		
0x4A39A0	64		
0x4A39E0	64		
0x4A3A20	64		
0x4A3A60	64		
0x4A3AA0	64		
0x4A3AE0	64		
0x4A3B20	64		
0x4A3B60	224		
0x4A3C40	448		
0x4A3E00	128		
0x4A3E80	208		
0x4A3F50	96		
0x4A3FB0	256		
0x4A40B0	160		
0x4A4150	192		
0x4A4210	544		
0x4A4430	336		
0x4A4580	192		
0x4A4640	128		
0x4A46C0	64		
0x4A4700	288		
0x4A4820	64		
0x4A4860	80		
0x4A48B0	112		
0x4A4920	144		
0x4A49B0	496		
0x4A4BA0	48		
0x4A4BD0	80		
0x4A4C20	112		
0x4A4C90	96		
0x4A4CF0	128		
0x4A4D70	160		
0x4A4E10	384	GOWeapon::vfunc5	
0x4A4F90	416		
0x4A5130	208	SektoWeapon::vfunc9	
0x4A5200	256		.\GOConcrete\Weapons\GOWeapon.cpp
0x4A5300	240	NPCWeapon::vfunc7	
0x4A53F0	160	NPCWeapon::vfunc14	
0x4A5490	272		
0x4A55A0	64		
0x4A55E0	96		
0x4A5640	128	SektoWeapon::vfunc12	
0x4A56C0	176		
0x4A5770	320	NPCWeapon::vfunc10	
0x4A58B0	48		
0x4A58E0	96		
0x4A5940	64		
0x4A5980	240		
0x4A5A70	368		
0x4A5BE0	128		
0x4A5C60	560		
0x4A5E90	240		
0x4A5F80	80		
0x4A5FD0	112		
0x4A6040	528		
0x4A6250	160		
0x4A62F0	160		
0x4A6390	144		
0x4A6420	80		
0x4A6470	528		Unknown spread | .\GOConcrete\Weapons\Projectile.cpp
0x4A6680	448		
0x4A6840	1328		
0x4A6D70	128		
0x4A6DF0	720		
0x4A70C0	336		
0x4A7210	128		
0x4A7290	288		
0x4A73B0	160		
0x4A7450	176		
0x4A7500	128		
0x4A7580	272		
0x4A7690	128		
0x4A7710	144		
0x4A77A0	64		
0x4A77E0	80		
0x4A7830	144		
0x4A78C0	352		
0x4A7A20	144		
0x4A7AB0	112		
0x4A7B20	480		
0x4A7D00	112		
0x4A7D70	128		
0x4A7DF0	176		
0x4A7EA0	144		
0x4A7F30	160		
0x4A7FD0	96		
0x4A8030	80		
0x4A8080	240		
0x4A8170	608		
0x4A83D0	416		
0x4A8570	1152		
0x4A89F0	144		
0x4A8A80	96		
0x4A8AE0	1584		
0x4A9110	16		
0x4A9120	208		
0x4A91F0	192		
0x4A92B0	176		
0x4A9360	144		
0x4A93F0	272		
0x4A9500	400		
0x4A9690	352		
0x4A97F0	128		
0x4A9870	192		
0x4A9930	96		
0x4A9990	2189		
0x4AA21D	1683		
0x4AA8B0	304		
0x4AA9E0	64		
0x4AAA20	80		
0x4AAA70	64		
0x4AAAB0	144		
0x4AAB40	336		
0x4AAC90	1104		
0x4AB0E0	2032		
0x4AB8D0	64		
0x4AB910	272		
0x4ABA20	2160		
0x4AC290	80		
0x4AC2E0	12		
0x4AC2EC	420		
0x4AC490	64		
0x4AC4D0	80		
0x4AC520	192		
0x4AC5E0	80		
0x4AC630	144		
0x4AC6C0	48		
0x4AC6F0	192		
0x4AC7B0	432		
0x4AC960	432		
0x4ACB10	336		
0x4ACC60	288		
0x4ACD80	112		
0x4ACDF0	240		
0x4ACEE0	304		
0x4AD010	304		
0x4AD140	96		
0x4AD1A0	528		
0x4AD3B0	112		
0x4AD420	256		
0x4AD520	64		
0x4AD560	112		
0x4AD5D0	192		
0x4AD690	80		
0x4AD6E0	32		
0x4AD700	208		
0x4AD7D0	96		
0x4AD830	112		
0x4AD8A0	432		
0x4ADA50	96		
0x4ADAB0	192		
0x4ADB70	112		
0x4ADBE0	128		
0x4ADC60	224		
0x4ADD40	240		
0x4ADE30	256		
0x4ADF30	192		
0x4ADFF0	320		
0x4AE130	304		
0x4AE260	320		
0x4AE3A0	496		
0x4AE590	192		
0x4AE650	384		
0x4AE7D0	1200		
0x4AEC80	96		
0x4AECE0	848		
0x4AF030	320		
0x4AF170	96		
0x4AF1D0	80		
0x4AF220	80		
0x4AF270	80		
0x4AF2C0	96		
0x4AF320	576		
0x4AF560	64		
0x4AF5A0	128		
0x4AF620	64		
0x4AF660	176		
0x4AF710	192		
0x4AF7D0	1216		.\GOConcrete\Weapons\Target.cpp
0x4AFC90	224		
0x4AFD70	80		
0x4AFDC0	176		
0x4AFE70	112		
0x4AFEE0	208		
0x4AFFB0	64		
0x4AFFF0	144		
0x4B0080	48		
0x4B00B0	96		
0x4B0110	160		
0x4B01B0	80		
0x4B0200	112		
0x4B0270	64		
0x4B02B0	112		
0x4B0320	128		
0x4B03A0	96		
0x4B0400	80		
0x4B0450	80		
0x4B04A0	80		
0x4B04F0	144		
0x4B0580	64		
0x4B05C0	112		
0x4B0630	240		
0x4B0720	736		
0x4B0A00	1952		
0x4B11A0	112		
0x4B1210	208		
0x4B12E0	800		
0x4B1600	480		
0x4B17E0	448		
0x4B19A0	592		
0x4B1BF0	2192	Weapon::vfunc5	
0x4B2480	96		\data\textures\weapons\reticleOutOfRangeL.tga
0x4B24E0	1696		\data\textures\weapons\crossbow\ammoCounter_masked.tga
0x4B2B80	256		
0x4B2C80	336		
0x4B2DD0	80		
0x4B2E20	80		
0x4B2E70	80		
0x4B2EC0	112		
0x4B2F30	320		
0x4B3070	624		SnapIn Collide tests: %d, avg length: %2.3f, totalLength: %2.3f
0x4B32E0	368		
0x4B3450	720		
0x4B3720	464		
0x4B38F0	32		
0x4B3910	112		
0x4B3980	80		
0x4B39D0	704		
0x4B3C90	64		
0x4B3CD0	169		
0x4B3D79	247		
0x4B3E70	448		
0x4B4030	64		
0x4B4070	211		
0x4B4143	1960		
0x4B48EB	78		
0x4B4939	39		
0x4B4960	64		
0x4B49A0	29		
0x4B49BD	51		
0x4B49F0	37		
0x4B4A15	91		
0x4B4A70	63		
0x4B4AAF	184		
0x4B4B67	57		
0x4B4BA0	96		
0x4B4C00	224		
0x4B4CE0	33		
0x4B4D01	95		
0x4B4D60	119		
0x4B4DD7	233		
0x4B4EC0	36		
0x4B4EE4	60		
0x4B4F20	93		
0x4B4F7D	47		
0x4B4FAC	84		
0x4B5000	60		
0x4B503C	166		
0x4B50E2	272		
0x4B51F2	471		
0x4B53C9	567		
0x4B5600	256		
0x4B5700	128		
0x4B5780	48		
0x4B57B0	160		
0x4B5850	112		
0x4B58C0	80		
0x4B5910	112		
0x4B5980	29		
0x4B599D	147		
0x4B5A30	320		
0x4B5B70	275		
0x4B5C83	136		
0x4B5D0B	19		
0x4B5D1E	36		
0x4B5D42	49		
0x4B5D73	85		
0x4B5DC8	168		
0x4B5E70	800		
0x4B6190	32		
0x4B61B0	80		
0x4B6200	64		
0x4B6240	37		
0x4B6265	27		
0x4B6280	32		
0x4B62A0	32		
0x4B62C0	224		
0x4B63A0	37		
0x4B63C5	43		
0x4B63F0	39		
0x4B6417	161		
0x4B64B8	152		
0x4B6550	208		
0x4B6620	1744		
0x4B6CF0	624		
0x4B6F60	512		
0x4B7160	272		
0x4B7270	272		
0x4B7380	112		
0x4B73F0	148		
0x4B7484	83		
0x4B74D7	201		
0x4B75A0	384		
0x4B7720	1648		
0x4B7D90	176		
0x4B7E40	2144		
0x4B86A0	112		
0x4B8710	496		
0x4B8900	1136		
0x4B8D70	272		
0x4B8E80	144		
0x4B8F10	192		
0x4B8FD0	128		
0x4B9050	96		
0x4B90B0	112		
0x4B9120	45		
0x4B914D	163		
0x4B91F0	320		
0x4B9330	272		
0x4B9440	576		
0x4B9680	240		
0x4B9770	480		
0x4B9950	528		
0x4B9B60	544		
0x4B9D80	80		
0x4B9DD0	96		
0x4B9E30	192		
0x4B9EF0	80		
0x4B9F40	80		
0x4B9F90	80		
0x4B9FE0	80		
0x4BA030	64		
0x4BA070	64		
0x4BA0B0	32		
0x4BA0D0	384		
0x4BA250	208		
0x4BA320	208		
0x4BA3F0	160		
0x4BA490	160		
0x4BA530	176		
0x4BA5E0	96		
0x4BA640	384		
0x4BA7C0	112		
0x4BA830	64		
0x4BA870	64		
0x4BA8B0	320		
0x4BA9F0	96		
0x4BAA50	80		
0x4BAAA0	304		
0x4BABD0	304		
0x4BAD00	144		
0x4BAD90	112		
0x4BAE00	32		
0x4BAE20	32		
0x4BAE40	208		
0x4BAF10	384		
0x4BB090	304		
0x4BB1C0	64		
0x4BB200	64		
0x4BB240	304		
0x4BB370	80		
0x4BB3C0	208		
0x4BB490	80		
0x4BB4E0	288		
0x4BB600	288		
0x4BB720	80		
0x4BB770	80		
0x4BB7C0	112		
0x4BB830	432		
0x4BB9E0	1280	WAImpl::vfunc5	
0x4BBEE0	560		
0x4BC110	240		
0x4BC200	1504		
0x4BC7E0	160		
0x4BC880	368		
0x4BC9F0	2851		
0x4BD513	77		
0x4BD560	446		
0x4BD71E	178		
0x4BD7D0	368	WAImpl::vfunc21	
0x4BD940	752		
0x4BDC30	320		
0x4BDD70	256		
0x4BDE70	1568		\data\geometry\attachments\bountyCan_1stperson.geo
0x4BE490	166	WAImpl::vfunc10	
0x4BE536	191		
0x4BE5F5	651		
0x4BE880	64		
0x4BE8C0	736	WAImpl::vfunc24	
0x4BEBA0	96	WAImpl::vfunc17	
0x4BEC00	80		
0x4BEC50	1040		
0x4BF060	176		
0x4BF110	160		
0x4BF1B0	96		
0x4BF210	144		
0x4BF2A0	64		
0x4BF2E0	144		
0x4BF370	288		
0x4BF490	992		
0x4BF870	288		
0x4BF990	14		
0x4BF99E	50		
0x4BF9D0	368		
0x4BFB40	96		
0x4BFBA0	128		
0x4BFC20	14		
0x4BFC2E	113		
0x4BFC9F	136		
0x4BFD27	73		
0x4BFD70	544		
0x4BFF90	192		
0x4C0050	786		
0x4C0362	192		
0x4C0422	270		
0x4C0530	98		
0x4C0592	622		.\GOConcrete\Weapons\WeaponSubAction.cpp
0x4C0800	128		
0x4C0880	14		
0x4C088E	98		
0x4C08F0	14		
0x4C08FE	98		
0x4C0960	80		
0x4C09B0	160		
0x4C0A50	144		
0x4C0AE0	176		
0x4C0B90	304		
0x4C0CC0	43		
0x4C0CEB	69		
0x4C0D30	48		
0x4C0D60	43		
0x4C0D8B	67		
0x4C0DCE	50		
0x4C0E00	38		
0x4C0E26	59		
0x4C0E61	47		
0x4C0E90	61		
0x4C0ECD	116		
0x4C0F41	63		
0x4C0F80	20		
0x4C0F94	75		
0x4C0FDF	65		
0x4C1020	42		
0x4C104A	91		
0x4C10A5	59		
0x4C10E0	96		
0x4C1140	128		
0x4C11C0	96		
0x4C1220	160		
0x4C12C0	160		
0x4C1360	224		
0x4C1440	240		
0x4C1530	176		
0x4C15E0	128		
0x4C1660	96		
0x4C16C0	224		
0x4C17A0	208		
0x4C1870	272		
0x4C1980	304		
0x4C1AB0	48		
0x4C1AE0	192		
0x4C1BA0	80		
0x4C1BF0	352		
0x4C1D50	112		
0x4C1DC0	160		
0x4C1E60	496		
0x4C2050	304		
0x4C2180	80		
0x4C21D0	320		
0x4C2310	64		
0x4C2350	2256		
0x4C2C20	1728		
0x4C32E0	1408		
0x4C3860	224		
0x4C3940	1056		
0x4C3D60	1616		
0x4C43B0	240		
0x4C44A0	416		
0x4C4640	144		
0x4C46D0	3664		
0x4C5520	608		
0x4C5780	352		
0x4C58E0	176		
0x4C5990	64		
0x4C59D0	224		
0x4C5AB0	496		
0x4C5CA0	128		
0x4C5D20	32		
0x4C5D40	960		
0x4C6100	144		
0x4C6190	1984		
0x4C6950	416		
0x4C6AF0	272		
0x4C6C00	400		
0x4C6D90	896		
0x4C7110	384		
0x4C7290	544	GloktigiMelee::vfunc7	
0x4C74B0	544		
0x4C76D0	1248		
0x4C7BB0	368		
0x4C7D20	304		
0x4C7E50	320		
0x4C7F90	144		
0x4C8020	176		
0x4C80D0	608		
0x4C8330	128	GloktigiMelee::vfunc14	
0x4C83B0	96	GloktigiMelee::vfunc20	
0x4C8410	144		
0x4C84A0	176		
0x4C8550	272		
0x4C8660	96		
0x4C86C0	208	GloktigiRanged::vfunc14	
0x4C8790	320	GloktigiRanged::vfunc15	
0x4C88D0	80		
0x4C8920	656		
0x4C8BB0	19		
0x4C8BC3	176		
0x4C8C73	1021		
0x4C9070	240		
0x4C9160	384		
0x4C92E0	112		
0x4C9350	400		
0x4C94E0	528	NPCBomberBomb::vfunc7	.\GOConcrete\Weapons\NPC\NPCBomberBomb.cpp
0x4C96F0	496		
0x4C98E0	288	NPCBomberBomb::vfunc12	
0x4C9A00	192	NPCBomberBomb::vfunc14	
0x4C9AC0	176	NPCBomberBomb::vfunc15	
0x4C9B70	144		
0x4C9C00	592	NPCBomberBomb::vfunc10	
0x4C9E50	160		
0x4C9EF0	384		
0x4CA070	299	NPCClub::vfunc20	
0x4CA19B	1605		
0x4CA7E0	688		
0x4CAA90	176		
0x4CAB40	128	NPCFirearm::vfunc5	
0x4CABC0	624	NPCFirearm::vfunc20	
0x4CAE30	32		
0x4CAE50	192		
0x4CAF10	208		
0x4CAFE0	1568		
0x4CB600	1728	NPCJump::vfunc40	
0x4CBCC0	176		
0x4CBD70	288		
0x4CBE90	992	ShockPrefs::vfunc20	
0x4CC270	288		
0x4CC390	192		
0x4CC450	736		
0x4CC730	160		
0x4CC7D0	704		LTesla_Bot | LTesla_Top | RTesla_Bot
0x4CCA90	160		
0x4CCB30	176		
0x4CCBE0	704		
0x4CCEA0	112		
0x4CCF10	144	NPCShock::vfunc7	
0x4CCFA0	208		
0x4CD070	256		
0x4CD170	192		
0x4CD230	256		
0x4CD330	576		
0x4CD570	448		
0x4CD730	64		
0x4CD770	48		
0x4CD7A0	1008		
0x4CDB90	320		
0x4CDCD0	144		
0x4CDD60	80	NPCShock::vfunc10	
0x4CDDB0	192	NPCShock::vfunc29	
0x4CDE70	112		
0x4CDEE0	96		
0x4CDF40	140		
0x4CDFCC	52		
0x4CE000	336		
0x4CE150	1952		
0x4CE8F0	720		
0x4CEBC0	160		
0x4CEC60	192		
0x4CED20	80		
0x4CED70	128		
0x4CEDF0	144		
0x4CEE80	80		
0x4CEED0	80		
0x4CEF20	128		
0x4CEFA0	192		
0x4CF060	368		
0x4CF1D0	112		
0x4CF240	112		
0x4CF2B0	272		
0x4CF3C0	320		
0x4CF500	128		
0x4CF580	144		
0x4CF610	181		
0x4CF6C5	123		
0x4CF740	80		
0x4CF790	144		
0x4CF820	128		
0x4CF8A0	96		
0x4CF900	32		
0x4CF920	256		
0x4CFA20	160		
0x4CFAC0	144		
0x4CFB50	272		
0x4CFC60	1776		
0x4D0350	80		
0x4D03A0	80	NPCWeapon::vfunc5	
0x4D03F0	976		Firearm | Shock | Sekto
0x4D07C0	32	SektoWeapon::vfunc31	
0x4D07E0	80		
0x4D0830	272		
0x4D0940	848		
0x4D0C90	144		
0x4D0D20	864		
0x4D1080	96		
0x4D10E0	1840		
0x4D1810	80		
0x4D1860	368		
0x4D19D0	304		
0x4D1B00	304		Weapon pool NPC can't go away because of dangling refs! | .\GOConcrete\Weapons\NPC\NPCWeaponPools.cpp
0x4D1C30	224		
0x4D1D10	384		
0x4D1E90	208		
0x4D1F60	160		
0x4D2000	317	NPCWeaponPrefs::vfunc20	
0x4D213D	851		
0x4D2490	432		
0x4D2640	384		
0x4D27C0	320		
0x4D2900	240		
0x4D29F0	496		
0x4D2BE0	272		
0x4D2CF0	288		
0x4D2E10	160		
0x4D2EB0	624		
0x4D3120	512		LeftRing | TopRing | RightRing
0x4D3320	592		
0x4D3570	112		
0x4D35E0	64		
0x4D3620	64		
0x4D3660	192		
0x4D3720	160		
0x4D37C0	720		
0x4D3A90	80		
0x4D3AE0	544		
0x4D3D00	592		
0x4D3F50	80	SektoWeapon::vfunc10	
0x4D3FA0	448	SektoWeapon::vfunc39	
0x4D4160	368		
0x4D42D0	368		
0x4D4440	128		
0x4D44C0	304		
0x4D45F0	304		
0x4D4720	32		
0x4D4740	32		
0x4D4760	64		
0x4D47A0	96		
0x4D4800	896		/data/geometry/characters/steefboat/steefboat.geo | /data/geometry/characters/steefboat/boatcover.geo
0x4D4B80	144		
0x4D4C10	160		
0x4D4CB0	32		
0x4D4CD0	96		
0x4D4D30	592		
0x4D4F80	416		
0x4D5120	800		
0x4D5440	192		
0x4D5500	240		
0x4D55F0	96		
0x4D5650	224		
0x4D5730	384		
0x4D58B0	928		
0x4D5C50	64		
0x4D5C90	80		
0x4D5CE0	288		
0x4D5E00	201		
0x4D5EC9	439		
0x4D6080	256		
0x4D6180	240		
0x4D6270	1136		
0x4D66E0	496		
0x4D68D0	160		
0x4D6970	320		
0x4D6AB0	1296		
0x4D6FC0	144		
0x4D7050	544		
0x4D7270	112		
0x4D72E0	224		
0x4D73C0	288		
0x4D74E0	160		grbL | bcpL | grbR
0x4D7580	192		
0x4D7640	336		
0x4D7790	752		
0x4D7A80	128		
0x4D7B00	256		
0x4D7C00	416		
0x4D7DA0	112		
0x4D7E10	352		
0x4D7F70	160	BoatImpl::vfunc93	
0x4D8010	512		
0x4D8210	224	BoatImpl::vfunc53	
0x4D82F0	1408		steefboat
0x4D8870	848	BoatImpl::vfunc17	
0x4D8BC0	1232		
0x4D9090	528		
0x4D92A0	784		
0x4D95B0	528	BoatImpl::vfunc83	
0x4D97C0	192		
0x4D9880	192	BoatImpl::vfunc57	
0x4D9940	1184	BoatImpl::vfunc56	
0x4D9DE0	848	BoatImpl::vfunc59	.\GOConcrete\Mechanics\Boat\BoatImpl.cpp
0x4DA130	112		
0x4DA1A0	336		
0x4DA2F0	368		
0x4DA460	880		
0x4DA7D0	1504	BoatImpl::vfunc79	npc_ | zonebundle
0x4DADB0	256	BoatImpl::vfunc88	
0x4DAEB0	96		
0x4DAF10	80		
0x4DAF60	80		
0x4DAFB0	64		
0x4DAFF0	128		
0x4DB070	208		
0x4DB140	880		
0x4DB4B0	528		
0x4DB6C0	400		
0x4DB850	1504		.\GOConcrete\Mechanics\Boat\BoatInput.cpp
0x4DBE30	336		
0x4DBF80	880		
0x4DC2F0	192		
0x4DC3B0	112		
0x4DC420	192		
0x4DC4E0	256		
0x4DC5E0	416		
0x4DC780	672		
0x4DCA20	160		
0x4DCAC0	80		
0x4DCB10	112		
0x4DCB80	176		
0x4DCC30	432		
0x4DCDE0	576		
0x4DD020	112		
0x4DD090	1136		
0x4DD500	128		
0x4DD580	80		
0x4DD5D0	80		
0x4DD620	544		
0x4DD840	128		
0x4DD8C0	112		
0x4DD930	112		
0x4DD9A0	64		
0x4DD9E0	80		
0x4DDA30	208		
0x4DDB00	64		
0x4DDB40	112		
0x4DDBB0	96		
0x4DDC10	144		
0x4DDCA0	96		
0x4DDD00	96		
0x4DDD60	816		
0x4DE090	320		
0x4DE1D0	848		
0x4DE520	96		
0x4DE580	32		
0x4DE5A0	32		
0x4DE5C0	80		
0x4DE610	160		
0x4DE6B0	704		Invalid SailorState! | .\GOConcrete\Mechanics\Boat\BoatPassengers.cpp
0x4DE970	128		
0x4DE9F0	128		
0x4DEA70	1184		
0x4DEF10	96		
0x4DEF70	608		
0x4DF1D0	96		
0x4DF230	346		
0x4DF38A	854		
0x4DF6E0	224		
0x4DF7C0	96		
0x4DF820	80		
0x4DF870	112		
0x4DF8E0	64		
0x4DF920	112		
0x4DF990	112		
0x4DFA00	608		
0x4DFC60	112		
0x4DFCD0	208		
0x4DFDA0	144		
0x4DFE30	496		
0x4E0020	496		
0x4E0210	1504		
0x4E07F0	542		
0x4E0A0E	6082		
0x4E21D0	3072		
0x4E2DD0	80		
0x4E2E20	80		
0x4E2E70	160		
0x4E2F10	224		
0x4E2FF0	208		
0x4E30C0	496		
0x4E32B0	208		
0x4E3380	400		
0x4E3510	112		
0x4E3580	176		
0x4E3630	448		
0x4E37F0	544		
0x4E3A10	352		
0x4E3B70	208		
0x4E3C40	592		
0x4E3E90	91		
0x4E3EEB	101		
0x4E3F50	272		
0x4E4060	304		
0x4E4190	240		
0x4E4280	368		
0x4E43F0	1008		
0x4E47E0	416		
0x4E4980	368		
0x4E4AF0	320		
0x4E4C30	304		
0x4E4D60	32		
0x4E4D80	64		
0x4E4DC0	304		
0x4E4EF0	112		
0x4E4F60	176		
0x4E5010	128		
0x4E5090	96		
0x4E50F0	352		
0x4E5250	48		
0x4E5280	96		
0x4E52E0	64		
0x4E5320	192		
0x4E53E0	208		
0x4E54B0	160		
0x4E5550	160		
0x4E55F0	480		
0x4E57D0	704		
0x4E5A90	80		
0x4E5AE0	208		
0x4E5BB0	336		
0x4E5D00	240		
0x4E5DF0	176		
0x4E5EA0	688		
0x4E6150	176	Alarm::vfunc17	
0x4E6200	208		
0x4E62D0	896		
0x4E6650	528		
0x4E6860	320		
0x4E69A0	336		
0x4E6AF0	544		
0x4E6D10	48		
0x4E6D40	144		
0x4E6DD0	96		
0x4E6E30	176		
0x4E6EE0	224		The player should not be asking if it can attack. | .\AI\AIUtil.cpp
0x4E6FC0	352		
0x4E7120	416		
0x4E72C0	480		
0x4E74A0	144		
0x4E7530	192		
0x4E75F0	192		
0x4E76B0	192		
0x4E7770	320		
0x4E78B0	128		
0x4E7930	176		
0x4E79E0	192		
0x4E7AA0	224		
0x4E7B80	160		
0x4E7C20	1216		
0x4E80E0	80		
0x4E8130	96		
0x4E8190	96		
0x4E81F0	80		
0x4E8240	80		
0x4E8290	80		
0x4E82E0	80		
0x4E8330	112		
0x4E83A0	80		
0x4E83F0	112		
0x4E8460	64		
0x4E84A0	48		
0x4E84D0	112		
0x4E8540	288		
0x4E8660	96		
0x4E86C0	80		
0x4E8710	80		
0x4E8760	128		
0x4E87E0	208		
0x4E88B0	192		
0x4E8970	112		
0x4E89E0	192		
0x4E8AA0	176		
0x4E8B50	128		
0x4E8BD0	176		
0x4E8C80	304		
0x4E8DB0	176		
0x4E8E60	176		
0x4E8F10	112		
0x4E8F80	752		
0x4E9270	368		
0x4E93E0	656		
0x4E9670	64		
0x4E96B0	80		
0x4E9700	208		
0x4E97D0	208		
0x4E98A0	144		
0x4E9930	80		
0x4E9980	128		
0x4E9A00	48		
0x4E9A30	320		
0x4E9B70	80		
0x4E9BC0	128		
0x4E9C40	64		
0x4E9C80	80		
0x4E9CD0	576		Should only be one at the moment. | .\AI\Dispatcher.cpp
0x4E9F10	544		Neither of these should be null | .\AI\Dispatcher.cpp
0x4EA130	336		.\AI\Dispatcher.cpp
0x4EA280	368		
0x4EA3F0	144		
0x4EA480	688		
0x4EA730	64		
0x4EA770	624		
0x4EA9E0	192		
0x4EAAA0	1136		
0x4EAF10	432		
0x4EB0C0	176		
0x4EB170	112		
0x4EB1E0	80		
0x4EB230	112		
0x4EB2A0	16		
0x4EB2B0	128		
0x4EB330	80		
0x4EB380	144		
0x4EB410	80		
0x4EB460	240		
0x4EB550	96		
0x4EB5B0	128		
0x4EB630	160		
0x4EB6D0	192		
0x4EB790	96		
0x4EB7F0	192		
0x4EB8B0	240		
0x4EB9A0	96		
0x4EBA00	96		
0x4EBA60	224		
0x4EBB40	160		
0x4EBBE0	256		
0x4EBCE0	144		
0x4EBD70	87		
0x4EBDC7	329		
0x4EBF10	192		
0x4EBFD0	304		
0x4EC100	64		
0x4EC140	192		
0x4EC200	128		
0x4EC280	176		
0x4EC330	224		
0x4EC410	160		
0x4EC4B0	864		
0x4EC810	80		
0x4EC860	96		
0x4EC8C0	80		
0x4EC910	208		
0x4EC9E0	80		
0x4ECA30	80		
0x4ECA80	80		
0x4ECAD0	80		
0x4ECB20	128		
0x4ECBA0	80		
0x4ECBF0	112		
0x4ECC60	48		
0x4ECC90	96		
0x4ECCF0	16		
0x4ECD00	288		
0x4ECE20	96		
0x4ECE80	80		
0x4ECED0	80		
0x4ECF20	128		
0x4ECFA0	192		
0x4ED060	160		
0x4ED100	112		
0x4ED170	160		
0x4ED210	160		
0x4ED2B0	112		
0x4ED320	160		
0x4ED3C0	288		
0x4ED4E0	144		
0x4ED570	160		
0x4ED610	240		
0x4ED700	256		
0x4ED800	496		
0x4ED9F0	48		
0x4EDA20	112		
0x4EDA90	144		
0x4EDB20	288		
0x4EDC40	112		
0x4EDCB0	240		
0x4EDDA0	80		
0x4EDDF0	80		
0x4EDE40	112		
0x4EDEB0	176		
0x4EDF60	160	Job::vfunc5	
0x4EE000	64		
0x4EE040	304		
0x4EE170	64		
0x4EE1B0	176		
0x4EE260	32		
0x4EE280	144		
0x4EE310	432	Job::vfunc19	
0x4EE4C0	112		
0x4EE530	48		
0x4EE560	208		
0x4EE630	256	JobAlarm::vfunc19	
0x4EE730	224		
0x4EE810	64		
0x4EE850	592		
0x4EEAA0	800	JobAttack::vfunc21	
0x4EEDC0	528		
0x4EEFD0	208		
0x4EF0A0	128		
0x4EF120	512		
0x4EF320	64		
0x4EF360	688	JobAttackFromWindows::vfunc8	
0x4EF610	464		
0x4EF7E0	1088		
0x4EFC20	160		
0x4EFCC0	720		
0x4EFF90	2064		
0x4F07A0	960		
0x4F0B60	4224		
0x4F1BE0	240	JobAttackFromWindows::vfunc19	
0x4F1CD0	384		
0x4F1E50	64	JobCinematic::vfunc19	
0x4F1E90	288		
0x4F1FB0	256		
0x4F20B0	272		
0x4F21C0	160		
0x4F2260	1056		
0x4F2680	192		
0x4F2740	1296		
0x4F2C50	400		
0x4F2DE0	160		
0x4F2E80	816		
0x4F31B0	1088		
0x4F35F0	272		
0x4F3700	240		
0x4F37F0	1328	JobGetOutOfWater::vfunc8	
0x4F3D20	272		
0x4F3E30	208		
0x4F3F00	480		
0x4F40E0	432	JobGoto::vfunc8	
0x4F4290	80	JobGoto::vfunc19	
0x4F42E0	192		
0x4F43A0	256		
0x4F44A0	208		
0x4F4570	432		
0x4F4720	128		
0x4F47A0	384		
0x4F4920	224		
0x4F4A00	48		
0x4F4A30	976	JobGuardSpot::vfunc21	
0x4F4E00	320		
0x4F4F40	192		
0x4F5000	288		
0x4F5120	112		
0x4F5190	144		
0x4F5220	128		
0x4F52A0	176		
0x4F5350	144		
0x4F53E0	208		
0x4F54B0	528		
0x4F56C0	272		
0x4F57D0	224		
0x4F58B0	1376		
0x4F5E10	176		
0x4F5EC0	2112		
0x4F6700	384		
0x4F6880	1440		
0x4F6E20	448	JobImmobilize::vfunc21	
0x4F6FE0	96		
0x4F7040	304		
0x4F7170	672		
0x4F7410	1072		
0x4F7840	144		
0x4F78D0	80		
0x4F7920	80		
0x4F7970	80		
0x4F79C0	144		
0x4F7A50	480		
0x4F7C30	96		
0x4F7C90	144		
0x4F7D20	144		
0x4F7DB0	32		
0x4F7DD0	32		
0x4F7DF0	64		
0x4F7E30	176		
0x4F7EE0	240		
0x4F7FD0	128		
0x4F8050	384		
0x4F81D0	80		
0x4F8220	4000	JobInvestigate::vfunc8	
0x4F91C0	224		
0x4F92A0	288		
0x4F93C0	272		
0x4F94D0	96		
0x4F9530	1616		
0x4F9B80	1568		
0x4FA1A0	528		speak_laugh
0x4FA3B0	544		
0x4FA5D0	304		
0x4FA700	144		
0x4FA790	304		
0x4FA8C0	272		
0x4FA9D0	144		
0x4FAA60	368		
0x4FABD0	112		
0x4FAC40	128		
0x4FACC0	336		
0x4FAE10	144		
0x4FAEA0	176		
0x4FAF50	224		
0x4FB030	160		
0x4FB0D0	576		
0x4FB310	96		
0x4FB370	1520		
0x4FB960	272		
0x4FBA70	560		
0x4FBCA0	304		
0x4FBDD0	880		
0x4FC140	416		
0x4FC2E0	288	JobPanic::vfunc21	
0x4FC400	112	JobPanic::vfunc19	
0x4FC470	272		
0x4FC580	208		
0x4FC650	208		
0x4FC720	2160	JobPhasedLOS::vfunc8	
0x4FCF90	256		
0x4FD090	80		
0x4FD0E0	224		
0x4FD1C0	1296		
0x4FD6D0	192		
0x4FD790	400		
0x4FD920	256		
0x4FDA20	176		
0x4FDAD0	144		
0x4FDB60	1040		
0x4FDF70	896	JobScript::vfunc17	
0x4FE2F0	128		
0x4FE370	240		
0x4FE460	128		
0x4FE4E0	128		
0x4FE560	128		
0x4FE5E0	160		
0x4FE680	448		
0x4FE840	2784		
0x4FF320	176		
0x4FF3D0	256		
0x4FF4D0	160		
0x4FF570	672		
0x4FF810	224		
0x4FF8F0	112		
0x4FF960	992	JobSlogReturn::vfunc8	
0x4FFD40	624		
0x4FFFB0	160		
0x500050	80		
0x5000A0	848	JobSmacked::vfunc21	
0x5003F0	112		
0x500460	112		
0x5004D0	80		
0x500520	64		
0x500560	224		
0x500640	112		
0x5006B0	112		
0x500720	128		
0x5007A0	80		
0x5007F0	176		
0x5008A0	112		
0x500910	64		
0x500950	96		
0x5009B0	80		
0x500A00	128		
0x500A80	144		
0x500B10	240		
0x500C00	144		
0x500C90	192		
0x500D50	128		
0x500DD0	1216		
0x501290	128		
0x501310	320		
0x501450	416	JobSpawner::vfunc45	
0x5015F0	912		
0x501980	80		
0x5019D0	176		
0x501A80	208		
0x501B50	304		
0x501C80	144		
0x501D10	208		
0x501DE0	592		
0x502030	2000		
0x502800	912		
0x502B90	144		
0x502C20	384		
0x502DA0	112		
0x502E10	128		
0x502E90	352		
0x502FF0	160		
0x503090	208		
0x503160	48		
0x503190	1120		
0x5035F0	224		
0x5036D0	64	SGAttack::vfunc13	
0x503710	672	SGAttack::vfunc16	
0x5039B0	1616		
0x504000	384		
0x504180	1200		
0x504630	144		
0x5046C0	848		
0x504A10	912		
0x504DA0	160		
0x504E40	48		
0x504E70	32		
0x504E90	528		
0x5050A0	864		
0x505400	2944		
0x505F80	112		
0x505FF0	192		
0x5060B0	480		
0x506290	208		
0x506360	1312		
0x506880	80		
0x5068D0	192		
0x506990	1376		
0x506EF0	288		
0x507010	288		
0x507130	416		
0x5072D0	288		
0x5073F0	288		
0x507510	400		
0x5076A0	736		
0x507980	256		
0x507A80	256		
0x507B80	96		
0x507BE0	496		
0x507DD0	128		
0x507E50	608		
0x5080B0	736		
0x508390	1216		
0x508850	1360		
0x508DA0	1488		
0x509370	528		
0x509580	176		
0x509630	144		
0x5096C0	144		
0x509750	288		
0x509870	192		
0x509930	160		
0x5099D0	208		
0x509AA0	192		
0x509B60	128		
0x509BE0	176		
0x509C90	160		
0x509D30	192		
0x509DF0	256		
0x509EF0	128		
0x509F70	160		
0x50A010	160		
0x50A0B0	736		
0x50A390	544	SGFireWeapon::vfunc16	
0x50A5B0	416		
0x50A750	80		
0x50A7A0	64		
0x50A7E0	288		
0x50A900	336		
0x50AA50	144		
0x50AAE0	112		
0x50AB50	448		
0x50AD10	768	SGGoThroughDoor::vfunc16	
0x50B010	320		
0x50B150	336		
0x50B2A0	576		
0x50B4E0	352		
0x50B640	96		
0x50B6A0	112		
0x50B710	144		
0x50B7A0	32		
0x50B7C0	208		
0x50B890	304		
0x50B9C0	96		
0x50BA20	400		
0x50BBB0	176		
0x50BC60	1440	SGGotoDirect::vfunc16	
0x50C200	208	SGGotoDirect::vfunc12	
0x50C2D0	112		
0x50C340	176		
0x50C3F0	80		
0x50C440	176		
0x50C4F0	208		
0x50C5C0	208		
0x50C690	240		
0x50C780	224		
0x50C860	208		
0x50C930	208		
0x50CA00	560		
0x50CC30	96		
0x50CC90	160		
0x50CD30	96		
0x50CD90	144		
0x50CE20	128		
0x50CEA0	256		
0x50CFA0	624		m_nav is NULL | .\Ai\SGGotoNav.cpp
0x50D210	32		
0x50D230	352	SGGotoNav::vfunc16	
0x50D390	240		%s|%s
0x50D480	192		
0x50D540	352		
0x50D6A0	96		
0x50D700	720	ReInitNavReq::vfunc7	
0x50D9D0	368		
0x50DB40	208		
0x50DC10	144		
0x50DCA0	592		
0x50DEF0	976		This class is not IOZed | .\Ai\SGGotoNavWork.cpp
0x50E2C0	912		
0x50E650	320		
0x50E790	208		
0x50E860	320		
0x50E9A0	1088		
0x50EDE0	1280		
0x50F2E0	960		This should be every case. | .\Ai\SGGotoNavWork.cpp
0x50F6A0	112		
0x50F710	112		
0x50F780	592		
0x50F9D0	208		
0x50FAA0	240		
0x50FB90	208		
0x50FC60	464		.\Ai\SGGotoNavWork.cpp
0x50FE30	160		
0x50FED0	112		
0x50FF40	208		
0x510010	320		
0x510150	96	SGGotoTurnWork::vfunc16	
0x5101B0	144		
0x510240	256		
0x510340	224		
0x510420	352		
0x510580	80		
0x5105D0	144		
0x510660	288		
0x510780	192		
0x510840	192		
0x510900	848		
0x510C50	1376		
0x5111B0	240		
0x5112A0	320		
0x5113E0	160		
0x511480	96		
0x5114E0	720		.\AI\ShortGoalCinematic.cpp
0x5117B0	224		
0x511890	176		
0x511940	3616		
0x512760	320		
0x5128A0	416	ShortGoalConversation::vfunc12	
0x512A40	272		
0x512B50	416		
0x512CF0	208		
0x512DC0	208		
0x512E90	672		
0x513130	272		
0x513240	288		
0x513360	48		
0x513390	128		
0x513410	144		
0x5134A0	160		
0x513540	464		
0x513710	160		
0x5137B0	64		
0x5137F0	640	ShortGoalIdle::vfunc16	
0x513A70	496		
0x513C60	272		
0x513D70	112		
0x513DE0	144		
0x513E70	544		
0x514090	496		
0x514280	304		
0x5143B0	368		
0x514520	272		
0x514630	1088		
0x514A70	240		
0x514B60	272		
0x514C70	176		
0x514D20	1888		
0x515480	352		
0x5155E0	336		
0x515730	320		
0x515870	192	ShortGoalIdle::vfunc12	
0x515930	144		
0x5159C0	80		
0x515A10	64		
0x515A50	64		
0x515A90	288		
0x515BB0	80		
0x515C00	176		
0x515CB0	80		
0x515D00	160		
0x515DA0	128		
0x515E20	64		
0x515E60	112		
0x515ED0	128		
0x515F50	96		
0x515FB0	176		
0x516060	224		
0x516140	272		
0x516250	144		
0x5162E0	80		
0x516330	112		
0x5163A0	416		
0x516540	768	ShortGoalImmobilize::vfunc16	
0x516840	272	ShortGoalImmobilize::vfunc11	
0x516950	496	ShortGoalImmobilize::vfunc8	
0x516B40	80		
0x516B90	176		
0x516C40	144		
0x516CD0	336		
0x516E20	992	ShortGoalPlayAnim::vfunc16	
0x517200	272		
0x517310	528		
0x517520	112	ShortGoalRunCrazy::vfunc12	
0x517590	592		
0x5177E0	80		
0x517830	1360	ShortGoalRunCrazy::vfunc16	
0x517D80	160		
0x517E20	128		
0x517EA0	208		
0x517F70	752		
0x518260	80		
0x5182B0	256	ShortGoalSendTo::vfunc16	
0x5183B0	256	ShortGoalSendTo::vfunc12	
0x5184B0	528		
0x5186C0	1136	ShortGoalTalk::vfunc16	
0x518B30	192		
0x518BF0	592		
0x518E40	608		
0x5190A0	528		
0x5192B0	144		
0x519340	192		
0x519400	176	MindDead::vfunc7	
0x5194B0	544	Mind::vfunc5	
0x5196D0	288	MindDead::vfunc15	
0x5197F0	208		Unknown mind state | .\AI\Mind.cpp
0x5198C0	288		
0x5199E0	2160		
0x51A250	496	MindDead::vfunc20	
0x51A440	704	Mind::vfunc13	
0x51A700	64		
0x51A740	224		
0x51A820	96		
0x51A880	48		
0x51A8B0	176		
0x51A960	176		
0x51AA10	112		
0x51AA80	96		
0x51AAE0	960	MoveBoltRayReq::vfunc7	
0x51AEA0	1088		
0x51B2E0	288		Phv
0x51B400	144		
0x51B490	80		
0x51B4E0	496	Mind::vfunc8	
0x51B6D0	160		
0x51B770	80		
0x51B7C0	96		
0x51B820	320		
0x51B960	128		
0x51B9E0	128		
0x51BA60	288		
0x51BB80	512		
0x51BD80	48		
0x51BDB0	64		
0x51BDF0	688		
0x51C0A0	896		Phv
0x51C420	528		Phv
0x51C630	304		
0x51C760	336		
0x51C8B0	176		
0x51C960	464		
0x51CB30	576		
0x51CD70	128		
0x51CDF0	576		Phv
0x51D030	448		
0x51D1F0	640		
0x51D470	384		Event eNPCShout is being incorrectly sent. | .\AI\MindBasic.cpp
0x51D5F0	1616		
0x51DC40	144		
0x51DCD0	432		
0x51DE80	672		
0x51E120	1328		
0x51E650	256		
0x51E750	2704		
0x51F1E0	160	MindBasic::vfunc8	
0x51F280	160		
0x51F320	64		
0x51F360	64		
0x51F3A0	64		
0x51F3E0	80		
0x51F430	80		
0x51F480	80		
0x51F4D0	80		
0x51F520	64		
0x51F560	64		
0x51F5A0	64		
0x51F5E0	80		
0x51F630	80		
0x51F680	80		
0x51F6D0	80		
0x51F720	80		
0x51F770	80		
0x51F7C0	64		
0x51F800	64		
0x51F840	64		
0x51F880	192		
0x51F940	99		
0x51F9A3	157		
0x51FA40	176		
0x51FAF0	112		
0x51FB60	48		
0x51FB90	160		
0x51FC30	64		
0x51FC70	96		
0x51FCD0	368		
0x51FE40	128		
0x51FEC0	48		
0x51FEF0	176		
0x51FFA0	416		..\source\granny_track_mask.cpp
0x520140	112		
0x5201B0	208		
0x520280	720		..\source\granny_track_mask.cpp | %s(%d): BoneIndex %d is out-of-bounds (only %d bones in this track mask)
0x520550	112		
0x5205C0	64		
0x520600	128		
0x520680	352		
0x5207E0	800		
0x520B00	32		
0x520B20	112		
0x520B90	96		
0x520BF0	64		
0x520C30	64		
0x520C70	48		
0x520CA0	96		
0x520D00	96		
0x520D60	128		
0x520DE0	144		
0x520E70	128		
0x520EF0	80		
0x520F40	64		
0x520F80	64		
0x520FC0	64		
0x521000	48		
0x521030	96		
0x521090	208		
0x521160	176		
0x521210	400		
0x5213A0	224		
0x521480	304		
0x5215B0	384		
0x521730	224		
0x521810	640		
0x521A90	64		
0x521AD0	240		
0x521BC0	160		
0x521C60	192		
0x521D20	96		
0x521D80	160		
0x521E20	384		
0x521FA0	416		
0x522140	416		..\source\granny_track_mask.cpp | %s(%d): BoneIndex %d is out-of-bounds (only %d bones in this track mask)
0x5222E0	272		
0x5223F0	416		
0x522590	240		
0x522680	240		
0x522770	432		
0x522920	208		
0x5229F0	128		
0x522A70	208		
0x522B40	224		
0x522C20	96		
0x522C80	384		
0x522E00	80		
0x522E50	96		
0x522EB0	80		
0x522F00	64		
0x522F40	48		
0x522F70	96		
0x522FD0	80		
0x523020	128		
0x5230A0	80		
0x5230F0	128		
0x523170	80		
0x5231C0	144		
0x523250	256		
0x523350	112		
0x5233C0	160		
0x523460	224		
0x523540	288		
0x523660	64		
0x5236A0	96		
0x523700	80		
0x523750	144		
0x5237E0	192		
0x5238A0	432		
0x523A50	80		
0x523AA0	80		
0x523AF0	149		
0x523B85	43		
0x523BB0	64		
0x523BF0	256		
0x523CF0	112		
0x523D60	144		
0x523DF0	208		
0x523EC0	1648		
0x524530	304		
0x524660	320		
0x5247A0	320		
0x5248E0	112		
0x524950	48		
0x524980	64		
0x5249C0	80		
0x524A10	64		
0x524A50	80		
0x524AA0	32		
0x524AC0	64		
0x524B00	48		
0x524B30	48		
0x524B60	208		
0x524C30	64		
0x524C70	224		
0x524D50	1952		
0x5254F0	1264		
0x5259E0	640		
0x525C60	48		
0x525C90	48		
0x525CC0	128		
0x525D40	144		
0x525DD0	160		
0x525E70	208		
0x525F40	128		
0x525FC0	144		
0x526050	976		
0x526420	288		
0x526540	160		
0x5265E0	3760		
0x527490	1248		
0x527970	352		
0x527AD0	368		
0x527C40	224		
0x527D20	352	MotionImpl::vfunc8	
0x527E80	192		
0x527F40	416		
0x5280E0	240		
0x5281D0	784		
0x5284E0	96		
0x528540	112		
0x5285B0	48		
0x5285E0	64		
0x528620	48		
0x528650	32		
0x528670	32		
0x528690	48		
0x5286C0	32		
0x5286E0	48		
0x528710	44		
0x52873C	292		
0x528860	752		
0x528B50	112		
0x528BC0	96		
0x528C20	21		
0x528C35	507		
0x528E30	400		
0x528FC0	656	MotionImpl::vfunc37	
0x529250	160		
0x5292F0	992	MotionImpl::vfunc62	
0x5296D0	688	MotionImpl::vfunc59	
0x529980	336		
0x529AD0	272		
0x529BE0	592		
0x529E30	224		
0x529F10	192		
0x529FD0	448		
0x52A190	240		
0x52A280	1744		
0x52A950	416		
0x52AAF0	176		
0x52ABA0	1104		
0x52AFF0	352		
0x52B150	352		
0x52B2B0	32		
0x52B2D0	4112		
0x52C2E0	1024	MotionImpl::vfunc63	.\Motion\MotionImpl.cpp
0x52C6E0	240		
0x52C7D0	128		
0x52C850	272		
0x52C960	48		
0x52C990	1088		
0x52CDD0	208		
0x52CEA0	64		
0x52CEE0	2016		
0x52D6C0	704		
0x52D980	1184		
0x52DE20	176		
0x52DED0	1120		
0x52E330	240		.\Motion\MotionImpl.cpp
0x52E420	160		
0x52E4C0	80		
0x52E510	768		
0x52E810	112		
0x52E880	112		
0x52E8F0	208		
0x52E9C0	240		
0x52EAB0	2352		
0x52F3E0	128		
0x52F460	80		
0x52F4B0	256		
0x52F5B0	64		
0x52F5F0	32		
0x52F610	80		
0x52F660	688		
0x52F910	336		
0x52FA60	416		
0x52FC00	1148		
0x53007C	4		
0x530080	240		
0x530170	6912		
0x531C70	304		
0x531DA0	768		
0x5320A0	368		
0x532210	1264		
0x532700	960		
0x532AC0	304	MotionImpl::vfunc42	
0x532BF0	1824		Phv
0x533310	1568		
0x533930	1120		
0x533D90	4224		
0x534E10	816	MotionImpl::vfunc81	
0x535140	1536	MotionImpl::vfunc82	
0x535740	608		
0x5359A0	256		
0x535AA0	912		
0x535E30	240		
0x535F20	96		
0x535F80	64		
0x535FC0	640		
0x536240	368		
0x5363B0	400	MotionImpl::vfunc77	
0x536540	304		
0x536670	352		
0x5367D0	160		
0x536870	1920		
0x536FF0	256		
0x5370F0	736	MotionImpl::vfunc72	
0x5373D0	208		
0x5374A0	176		
0x537550	592		
0x5377A0	864		
0x537B00	576		
0x537D40	160	MotionImpl::vfunc115	
0x537DE0	256	MotionImpl::vfunc116	
0x537EE0	142		
0x537F6E	674		
0x538210	80		
0x538260	1200		
0x538710	80		
0x538760	1808		
0x538E70	1264		
0x539360	336		
0x5394B0	880		
0x539820	688		
0x539AD0	192		
0x539B90	416		
0x539D30	960		
0x53A0F0	1664		
0x53A770	192		
0x53A830	352		
0x53A990	64		
0x53A9D0	448	MotionImpl::vfunc85	
0x53AB90	1808		
0x53B2A0	144	MotionImpl::vfunc86	
0x53B330	1504		
0x53B910	544		
0x53BB30	3184		
0x53C7A0	1184		
0x53CC40	224		
0x53CD20	464		
0x53CEF0	864		
0x53D250	1456		
0x53D800	80		
0x53D850	304		
0x53D980	208		
0x53DA50	560		
0x53DC80	1168		
0x53E110	528		
0x53E320	48		
0x53E350	400		
0x53E4E0	112		
0x53E550	2048		
0x53ED50	560		
0x53EF80	304		
0x53F0B0	496		
0x53F2A0	368		
0x53F410	240		
0x53F500	224		
0x53F5E0	480		
0x53F7C0	320		
0x53F900	1712		
0x53FFB0	192		
0x540070	336		
0x5401C0	624		
0x540430	112		
0x5404A0	736		
0x540780	96		
0x5407E0	544	MotionImpl::vfunc90	
0x540A00	192		
0x540AC0	48		
0x540AF0	704	MotionImpl::vfunc89	
0x540DB0	176		
0x540E60	128		
0x540EE0	48		
0x540F10	480		
0x5410F0	48		
0x541120	733		
0x5413FD	111		
0x54146C	308		
0x5415A0	1408		
0x541B20	880		
0x541E90	96		grbR
0x541EF0	1024	MotionImpl::vfunc113	
0x5422F0	528	MotionImpl::vfunc97	
0x542500	144		
0x542590	960		
0x542950	144		
0x5429E0	112		
0x542A50	784		
0x542D60	144		
0x542DF0	144		
0x542E80	1456		
0x543430	48		
0x543460	2880		
0x543FA0	576		
0x5441E0	1248		
0x5446C0	96		
0x544720	512		
0x544920	176		
0x5449D0	96		
0x544A30	64		
0x544A70	784		Should not get here! | .\Motion\MotionImpl.cpp
0x544D80	784	MotionImpl::vfunc55	
0x545090	672	MotionImpl::vfunc56	
0x545330	240		
0x545420	352		
0x545580	480		
0x545760	592		
0x5459B0	160		
0x545A50	720		
0x545D20	1680		
0x5463B0	512		
0x5465B0	368		
0x546720	144		
0x5467B0	32		
0x5467D0	32		
0x5467F0	160		
0x546890	304		
0x5469C0	112		
0x546A30	64		
0x546A70	48		
0x546AA0	3616		Bad call on dummy! | d:\exodduspc\code\game\motion\MotionImplDummy.h | Bad call on Dummy!
0x5478C0	704		
0x547B80	736	MotionImplDummy::vfunc62	
0x547E60	128		
0x547EE0	32		
0x547F00	32		
0x547F20	64		
0x547F60	80		
0x547FB0	112		
0x548020	208		
0x5480F0	288		
0x548210	128		
0x548290	128		
0x548310	576		
0x548550	160		
0x5485F0	128		
0x548670	496		
0x548860	224		
0x548940	272		
0x548A50	896		
0x548DD0	512		
0x548FD0	480		
0x5491B0	208		
0x549280	1504		
0x549860	656		
0x549AF0	1056		
0x549F10	688		
0x54A1C0	144		
0x54A250	1296		
0x54A760	816		
0x54AA90	64		
0x54AAD0	48		
0x54AB00	928		
0x54AEA0	432		
0x54B050	720		
0x54B320	1040		
0x54B730	496		
0x54B920	640		
0x54BBA0	512		
0x54BDA0	336		
0x54BEF0	320		
0x54C030	48		
0x54C060	304	Log	
0x54C190	352	Object	
0x54C2F0	128	RandomInt	
0x54C370	304	RandomFloat	
0x54C4A0	176		
0x54C550	64	Time	
0x54C590	272	WaitForButton	
0x54C6A0	464	GetThis	
0x54C870	560	ForceJob	
0x54CAA0	256	DefaultJob	
0x54CBA0	288		
0x54CCC0	336		
0x54CE10	176	PostAlarm	
0x54CEC0	352	BroadcastPlayerNoise	
0x54D020	240	IsNull	
0x54D110	240	IsSteef	
0x54D200	240	IsStranger	
0x54D2F0	160	MakePlayerSteef	
0x54D390	160	MakePlayerStranger	
0x54D430	144	LockPlayerDisguise	
0x54D4C0	144	UnlockPlayerDisguise	
0x54D550	80	UnlockAllMovies	
0x54D5A0	160	ShakeOffDamage	
0x54D640	208	DestroyAttachedBolts	
0x54D710	112	IsPlayerOnRope	
0x54D780	160	KnockPlayerOffRope	
0x54D820	64	SetSteefNaked	
0x54D860	64	Reboot	
0x54D8A0	96	QuickSave	
0x54D900	208	Delete	
0x54D9D0	144		
0x54DA60	656		
0x54DCF0	448		
0x54DEB0	224	LockCamera	
0x54DF90	224	LockToGround	
0x54E070	208	BreakLockToGround	
0x54E140	192	Teleport	
0x54E200	192	TeleportReset	
0x54E2C0	192	TeleportHome	
0x54E380	400	SetHomePosition	
0x54E510	304		
0x54E640	288		
0x54E760	304		
0x54E890	272		
0x54E9A0	320		
0x54EAE0	288		
0x54EC00	432		
0x54EDB0	336		
0x54EF00	336		
0x54F050	288		
0x54F170	256	GetInt	
0x54F270	256	GetFloat	
0x54F370	256	GetBool	
0x54F470	160	Set	
0x54F510	352	Inc	
0x54F670	352	Dec	
0x54F7D0	208		
0x54F8A0	208	GetID	
0x54F970	208		
0x54FA40	208		
0x54FB10	240		
0x54FC00	240		
0x54FCF0	240		
0x54FDE0	240		
0x54FED0	400		
0x550060	400		
0x5501F0	128	PortalEnable	
0x550270	128	PortalDisable	
0x5502F0	112	IsPortalEnabled	
0x550360	208	WaitForZonePagedIn	
0x550430	80		
0x550480	240	IsZonePagedIn	
0x550570	176	DeleteZone	
0x550620	272		
0x550730	192		
0x5507F0	176		
0x5508A0	928		
0x550C40	832		
0x550F80	880		
0x5512F0	1040		
0x551700	48		
0x551730	48		
0x551760	1088		
0x551BA0	1056		
0x551FC0	48		
0x551FF0	48		
0x552020	896		
0x5523A0	896		
0x552720	976		
0x552AF0	928		
0x552E90	416	ForceCombat	
0x553030	832		
0x553370	48		
0x5533A0	48		
0x5533D0	80		
0x553420	1072		
0x553850	96	FireBolt	
0x5538B0	48	FireBoltMiss	
0x5538E0	752	ImmobilizeSpiderBolaInstant	
0x553BD0	208	BoatTurretFireStart	
0x553CA0	144	BoatTurretFireStop	
0x553D30	864		
0x554090	912		
0x554420	912		
0x5547B0	592		
0x554A00	272		
0x554B10	1824		
0x555230	48	SetToInitialHealthAndStamina	
0x555260	48	SetToMaxHealthAndStamina	
0x555290	96	SetHealth	
0x5552F0	48	SetToMaxHealth	
0x555320	96	TakeDamage	
0x555380	96	KillObject	
0x5553E0	96	Gib	
0x555440	96	SetStamina	
0x5554A0	48	SetToMaxStamina	
0x5554D0	96	TakeStamina	
0x555530	96	Exhaust	
0x555590	288	WaitFor	
0x5556B0	192	Queue	
0x555770	1232		
0x555C40	192		
0x555D00	176		
0x555DB0	800		
0x5560D0	720		
0x5563A0	256	SetPlayerSeen	
0x5564A0	64	SetReverbEnvironment	
0x5564E0	176	PushMusic	
0x556590	64	PopMusic	
0x5565D0	128	TransitionMusic	
0x556650	64	EnableTensionMusic	
0x556690	64	DisableTensionMusic	
0x5566D0	64	EnableCombatMusic	
0x556710	64	DisableCombatMusic	
0x556750	240	SetRepeaterCue	
0x556840	544	PlaySoundUI	
0x556A60	240	PlaySound	
0x556B50	256	PlaySoundOnBone	
0x556C50	160	StopLastCue	
0x556CF0	144	PrimeCue	
0x556D80	272	PrimeSpeechCue	
0x556E90	1008	PlaySpeech	
0x557280	1136	PlaySpeechAt	
0x5576F0	1296	PlaySpeechAtWF	
0x557C00	240	StopSpeech	
0x557CF0	560	PlaySpeechVO	
0x557F20	368	StartSoundWF	
0x558090	96	StopSound	
0x5580F0	192	ActivateAmbientEmitter	
0x5581B0	96	DeactivateAmbientEmitter	
0x558210	128	StartEnvironmentalCue	
0x558290	160	IsEnvironmentalCueActive	
0x558330	128	StopEnvironmentalCue	
0x5583B0	64	NextCinematicPagingTracksCamera	
0x5583F0	128		
0x558470	32	ForceFPS	
0x558490	32	ForceNotFPS	
0x5584B0	32	ForceSniper	
0x5584D0	480		
0x5586B0	96	SetCinematicSkippable	
0x558710	64	ShowHealthBars	
0x558750	48	BeginCinematic	
0x558780	112	BeginCinematicRollControl	
0x5587F0	48	BeginCinematicNoBars	
0x558820	144	EndCinematic	
0x5588B0	560		
0x558AE0	48	FadeIn	
0x558B10	48	FadeInWF	
0x558B40	48	FadeOut	
0x558B70	48	FadeOutWF	
0x558BA0	48	FadeInFromColor	
0x558BD0	48	FadeInFromColorWF	
0x558C00	48	FadeOutToColor	
0x558C30	1328	FadeOutToColorWF	
0x559160	64	IsCinematicRunning	
0x5591A0	496		
0x559390	496		
0x559580	432	HireActor	
0x559730	432	StartJobOnSteef	
0x5598E0	416	StartScript	
0x559A80	272		
0x559B90	400	CutTo	
0x559D20	224		
0x559E00	864		
0x55A160	48	MoveTo	
0x55A190	240	MoveToWF	
0x55A280	480		
0x55A460	48	ReturnToGameCam	
0x55A490	48	ReturnToGameCamSpecific	
0x55A4C0	352		
0x55A620	48	TriggerAnimationReverse	
0x55A650	48	TriggerAnimationWF	
0x55A680	160	StopAnimation	
0x55A720	160	PutCurrentAnimationAtEnd	
0x55A7C0	480	PlayEffect	
0x55A9A0	640	StartEffect	
0x55AC20	208	StopEffect	
0x55ACF0	256	StopEffectDelayed	
0x55ADF0	576	SpawnEffectAttachedToBone	
0x55B030	576	SpawnEffectAttachedToBonePosition	
0x55B270	464	SpawnEffectAttachedToObject	
0x55B440	448	SpawnEffectAttachedToObjectPosition	
0x55B600	448		
0x55B7C0	800	SpawnTendrilTweenObjects	
0x55BAE0	768	SpawnTendrilFromBoneToObject	
0x55BDE0	848	SpawnTendrilFromBoneToBone	
0x55C130	640	SpawnTendrilFromRandomBoneToObject	
0x55C3B0	640	AttachGeometry	
0x55C630	352	DetachGeometry	
0x55C790	192	ActivateEffect	
0x55C850	192	DeactivateEffect	
0x55C910	64	EnableSaveLoad	
0x55C950	64	DisableSaveLoad	
0x55C990	736		
0x55CC70	57	PlayRumble	
0x55CCA9	135		
0x55CD30	496	TriggerExplosion	
0x55CF20	368		
0x55D090	352		
0x55D1F0	80	CountNPCDead	
0x55D240	80	CountNPCAlive	
0x55D290	80	CountNPCInNormal	
0x55D2E0	80	CountNPCInAgit	
0x55D330	80	CountNPCInCombat	
0x55D380	80	CountNPCInPanic	
0x55D3D0	96	CountNPCOfType	
0x55D430	96	CountNPCAliveOfType	
0x55D490	80	CountNPCAliveInGroup	
0x55D4E0	80	CountNPCInNormalInGroup	
0x55D530	80	CountNPCInAgitInGroup	
0x55D580	80	CountNPCInCombatInGroup	
0x55D5D0	80	CountNPCInPanicInGroup	
0x55D620	96	CountNPCOfTypeInGroup	
0x55D680	96	CountNPCAliveOfTypeInGroup	
0x55D6E0	96		
0x55D740	592	CreateCineGroupFromVolume	
0x55D990	272	AddObjectToGroup	
0x55DAA0	304	RemoveObjectFromGroup	
0x55DBD0	144	RingBell	
0x55DC60	160	IsTownPanicking	
0x55DD00	48	BoatTeleportAboard	
0x55DD30	48	BoatTeleportAshore	
0x55DD60	496		
0x55DF50	48	BoatMoveAboard	
0x55DF80	48	BoatMoveAboardWF	
0x55DFB0	112	PlayerInBoat	
0x55E020	112	BoatHasTurret	
0x55E090	176	BoatPlayAnim	
0x55E140	624		
0x55E3B0	48	BoatMove	
0x55E3E0	112	BoatReleaseFromPath	
0x55E450	48	BoatMoveWF	
0x55E480	288	BoatStopPhysics	
0x55E5A0	112	BoatStartPhysics	
0x55E610	112	BoatStopAutoRowing	
0x55E680	224	BoatWF	
0x55E760	176	BoatGiveTurret	
0x55E810	112	BoatTakeTurret	
0x55E880	352	CurrentSetEnabled	
0x55E9E0	32	WaitForCameraTrans	
0x55EA00	80		
0x55EA50	64		
0x55EA90	368	IsInFOV	
0x55EC00	208	IsInLOS	
0x55ECD0	400	IsInView	
0x55EE60	224	SetDOFRange	
0x55EF40	400	SetDOFDistance	
0x55F0D0	64	GetDOFDistance	
0x55F110	208	ConversationWaitFor	
0x55F1E0	288		.\Script\ScriptGamelib.cpp
0x55F300	48	ActivateVolume	
0x55F330	48	DeactivateVolume	
0x55F360	48	IsVolumeActive	
0x55F390	192	Activate	
0x55F450	192	ActivateSet	
0x55F510	192	Deactivate	
0x55F5D0	176	ActivateGroup	
0x55F680	176	ActivateSetGroup	
0x55F730	176	DeactivateGroup	
0x55F7E0	176	IsActive	
0x55F890	240	ActivateDuration	
0x55F980	256	ActivateFromActivator	
0x55FA80	320		
0x55FBC0	80	SetDesiredMechState	
0x55FC10	224	SetDesiredMechStateWF	
0x55FCF0	976	DevicePressWF	
0x5600C0	112	MoveOutOfPurgatory	
0x560130	176		
0x5601E0	160	MoveIntoPurgatory	
0x560280	176		
0x560330	144	MoveOutOfPurgatoryGroup	
0x5603C0	144	MoveIntoPurgatoryGroup	
0x560450	192		lm_
0x560510	416	LevelTransition	
0x5606B0	80	EndGame	
0x560700	160	LoadLevel	
0x5607A0	352		
0x560900	112	PlayBinkMovie	
0x560970	112	PlayBinkMovie_CineSkip	
0x5609E0	160	CineFX_SetFadeIn	
0x560A80	272	TakeAllWeapons	
0x560B90	272	TakeAllAmmo	
0x560CA0	400		
0x560E30	96	GiveAllAmmo	
0x560E90	96	GiveDefaultAmmo	
0x560EF0	512		
0x5610F0	48	GiveAmmo	
0x561120	48	GiveAmmoForceDowngrade	
0x561150	416	TakeWeapon	
0x5612F0	64	ClearActiveBolts	
0x561330	80	ClearAllBolts	
0x561380	176	SetFullRunAllowed	
0x561430	208	SetNPCAffected	
0x561500	208	SetNPCResponds	
0x5615D0	160		
0x561670	48	EnableShowingOnRadar	
0x5616A0	48	DisableShowingOnRadar	
0x5616D0	160	SetCritterPathSpawnEnabled	
0x561770	272	GiveCrossbow	
0x561880	75	CrossbowWeaponOnLeft	
0x5618CB	101		
0x561930	69	CrossbowWeaponOnRight	
0x561975	107		
0x5619E0	136	PlayerHasAmmo	
0x561A68	88		
0x561AC0	336		
0x561C10	304		
0x561D40	64	FlushResourceManager	
0x561D80	112	TextOverlay	
0x561DF0	432	TextOverlayPause	
0x561FA0	160	TextOverlayOpen	
0x562040	64	TextOverlayClose	
0x562080	64	TextOverlayClear	
0x5620C0	240	TextOverlayUpDuringGUI	
0x5621B0	128	StartCountdownTimer	
0x562230	112	StopCountdownTimer	
0x5622A0	80	LoadLastSave	
0x5622F0	112	OpenWeaponHUD	
0x562360	64	BountyPost_ClearAssignments	
0x5623A0	64	BountyPost_ClearPaidAssignments	
0x5623E0	176	BountyPost_AddAssignment	
0x562490	144	BountyPost_MakeAssignmentAvailable	
0x562520	144	BountyPost_MakeAssignmentNotAvailable	
0x5625B0	96	Player_GetBountyAssignment	
0x562610	192	Player_GetBountyAssignmentFinished	
0x5626D0	176	Player_GetBountyAssignmentFinishedKilled	
0x562780	304	Player_SetBountyAssignment	
0x5628B0	176	Player_SetBountyAssignmentFinished	
0x562960	240	GeneralStore_AddItemQuantity	
0x562A50	240	GeneralStore_SetItemQuantity	
0x562B40	368		
0x562CB0	320		
0x562DF0	352	QuickSpeak	
0x562F50	400	StartOrContinueConversation	
0x5630E0	96	GetMoolah	
0x563140	208	SetMoolah	
0x563210	320	HasArtifactCount	
0x563350	384	TakeArtifact	
0x5634D0	144	TakeAllArtifacts	
0x563560	624	GiveArtifact	
0x5637D0	80	GetNameOfBountyAssignment	
0x563820	208	SetJournalText	
0x5638F0	76	UpdateJournal	
0x56393C	196		
0x563A00	208	SetNPCForceFieldEnable	
0x563AD0	192	SetNPCHealthBarEnable	
0x563B90	176	TriggerAchievement	
0x563C40	288	AddStat	
0x563D60	17680		EAVEvent | eNPCGunshot | eNPCDamage
0x568270	368		
0x5683E0	352		
0x568540	96		
0x5685A0	352		
0x568700	128		
0x568780	96		
0x5687E0	96		
0x568840	96		
0x5688A0	96		
0x568900	96		
0x568960	96		
0x5689C0	96		
0x568A20	560		
0x568C50	32		
0x568C70	32		
0x568C90	112		
0x568D00	96		
0x568D60	80	BountyPref	
0x568DB0	80	RumblePref	
0x568E00	80	EffectPref	
0x568E50	80	ArtifactPref	
0x568EA0	80	MechanicalPref	
0x568EF0	80	ExplosionPref	
0x568F40	80	WeaponPref	
0x568F90	80	NPCWeaponPrefs	
0x568FE0	515		
0x5691E3	93		
0x569240	592	GetHealth	
0x569490	592	GetStamina	
0x5696E0	592	GetMindState	
0x569930	592	SetMindState	
0x569B80	592	KeepInMindState	
0x569DD0	608	UpdateNav	
0x56A030	608	UpdateNavObject	
0x56A290	1184	GetWorker	
0x56A730	592	BeginJobLock	
0x56A980	592	EndJobLock	
0x56ABD0	592	StartCineTorsoAnim	
0x56AE20	592	EndCineTorsoAnim	
0x56B070	592	Idle	
0x56B2C0	592	Say	
0x56B510	592	Goto	
0x56B760	592	GotoPlayerAggressive	
0x56B9B0	592	GotoSlow	
0x56BC00	592	GotoRun	
0x56BE50	592	Follow	
0x56C0A0	592	TurnTo	
0x56C2F0	592	GotoTurnWork	
0x56C540	592	CombatGoto	
0x56C790	592	FireWeapon	
0x56C9E0	1184	FireWeaponNoReload	
0x56CE80	592	PlayAnim	
0x56D0D0	592	PlayAnimBlend	
0x56D320	592	PlayAnimBlendHold	
0x56D570	592	GoThroughDoorSlow	
0x56D7C0	592	GoThroughDoorFast	
0x56DA10	656		
0x56DCA0	592	GotoWF	
0x56DEF0	656		
0x56E180	592	FollowWF	
0x56E3D0	656		
0x56E660	592	CombatGotoWF	
0x56E8B0	656		
0x56EB40	592	GotoSlowWF	
0x56ED90	656		
0x56F020	592	GotoRunWF	
0x56F270	656		
0x56F500	592	IdleWF	
0x56F750	656		
0x56F9E0	592	PlayAnimWF	
0x56FC30	656		
0x56FEC0	592	TurnToWF	
0x570110	656		
0x5703A0	592	SayWF	
0x5705F0	656		
0x570880	592	GotoTurnWorkWF	
0x570AD0	565		
0x570D05	91		
0x570D60	592	GoThroughDoorSlowWF	
0x570FB0	656		
0x571240	2960	GoThroughDoorFastWF	
0x571DD0	1184	DoPlayerVictoryWF	
0x572270	608	DontFixFeet	
0x5724D0	608	MoveOutOfPurgatoryUpdateNav	
0x572730	608	MoveIntoPurgatoryUpdateNav	
0x572990	1184	StartGS	
0x572E30	304		
0x572F60	64		
0x572FA0	64		
0x572FE0	304		
0x573110	64		
0x573150	64		
0x573190	368		
0x573300	64		
0x573340	32		
0x573360	32		
0x573380	304		
0x5734B0	64		
0x5734F0	64		
0x573530	32		
0x573550	64		
0x573590	464		
0x573760	112		
0x5737D0	128		
0x573850	1360		
0x573DA0	224		
0x573E80	64		
0x573EC0	272		
0x573FD0	224		
0x5740B0	160		
0x574150	880		
0x5744C0	112		
0x574530	112		
0x5745A0	80		
0x5745F0	80		
0x574640	80		
0x574690	80		
0x5746E0	112		
0x574750	80		
0x5747A0	160		
0x574840	128		
0x5748C0	48		
0x5748F0	48		
0x574920	112		
0x574990	176		
0x574A40	272		
0x574B50	96		
0x574BB0	80		
0x574C00	64		
0x574C40	112		
0x574CB0	128		
0x574D30	64		
0x574D70	64		
0x574DB0	96		
0x574E10	64		
0x574E50	112		
0x574EC0	144		
0x574F50	160		
0x574FF0	80		
0x575040	144		
0x5750D0	128		
0x575150	128		
0x5751D0	96		
0x575230	112		
0x5752A0	112		
0x575310	224		
0x5753F0	112		
0x575460	160		
0x575500	64		
0x575540	192		
0x575600	48		
0x575630	144		
0x5756C0	64		
0x575700	1360		
0x575C50	1712		
0x576300	240		
0x5763F0	1920		true
0x576B70	192		
0x576C30	352		
0x576D90	144		
0x576E20	576		
0x577060	448		
0x577220	800		
0x577540	272		
0x577650	368		
0x5777C0	320		
0x577900	320		
0x577A40	112		
0x577AB0	304		
0x577BE0	112		
0x577C50	32		
0x577C70	112		
0x577CE0	64		
0x577D20	128		 No mapping found for game button! | .\GameInput\GameButtons.cpp
0x577DA0	128		
0x577E20	336		Unknown type!! | .\GameInput\GameButtons.cpp
0x577F70	176		
0x578020	48		
0x578050	96		
0x5780B0	304		Unknown type!! | .\GameInput\GameButtons.cpp
0x5781E0	480		
0x5783C0	464		
0x578590	32		
0x5785B0	128		
0x578630	96		
0x578690	32		
0x5786B0	32		
0x5786D0	128		
0x578750	128		
0x5787D0	416		
0x578970	144		
0x578A00	160		
0x578AA0	1039		
0x578EAF	465		
0x579080	144		
0x579110	160		
0x5791B0	352		
0x579310	960	PrefsRumble::vfunc2	
0x5796D0	295		
0x5797F7	473		
0x5799D0	352		
0x579B30	144		
0x579BC0	144		
0x579C50	160		
0x579CF0	96		
0x579D50	208		
0x579E20	112		
0x579E90	800		
0x57A1B0	320		
0x57A2F0	272		
0x57A400	512		Unknown input %d | .\GameInput\RumblePrefs.cpp
0x57A600	464		
0x57A7D0	944		Unknown envelope %d | .\GameInput\RumblePrefs.cpp
0x57AB80	176		Unknown envelope %d | .\GameInput\RumblePrefs.cpp
0x57AC30	178		
0x57ACE2	270		
0x57ADF0	448		
0x57AFB0	288		
0x57B0D0	80		
0x57B120	80		
0x57B170	80		
0x57B1C0	3456		
0x57BF40	64		
0x57BF80	112		
0x57BFF0	96		
0x57C050	96		
0x57C0B0	96		
0x57C110	128		
0x57C190	80		
0x57C1E0	80		
0x57C230	80		
0x57C280	80		
0x57C2D0	80		
0x57C320	320		
0x57C460	320		
0x57C5A0	320		
0x57C6E0	320		
0x57C820	320		
0x57C960	320		
0x57CAA0	80		
0x57CAF0	48		
0x57CB20	48		
0x57CB50	48		
0x57CB80	64		
0x57CBC0	64		
0x57CC00	64		
0x57CC40	80		
0x57CC90	208		
0x57CD60	80		
0x57CDB0	80		
0x57CE00	112		
0x57CE70	112		
0x57CEE0	160		
0x57CF80	272		
0x57D090	464		
0x57D260	528		
0x57D470	800		
0x57D790	112		
0x57D800	784		
0x57DB10	256		
0x57DC10	320		
0x57DD50	352		
0x57DEB0	704		
0x57E170	160		
0x57E210	1504		
0x57E7F0	1552		
0x57EE00	112		
0x57EE70	224		
0x57EF50	432		
0x57F100	64		
0x57F140	240		
0x57F230	96		
0x57F290	96		
0x57F2F0	448		
0x57F4B0	160		
0x57F550	176		
0x57F600	64		
0x57F640	144		
0x57F6D0	448		
0x57F890	304		
0x57F9C0	32		
0x57F9E0	704		
0x57FCA0	112		
0x57FD10	128		
0x57FD90	1952		
0x580530	528		
0x580740	384		
0x5808C0	816		
0x580BF0	32		
0x580C10	784		
0x580F20	544		
0x581140	320		
0x581280	432	FollowCameraGenerator::vfunc9	
0x581430	288		
0x581550	464		
0x581720	112		
0x581790	560		
0x5819C0	832		
0x581D00	304		
0x581E30	32		
0x581E50	96		
0x581EB0	320		
0x581FF0	112		
0x582060	80		
0x5820B0	64		
0x5820F0	96		
0x582150	48		
0x582180	288		
0x5822A0	176		
0x582350	2848		
0x582E70	368		
0x582FE0	432		
0x583190	688		
0x583440	160		
0x5834E0	128		
0x583560	448		
0x583720	144		
0x5837B0	176		
0x583860	240		
0x583950	1360		
0x583EA0	320		
0x583FE0	320		
0x584120	64		
0x584160	80		
0x5841B0	112		
0x584220	80		
0x584270	320		
0x5843B0	144		
0x584440	416		
0x5845E0	144		
0x584670	608		
0x5848D0	64		
0x584910	880		
0x584C80	144		
0x584D10	1120		
0x585170	96		
0x5851D0	208		
0x5852A0	464	PipeTag::vfunc6	
0x585470	128		
0x5854F0	304		
0x585620	128		
0x5856A0	2816		
0x5861A0	128		
0x586220	176		
0x5862D0	112		
0x586340	144		
0x5863D0	144		
0x586460	144		
0x5864F0	64		
0x586530	384		
0x5866B0	176		
0x586760	848		
0x586AB0	80		
0x586B00	320		
0x586C40	80		
0x586C90	80		
0x586CE0	512		
0x586EE0	688		
0x587190	208		
0x587260	480		
0x587440	192		
0x587500	128		
0x587580	112		
0x5875F0	96		
0x587650	896		
0x5879D0	4192		
0x588A30	480		
0x588C10	112		
0x588C80	80		
0x588CD0	80		
0x588D20	320		
0x588E60	320		
0x588FA0	320		
0x5890E0	320		
0x589220	320		
0x589360	320		
0x5894A0	320		
0x5895E0	320		
0x589720	320		
0x589860	48		
0x589890	176		
0x589940	96		
0x5899A0	96		
0x589A00	112		
0x589A70	304		
0x589BA0	144		
0x589C30	336		
0x589D80	112		
0x589DF0	80		
0x589E40	80		
0x589E90	80		
0x589EE0	96		
0x589F40	112		
0x589FB0	80		
0x58A000	80		
0x58A050	80		
0x58A0A0	80		
0x58A0F0	80		
0x58A140	112		
0x58A1B0	144		
0x58A240	128		
0x58A2C0	128		
0x58A340	112		
0x58A3B0	112		
0x58A420	112		
0x58A490	80		
0x58A4E0	64		
0x58A520	64		
0x58A560	48		
0x58A590	48		
0x58A5C0	144		
0x58A650	48		
0x58A680	64		
0x58A6C0	48		
0x58A6F0	128		
0x58A770	160		
0x58A810	112		
0x58A880	128		
0x58A900	720		
0x58ABD0	64		
0x58AC10	144		
0x58ACA0	176		
0x58AD50	1088		
0x58B190	224		
0x58B270	208		
0x58B340	224		
0x58B420	752		
0x58B710	144		
0x58B7A0	512		
0x58B9A0	272		
0x58BAB0	80		
0x58BB00	48		
0x58BB30	272		
0x58BC40	1296		
0x58C150	80		
0x58C1A0	256		
0x58C2A0	768		
0x58C5A0	1280		
0x58CAA0	224		
0x58CB80	320		
0x58CCC0	80		
0x58CD10	256		
0x58CE10	448		
0x58CFD0	1296		
0x58D4E0	224		
0x58D5C0	480		
0x58D7A0	208		
0x58D870	128		
0x58D8F0	144		
0x58D980	80		
0x58D9D0	272		
0x58DAE0	112		
0x58DB50	128		
0x58DBD0	240		
0x58DCC0	160		
0x58DD60	112		
0x58DDD0	176		
0x58DE80	96		
0x58DEE0	176		
0x58DF90	224		
0x58E070	80		
0x58E0C0	160		
0x58E160	80		
0x58E1B0	112		
0x58E220	80		
0x58E270	64		
0x58E2B0	112		
0x58E320	80		
0x58E370	144		
0x58E400	128		
0x58E480	115		
0x58E4F3	29		
0x58E510	96		
0x58E570	112		
0x58E5E0	96		
0x58E640	64		
0x58E680	128		
0x58E700	96		
0x58E760	128		
0x58E7E0	128		
0x58E860	80		
0x58E8B0	80		
0x58E900	96		
0x58E960	64		
0x58E9A0	80		
0x58E9F0	64		
0x58EA30	96		
0x58EA90	112		
0x58EB00	112		
0x58EB70	112		
0x58EBE0	96		
0x58EC40	112		
0x58ECB0	96		
0x58ED10	96		
0x58ED70	128		
0x58EDF0	208		
0x58EEC0	112		
0x58EF30	224		
0x58F010	256		
0x58F110	336		
0x58F260	256		
0x58F360	48		
0x58F390	80		
0x58F3E0	96		
0x58F440	96		
0x58F4A0	160		
0x58F540	48		
0x58F570	160		
0x58F610	384		
0x58F790	128		
0x58F810	112		
0x58F880	176		
0x58F930	160		
0x58F9D0	80		
0x58FA20	48		
0x58FA50	112		
0x58FAC0	128		
0x58FB40	131		
0x58FBC3	13		
0x58FBD0	448		
0x58FD90	64		
0x58FDD0	400		
0x58FF60	640		
0x5901E0	224		
0x5902C0	272		
0x5903D0	64		
0x590410	96		
0x590470	112		
0x5904E0	64		
0x590520	64		
0x590560	192		
0x590620	128		
0x5906A0	80		
0x5906F0	128		
0x590770	96		
0x5907D0	80		
0x590820	64		
0x590860	96		
0x5908C0	96		
0x590920	240		
0x590A10	160		
0x590AB0	160		
0x590B50	272		
0x590C60	144		
0x590CF0	96		
0x590D50	112		
0x590DC0	128		
0x590E40	224		
0x590F20	224		
0x591000	304		
0x591130	80		
0x591180	224		
0x591260	160		
0x591300	864		
0x591660	112		
0x5916D0	80		
0x591720	112		
0x591790	80		
0x5917E0	80		
0x591830	80		
0x591880	128		
0x591900	112		
0x591970	48		
0x5919A0	128		
0x591A20	64		
0x591A60	80		
0x591AB0	336		
0x591C00	96		
0x591C60	80		
0x591CB0	80		
0x591D00	160		
0x591DA0	240		
0x591E90	144		
0x591F20	128		
0x591FA0	240		
0x592090	96		
0x5920F0	160		
0x592190	208		
0x592260	400		
0x5923F0	224		
0x5924D0	224		
0x5925B0	128		
0x592630	176		
0x5926E0	272		
0x5927F0	336		
0x592940	304		
0x592A70	560		
0x592CA0	144		
0x592D30	240		
0x592E20	368		
0x592F90	224		
0x593070	512		
0x593270	80		
0x5932C0	400		
0x593450	160		
0x5934F0	192		
0x5935B0	160		
0x593650	48		
0x593680	176		
0x593730	144		
0x5937C0	848		
0x593B10	208		
0x593BE0	416		
0x593D80	272		
0x593E90	112		
0x593F00	112		
0x593F70	80		
0x593FC0	368		
0x594130	304		
0x594260	32		
0x594280	64		
0x5942C0	128		
0x594340	368		
0x5944B0	128		
0x594530	112		
0x5945A0	288		
0x5946C0	112		
0x594730	96		
0x594790	224		
0x594870	304		
0x5949A0	128		
0x594A20	208		
0x594AF0	80		
0x594B40	144		
0x594BD0	64		
0x594C10	48		
0x594C40	192		
0x594D00	288		
0x594E20	80		
0x594E70	320		
0x594FB0	288		
0x5950D0	96		
0x595130	96		
0x595190	144		
0x595220	112		
0x595290	80		
0x5952E0	192		
0x5953A0	96		
0x595400	48		
0x595430	192		
0x5954F0	48		
0x595520	240		
0x595610	496		
0x595800	464		
0x5959D0	464		
0x595BA0	144		
0x595C30	64		
0x595C70	240		
0x595D60	272		
0x595E70	224		
0x595F50	512		
0x596150	336		
0x5962A0	352		
0x596400	128		
0x596480	80		
0x5964D0	128		
0x596550	192		
0x596610	160		
0x5966B0	80		
0x596700	112		
0x596770	112		
0x5967E0	192		
0x5968A0	144		
0x596930	128		
0x5969B0	224		
0x596A90	240		
0x596B80	245		
0x596C75	91		
0x596CD0	48		
0x596D00	176		
0x596DB0	592		
0x597000	288		
0x597120	96		
0x597180	80		
0x5971D0	64		
0x597210	112		
0x597280	128		
0x597300	96		
0x597360	80		
0x5973B0	96		
0x597410	288		
0x597530	336		
0x597680	80		
0x5976D0	32		
0x5976F0	32		
0x597710	112		
0x597780	48		
0x5977B0	336		
0x597900	144		
0x597990	944		
0x597D40	640		
0x597FC0	80		
0x598010	576		
0x598250	144		
0x5982E0	224		
0x5983C0	160		
0x598460	112		
0x5984D0	192		
0x598590	224		
0x598670	96		
0x5986D0	128		
0x598750	80		
0x5987A0	80		
0x5987F0	112		
0x598860	112		
0x5988D0	112		
0x598940	64		
0x598980	96		
0x5989E0	64		
0x598A20	48		
0x598A50	112		
0x598AC0	112		
0x598B30	128		
0x598BB0	112		
0x598C20	256		
0x598D20	80		
0x598D70	48		
0x598DA0	480		
0x598F80	176		
0x599030	48		
0x599060	320		
0x5991A0	1536		
0x5997A0	1760		
0x599E80	272		
0x599F90	336		
0x59A0E0	48		
0x59A110	720		
0x59A3E0	144		
0x59A470	256		
0x59A570	240		
0x59A660	272		
0x59A770	640		
0x59A9F0	85		
0x59AA45	571		
0x59AC80	160		
0x59AD20	96		
0x59AD80	992		
0x59B160	144		
0x59B1F0	448		
0x59B3B0	752		
0x59B6A0	144		
0x59B730	144		
0x59B7C0	80		
0x59B810	80		
0x59B860	304		
0x59B990	368		
0x59BB00	320		
0x59BC40	32		
0x59BC60	304		
0x59BD90	64		
0x59BDD0	32		
0x59BDF0	64		
0x59BE30	96		
0x59BE90	192		
0x59BF50	48		
0x59BF80	896		
0x59C300	304		
0x59C430	32		
0x59C450	64		
0x59C490	368		
0x59C600	784		
0x59C910	496		
0x59CB00	48		
0x59CB30	288		
0x59CC50	80		
0x59CCA0	128		
0x59CD20	144		
0x59CDB0	40		
0x59CDD8	312		
0x59CF10	112		
0x59CF80	96		
0x59CFE0	448		
0x59D1A0	32		
0x59D1C0	960		
0x59D580	448		
0x59D740	208		
0x59D810	128		
0x59D890	112		
0x59D900	144		
0x59D990	192		
0x59DA50	80		
0x59DAA0	208		
0x59DB70	80		
0x59DBC0	144		
0x59DC50	144		
0x59DCE0	96		
0x59DD40	176		
0x59DDF0	272		
0x59DF00	128		
0x59DF80	368		
0x59E0F0	160		
0x59E190	96		
0x59E1F0	464		
0x59E3C0	480		
0x59E5A0	112		
0x59E610	64		
0x59E650	80		
0x59E6A0	384		
0x59E820	288		
0x59E940	32		
0x59E960	224		
0x59EA40	1280		
0x59EF40	512		
0x59F140	256		
0x59F240	1296		
0x59F750	480		
0x59F930	80		
0x59F980	62		
0x59F9BE	258		
0x59FAC0	544		
0x59FCE0	960		
0x5A00A0	816		
0x5A03D0	496	CardEffectInst::vfunc28	
0x5A05C0	752		
0x5A08B0	103		
0x5A0917	729		
0x5A0BF0	176		
0x5A0CA0	544		
0x5A0EC0	592		
0x5A1110	1040		
0x5A1520	560		
0x5A1750	320		
0x5A1890	720	DistortionCylinderInst::vfunc13	
0x5A1B60	112		
0x5A1BD0	187		
0x5A1C8B	2229		
0x5A2540	272		
0x5A2650	320		
0x5A2790	656		
0x5A2A20	304		
0x5A2B50	320	DreadlockSet::vfunc1	
0x5A2C90	144		
0x5A2D20	32		
0x5A2D40	96		
0x5A2DA0	128		
0x5A2E20	80		
0x5A2E70	144		
0x5A2F00	272		
0x5A3010	240		
0x5A3100	208		
0x5A31D0	224		
0x5A32B0	128		
0x5A3330	208		
0x5A3400	736	EffectInst::vfunc5	
0x5A36E0	224		
0x5A37C0	64		
0x5A3800	144		
0x5A3890	144		
0x5A3920	128		
0x5A39A0	144		
0x5A3A30	304		
0x5A3B60	672		
0x5A3E00	64		
0x5A3E40	128		
0x5A3EC0	176		
0x5A3F70	128	TumbleParticleSystem::vfunc31	
0x5A3FF0	2208		
0x5A4890	288		
0x5A49B0	336		
0x5A4B00	176		
0x5A4BB0	112		
0x5A4C20	192		
0x5A4CE0	288		
0x5A4E00	336		
0x5A4F50	272		
0x5A5060	160		
0x5A5100	560		
0x5A5330	1712		
0x5A59E0	464		
0x5A5BB0	528		
0x5A5DC0	160		
0x5A5E60	80		
0x5A5EB0	336		
0x5A6000	96		
0x5A6060	288		
0x5A6180	80		
0x5A61D0	64		
0x5A6210	48		
0x5A6240	64		
0x5A6280	48		
0x5A62B0	192		
0x5A6370	144		
0x5A6400	400		
0x5A6590	128		
0x5A6610	48		
0x5A6640	80		
0x5A6690	80		
0x5A66E0	384		
0x5A6860	384		
0x5A69E0	384		
0x5A6B60	384		
0x5A6CE0	384		
0x5A6E60	384		
0x5A6FE0	384		
0x5A7160	384		
0x5A72E0	368		
0x5A7450	368		
0x5A75C0	384		
0x5A7740	384		
0x5A78C0	80		
0x5A7910	112		
0x5A7980	272		
0x5A7A90	80		
0x5A7AE0	96		
0x5A7B40	128		
0x5A7BC0	80		
0x5A7C10	304		
0x5A7D40	304		
0x5A7E70	304		
0x5A7FA0	304		
0x5A80D0	304		
0x5A8200	304		
0x5A8330	304		
0x5A8460	304		
0x5A8590	304		
0x5A86C0	304		
0x5A87F0	304		
0x5A8920	304		
0x5A8A50	32		
0x5A8A70	240		
0x5A8B60	96		
0x5A8BC0	224		
0x5A8CA0	112		
0x5A8D10	144		
0x5A8DA0	32		
0x5A8DC0	32		
0x5A8DE0	32		
0x5A8E00	32		
0x5A8E20	32		
0x5A8E40	32		
0x5A8E60	32		
0x5A8E80	32		
0x5A8EA0	32		
0x5A8EC0	32		
0x5A8EE0	32		
0x5A8F00	32		
0x5A8F20	64		
0x5A8F60	160		
0x5A9000	96		
0x5A9060	96		
0x5A90C0	64		
0x5A9100	64		
0x5A9140	64		
0x5A9180	64		
0x5A91C0	64		
0x5A9200	64		
0x5A9240	64		
0x5A9280	64		
0x5A92C0	64		
0x5A9300	64		
0x5A9340	64		
0x5A9380	64		
0x5A93C0	160		
0x5A9460	272		
0x5A9570	80		
0x5A95C0	176		
0x5A9670	832		
0x5A99B0	176	EffectMix::vfunc30	
0x5A9A60	848	EffectMix::vfunc28	
0x5A9DB0	1024		
0x5AA1B0	160		
0x5AA250	144		
0x5AA2E0	80		
0x5AA330	368		
0x5AA4A0	352	EffectMixDef::vfunc24	
0x5AA600	1184		
0x5AAAA0	80		
0x5AAAF0	320		
0x5AAC30	736		
0x5AAF10	96		
0x5AAF70	224		
0x5AB050	112		
0x5AB0C0	128		
0x5AB140	144		
0x5AB1D0	112		
0x5AB240	128		
0x5AB2C0	96		
0x5AB320	560		
0x5AB550	192		
0x5AB610	112		
0x5AB680	160		
0x5AB720	80		
0x5AB770	64		
0x5AB7B0	400		
0x5AB940	1360		
0x5ABE90	784		
0x5AC1A0	64		
0x5AC1E0	80		
0x5AC230	128		
0x5AC2B0	64		
0x5AC2F0	464		
0x5AC4C0	464		
0x5AC690	320		
0x5AC7D0	1056		\data\prefs\Effects\ | _surfaceAny | .txt
0x5ACBF0	48		
0x5ACC20	256		
0x5ACD20	2000		
0x5AD4F0	48		
0x5AD520	160		
0x5AD5C0	288		
0x5AD6E0	272		
0x5AD7F0	96		
0x5AD850	160		
0x5AD8F0	912		
0x5ADC80	2528		
0x5AE660	592		
0x5AE8B0	80		
0x5AE900	80		
0x5AE950	448	ElectricEffectInst::vfunc15	
0x5AEB10	304	ElectricEffectInst::vfunc13	
0x5AEC40	304	ElectricEffectInst::vfunc14	
0x5AED70	432		
0x5AEF20	1376		
0x5AF480	962	ElectricEffectInst::vfunc28	
0x5AF842	94		
0x5AF8A0	720		
0x5AFB70	2032		
0x5B0360	640		
0x5B05E0	224		
0x5B06C0	128		
0x5B0740	176		
0x5B07F0	432		
0x5B09A0	464		
0x5B0B70	208		
0x5B0C40	240		
0x5B0D30	288		
0x5B0E50	144		
0x5B0EE0	96		
0x5B0F40	1328		
0x5B1470	208		
0x5B1540	160		
0x5B15E0	112		
0x5B1650	384		
0x5B17D0	1360		
0x5B1D20	736		
0x5B2000	64		
0x5B2040	96		
0x5B20A0	80		
0x5B20F0	112		
0x5B2160	432		
0x5B2310	80		
0x5B2360	96		
0x5B23C0	112		
0x5B2430	320		
0x5B2570	608		
0x5B27D0	128		
0x5B2850	112		
0x5B28C0	192		
0x5B2980	432		
0x5B2B30	432		
0x5B2CE0	304		
0x5B2E10	544		
0x5B3030	320		
0x5B3170	96		
0x5B31D0	352		
0x5B3330	992		
0x5B3710	144		
0x5B37A0	416		
0x5B3940	192		
0x5B3A00	176		
0x5B3AB0	368		
0x5B3C20	144		
0x5B3CB0	672		
0x5B3F50	256		
0x5B4050	192		
0x5B4110	304		
0x5B4240	320		
0x5B4380	496		
0x5B4570	208		
0x5B4640	224		
0x5B4720	112		
0x5B4790	80		
0x5B47E0	128		
0x5B4860	112		
0x5B48D0	80		
0x5B4920	128		
0x5B49A0	112		
0x5B4A10	80		
0x5B4A60	176		
0x5B4B10	256		
0x5B4C10	1632		
0x5B5270	128		
0x5B52F0	368		
0x5B5460	496		
0x5B5650	480		
0x5B5830	560		
0x5B5A60	384		
0x5B5BE0	928		
0x5B5F80	144		
0x5B6010	400		
0x5B61A0	1376		
0x5B6700	816		
0x5B6A30	144		
0x5B6AC0	80		
0x5B6B10	80		
0x5B6B60	144		
0x5B6BF0	752		
0x5B6EE0	368	TumbleParticleSystemDef::vfunc20	
0x5B7050	160		
0x5B70F0	912	ParticleSystemDef::vfunc24	
0x5B7480	176		
0x5B7530	896		
0x5B78B0	2832	TumbleParticleSystemDef::vfunc25	
0x5B83C0	672		
0x5B8660	720	TumbleParticleSystemDef::vfunc15	
0x5B8930	880		
0x5B8CA0	240		
0x5B8D90	320	PersistentRippleInst::vfunc15	
0x5B8ED0	288	PersistentRippleInst::vfunc13	
0x5B8FF0	752		
0x5B92E0	752		
0x5B95D0	192		
0x5B9690	496	PhysicalParticleImpl::vfunc1	
0x5B9880	1376	PhysicalParticleImpl::vfunc17	
0x5B9DE0	160		
0x5B9E80	144		
0x5B9F10	1312		
0x5BA430	208		
0x5BA500	96		
0x5BA560	96		
0x5BA5C0	272		
0x5BA6D0	528		
0x5BA8E0	336		
0x5BAA30	240		
0x5BAB20	688	PhysParticleSystemDef::vfunc24	
0x5BADD0	160		
0x5BAE70	896		
0x5BB1F0	656		
0x5BB480	416		
0x5BB620	224		
0x5BB700	128		
0x5BB780	288		
0x5BB8A0	208		
0x5BB970	192	SparkParticleSystem::vfunc15	
0x5BBA30	896		
0x5BBDB0	880		
0x5BC120	1488		
0x5BC6F0	134	SparkParticleSystem::vfunc28	
0x5BC776	778		
0x5BCA80	144		
0x5BCB10	144		
0x5BCBA0	400		
0x5BCD30	629		
0x5BCFA5	779		
0x5BD2B0	784		
0x5BD5C0	144		
0x5BD650	80		
0x5BD6A0	80		
0x5BD6F0	112		
0x5BD760	224		
0x5BD840	672		
0x5BDAE0	176		
0x5BDB90	48		
0x5BDBC0	80		
0x5BDC10	512		
0x5BDE10	1056		
0x5BE230	448		
0x5BE3F0	656		
0x5BE680	1424		
0x5BEC10	256		
0x5BED10	192		
0x5BEDD0	96		
0x5BEE30	80		
0x5BEE80	80		
0x5BEED0	272		
0x5BEFE0	192		
0x5BF0A0	128		
0x5BF120	288		
0x5BF240	496		
0x5BF430	992		
0x5BF810	208		
0x5BF8E0	608		
0x5BFB40	144		
0x5BFBD0	128		
0x5BFC50	384		
0x5BFDD0	1392		
0x5C0340	302		
0x5C046E	498		
0x5C0660	144		
0x5C06F0	64		
0x5C0730	80		
0x5C0780	96		
0x5C07E0	480		
0x5C09C0	192		
0x5C0A80	80		
0x5C0AD0	128		
0x5C0B50	1392		.\Effects\WaterDebrisParticle.cpp
0x5C10C0	240		
0x5C11B0	80		
0x5C1200	352		
0x5C1360	96		
0x5C13C0	128		
0x5C1440	496		
0x5C1630	939		
0x5C19DB	37		
0x5C1A00	80		
0x5C1A50	160		
0x5C1AF0	128		
0x5C1B70	352		
0x5C1CD0	128		
0x5C1D50	208		
0x5C1E20	256		
0x5C1F20	94		
0x5C1F7E	194		
0x5C2040	704		
0x5C2300	320		
0x5C2440	336		
0x5C2590	2928		
0x5C3100	368		
0x5C3270	144		
0x5C3300	304		
0x5C3430	240		
0x5C3520	144		
0x5C35B0	128		
0x5C3630	240		
0x5C3720	608		
0x5C3980	96		
0x5C39E0	352		
0x5C3B40	176		
0x5C3BF0	224		
0x5C3CD0	160		
0x5C3D70	80		
0x5C3DC0	416		
0x5C3F60	512		
0x5C4160	112		
0x5C41D0	192		
0x5C4290	80		
0x5C42E0	80		
0x5C4330	80		
0x5C4380	80		
0x5C43D0	128		
0x5C4450	80		
0x5C44A0	112		
0x5C4510	48		
0x5C4540	112		
0x5C45B0	240		
0x5C46A0	96		
0x5C4700	272		
0x5C4810	96		
0x5C4870	80		
0x5C48C0	160		
0x5C4960	96		
0x5C49C0	128		
0x5C4A40	160		
0x5C4AE0	80		
0x5C4B30	224		
0x5C4C10	160		
0x5C4CB0	128		
0x5C4D30	128		
0x5C4DB0	128		
0x5C4E30	256		
0x5C4F30	112		
0x5C4FA0	112		
0x5C5010	160		
0x5C50B0	240		
0x5C51A0	256		
0x5C52A0	160		
0x5C5340	32		
0x5C5360	448		
0x5C5520	1376	WeatherVolumePrefs::vfunc20	
0x5C5A80	368		
0x5C5BF0	304		
0x5C5D20	32		
0x5C5D40	64		
0x5C5D80	80		
0x5C5DD0	96		
0x5C5E30	112		
0x5C5EA0	160		
0x5C5F40	224		%s\SAVE\%08X.cin
0x5C6020	224		
0x5C6100	160		%s\SAVE\%08X.cin
0x5C61A0	64		
0x5C61E0	128		
0x5C6260	352		
0x5C63C0	928		
0x5C6760	880		
0x5C6AD0	1392		
0x5C7040	1568		
0x5C7660	1472		
0x5C7C20	144		
0x5C7CB0	912		
0x5C8040	288		
0x5C8160	144		
0x5C81F0	256		
0x5C82F0	96		
0x5C8350	80		
0x5C83A0	112		
0x5C8410	112		
0x5C8480	112		
0x5C84F0	64		
0x5C8530	112		
0x5C85A0	112		
0x5C8610	80		
0x5C8660	80		
0x5C86B0	80		
0x5C8700	80		
0x5C8750	32		
0x5C8770	64		
0x5C87B0	592		
0x5C8A00	336		
0x5C8B50	96		
0x5C8BB0	160		
0x5C8C50	64		
0x5C8C90	320		
0x5C8DD0	80		
0x5C8E20	112		
0x5C8E90	80		
0x5C8EE0	80		
0x5C8F30	128		
0x5C8FB0	208		
0x5C9080	64		
0x5C90C0	1344		
0x5C9600	368		
0x5C9770	912		
0x5C9B00	32		
0x5C9B20	96		
0x5C9B80	288		
0x5C9CA0	320		
0x5C9DE0	64		
0x5C9E20	288		
0x5C9F40	80		
0x5C9F90	208		
0x5CA060	80		
0x5CA0B0	336		
0x5CA200	384		
0x5CA380	784		
0x5CA690	1040		
0x5CAAA0	832		
0x5CADE0	560		
0x5CB010	80		
0x5CB060	208		
0x5CB130	112		
0x5CB1A0	272		
0x5CB2B0	496		
0x5CB4A0	800		
0x5CB7C0	688		
0x5CBA70	1376		
0x5CBFD0	480		
0x5CC1B0	112		
0x5CC220	64		
0x5CC260	93		
0x5CC2BD	13		
0x5CC2CA	262		
0x5CC3D0	304		
0x5CC500	32		
0x5CC520	240		
0x5CC610	304		
0x5CC740	32		
0x5CC760	64		
0x5CC7A0	256		
0x5CC8A0	96		
0x5CC900	32		
0x5CC920	64		
0x5CC960	112		
0x5CC9D0	80		
0x5CCA20	64		
0x5CCA60	192		
0x5CCB20	112		
0x5CCB90	29		
0x5CCBAD	13		
0x5CCBBA	22		
0x5CCBD0	128		
0x5CCC50	80		
0x5CCCA0	160		
0x5CCD40	192		
0x5CCE00	192		
0x5CCEC0	576		.\Inventory\ArtifactItem.cpp
0x5CD100	269		
0x5CD20D	3		
0x5CD210	10		
0x5CD21A	182		
0x5CD2D0	192		
0x5CD390	176		
0x5CD440	336		
0x5CD590	336		
0x5CD6E0	112		
0x5CD750	736		
0x5CDA30	416		
0x5CDBD0	112		
0x5CDC40	103		
0x5CDCA7	13		
0x5CDCB4	140		
0x5CDD40	96		
0x5CDDA0	368		
0x5CDF10	368		
0x5CE080	112		
0x5CE0F0	384		
0x5CE270	464		
0x5CE440	256		
0x5CE540	192		
0x5CE600	448		
0x5CE7C0	366		set_steef | your_moolah | %ls
0x5CE92E	432		set_artifact_count | %d, %s | set_artifact_info
0x5CEADE	1186		%d, %s, %d, %d | set_ammo_info | %d, %s
0x5CEF80	64		
0x5CEFC0	144		
0x5CF050	144		
0x5CF0E0	160		
0x5CF180	176		
0x5CF230	80		
0x5CF280	80		
0x5CF2D0	112		
0x5CF340	96		
0x5CF3A0	64		
0x5CF3E0	304		
0x5CF510	160		
0x5CF5B0	128		
0x5CF630	64		
0x5CF670	80		
0x5CF6C0	64		
0x5CF700	96		
0x5CF760	112		
0x5CF7D0	96		
0x5CF830	192		
0x5CF8F0	208		
0x5CF9C0	96		
0x5CFA20	96		
0x5CFA80	368		
0x5CFBF0	67		
0x5CFC33	61		
0x5CFC70	288		
0x5CFD90	208		
0x5CFE60	176		
0x5CFF10	976		
0x5D02E0	224		
0x5D03C0	144		
0x5D0450	160		
0x5D04F0	352		
0x5D0650	288		
0x5D0770	192		
0x5D0830	112		
0x5D08A0	224		
0x5D0980	160		
0x5D0A20	80		
0x5D0A70	848		
0x5D0DC0	112		
0x5D0E30	80		
0x5D0E80	112		
0x5D0EF0	80		
0x5D0F40	80		
0x5D0F90	80		
0x5D0FE0	80		
0x5D1030	128		
0x5D10B0	80		
0x5D1100	112		
0x5D1170	48		
0x5D11A0	144		
0x5D1230	80		
0x5D1280	336		
0x5D13D0	96		
0x5D1430	96		
0x5D1490	160		
0x5D1530	160		
0x5D15D0	240		
0x5D16C0	160		
0x5D1760	144		
0x5D17F0	64		
0x5D1830	192		
0x5D18F0	224		
0x5D19D0	192		
0x5D1A90	208		
0x5D1B60	288		
0x5D1C80	176		
0x5D1D30	256		
0x5D1E30	544		
0x5D2050	208		
0x5D2120	720		
0x5D23F0	144		
0x5D2480	144		
0x5D2510	80		
0x5D2560	160		
0x5D2600	64		
0x5D2640	176		
0x5D26F0	64		
0x5D2730	128		
0x5D27B0	464		
0x5D2980	192		
0x5D2A40	144		
0x5D2AD0	192		
0x5D2B90	256		
0x5D2C90	1296		
0x5D31A0	1200		
0x5D3650	192		
0x5D3710	32		
0x5D3730	64		
0x5D3770	128		
0x5D37F0	608		
0x5D3A50	1056		
0x5D3E70	2944		
0x5D49F0	160		
0x5D4A90	64		
0x5D4AD0	96		
0x5D4B30	992		
0x5D4F10	224		
0x5D4FF0	288		
0x5D5110	288		
0x5D5230	32		
0x5D5250	112		
0x5D52C0	720		
0x5D5590	320		
0x5D56D0	1888		\data\textures\sky\sun_blob.bmp | \data\textures\sky\sun_spikes.bmp
0x5D5E30	354		
0x5D5F92	110		
0x5D6000	1184		
0x5D64A0	176		
0x5D6550	112		
0x5D65C0	968		
0x5D6988	216		
0x5D6A60	496		
0x5D6C50	128		
0x5D6CD0	560		
0x5D6F00	128		
0x5D6F80	800		
0x5D72A0	928		
0x5D7640	256		
0x5D7740	70		
0x5D7786	74		
0x5D77D0	67		
0x5D7813	13		
0x5D7820	768		
0x5D7B20	112		
0x5D7B90	80		
0x5D7BE0	144		
0x5D7C70	64		
0x5D7CB0	384		
0x5D7E30	320		
0x5D7F70	320		
0x5D80B0	64		
0x5D80F0	128		
0x5D8170	256		
0x5D8270	96		
0x5D82D0	304		
0x5D8400	80		
0x5D8450	112		
0x5D84C0	80		
0x5D8510	32		
0x5D8530	192		
0x5D85F0	112		
0x5D8660	64		
0x5D86A0	64		
0x5D86E0	128		
0x5D8760	80		
0x5D87B0	160		
0x5D8850	192		
0x5D8910	128		
0x5D8990	128		
0x5D8A10	400		
0x5D8BA0	480		
0x5D8D80	176		
0x5D8E30	64		
0x5D8E70	112		
0x5D8EE0	1376		
0x5D9440	128		
0x5D94C0	224		
0x5D95A0	352		
0x5D9700	512		
0x5D9900	208		
0x5D99D0	144		
0x5D9A60	4912		
0x5DAD90	320		
0x5DAED0	80		
0x5DAF20	2672		World::LevelInit() called on null string! | .\World\WorldZones.cpp | Scripts\
0x5DB990	800		
0x5DBCB0	2592		.\World\WorldZones.cpp | _lm.smb | _other.smb
0x5DC6D0	112		
0x5DC740	512		.tgl | .\World\WorldZones.cpp
0x5DC940	624		
0x5DCBB0	224		
0x5DCC90	560		Invalid portal specification... | .\World\WorldZones.cpp
0x5DCEC0	112		
0x5DCF30	64		
0x5DCF70	32		
0x5DCF90	208		
0x5DD060	80		
0x5DD0B0	32		
0x5DD0D0	48		
0x5DD100	144		
0x5DD190	688		
0x5DD440	32		
0x5DD460	128		
0x5DD4E0	80		
0x5DD530	320		
0x5DD670	224		
0x5DD750	112		
0x5DD7C0	656		
0x5DDA50	384		setHDScreen | set_item_count | %d, %s
0x5DDBD0	224		
0x5DDCB0	288		movieFinished | d:\data\movies\main_screen.bik
0x5DDDD0	1136		region_name_%d
0x5DE240	656		setController | set_Sens | flipFPSCamY
0x5DE4D0	224		
0x5DE5B0	272		
0x5DE6C0	224		
0x5DE7A0	576		d:\data\movies\credit.bik | d:\data\movies\main_screen.bik
0x5DE9E0	160		
0x5DEA80	224		
0x5DEB60	416		
0x5DED00	176		%ls | set_player_name
0x5DEDB0	160		
0x5DEE50	224		
0x5DEF30	496		
0x5DF120	160		
0x5DF1C0	224		
0x5DF2A0	64		
0x5DF2E0	400		
0x5DF470	48		
0x5DF4A0	80		
0x5DF4F0	304		
0x5DF620	32		
0x5DF640	96		
0x5DF6A0	304		
0x5DF7D0	176		
0x5DF880	256		
0x5DF980	320		
0x5DFAC0	192		
0x5DFB80	48		
0x5DFBB0	128		
0x5DFC30	480		
0x5DFE10	1408		
0x5E0390	80		
0x5E03E0	112		
0x5E0450	384		\data
0x5E05D0	32		
0x5E05F0	480		
0x5E07D0	48		
0x5E0800	128		
0x5E0880	576		
0x5E0AC0	48		
0x5E0AF0	192		
0x5E0BB0	224		
0x5E0C90	448		
0x5E0E50	64		
0x5E0E90	144		
0x5E0F20	80		
0x5E0F70	400		
0x5E1100	752		d:\data\movies\main_screen.bik
0x5E13F0	80		
0x5E1440	48		
0x5E1470	1552		d:\data\movies\attract.bik
0x5E1A80	288		
0x5E1BA0	144		
0x5E1C30	80		
0x5E1C80	304		
0x5E1DB0	192		region_name_%d
0x5E1E70	160		
0x5E1F10	384		
0x5E2090	160		
0x5E2130	48		
0x5E2160	128		
0x5E21E0	96		
0x5E2240	304		
0x5E2370	32		
0x5E2390	64		
0x5E23D0	176		
0x5E2480	2320		PlaySound
0x5E2D90	176		
0x5E2E40	176		
0x5E2EF0	160		
0x5E2F90	176		
0x5E3040	416		
0x5E31E0	112		
0x5E3250	176		
0x5E3300	256		
0x5E3400	527		
0x5E360F	177		
0x5E36C0	64		
0x5E3700	304		set_item_count | %d, %s | set_item_info
0x5E3830	224		
0x5E3910	560		
0x5E3B40	96		
0x5E3BA0	80		
0x5E3BF0	368		
0x5E3D60	304		
0x5E3E90	32		
0x5E3EB0	208		
0x5E3F80	640		
0x5E4200	928		set_item_count | %d, %ls, %ls, %ls, %d, %d | set_item_info
0x5E45A0	224		
0x5E4680	976		get_screenshot_slot
0x5E4A50	944		
0x5E4E00	192		set_continue
0x5E4EC0	224		
0x5E4FA0	224		
0x5E5080	32		
0x5E50A0	80		
0x5E50F0	96		
0x5E5150	160		
0x5E51F0	224		
0x5E52D0	624		
0x5E5540	64		
0x5E5580	624		set_item_count | %d, %ls | set_item_info
0x5E57F0	240		
0x5E58E0	224		d:\data\movies\main_screen.bik
0x5E59C0	224		
0x5E5AA0	48		
0x5E5AD0	128		
0x5E5B50	80		
0x5E5BA0	368		
0x5E5D10	304		
0x5E5E40	32		
0x5E5E60	480		
0x5E6040	272		%ls | set_player_name | set_confirm_needed
0x5E6150	224		
0x5E6230	544		
0x5E6450	208		show_movie_options
0x5E6520	224		
0x5E6600	391		
0x5E6787	489		
0x5E6970	224		vibrate_status.text | disable_save
0x5E6A50	192		
0x5E6B10	48		
0x5E6B40	256		set_cursor | get_cursor
0x5E6C40	112		
0x5E6CB0	96		
0x5E6D10	1952		
0x5E74B0	640		\data\textures\utility\white_dot.tga | \data\textures\utility\proj_damage_icon.tga | \data\textures\utility\melee_damage_icon.tga
0x5E7730	144		
0x5E77C0	1344		
0x5E7D00	256		
0x5E7E00	256		
0x5E7F00	256		
0x5E8000	1104		
0x5E8450	144		
0x5E84E0	448		
0x5E86A0	816		
0x5E89D0	352		
0x5E8B30	240		
0x5E8C20	213		
0x5E8CF5	136		
0x5E8D7D	51		
0x5E8DB0	1104		
0x5E9200	192		
0x5E92C0	528		
0x5E94D0	224		
0x5E95B0	192		
0x5E9670	480		
0x5E9850	928		
0x5E9BF0	624		
0x5E9E60	576		
0x5EA0A0	80		
0x5EA0F0	2064		lm_town_02_1.tag | town_02_1.tag
0x5EA900	864		
0x5EAC60	96		
0x5EACC0	368		
0x5EAE30	688		
0x5EB0E0	64		
0x5EB120	64		
0x5EB160	144		
0x5EB1F0	144		
0x5EB280	80		
0x5EB2D0	64		
0x5EB310	48		
0x5EB340	160		
0x5EB3E0	160		
0x5EB480	112		
0x5EB4F0	80		
0x5EB540	80		
0x5EB590	80		
0x5EB5E0	176		
0x5EB690	80		
0x5EB6E0	240		
0x5EB7D0	144		
0x5EB860	96		
0x5EB8C0	80		
0x5EB910	144		
0x5EB9A0	432		
0x5EBB50	1182		
0x5EBFEE	418		
0x5EC190	272		
0x5EC2A0	672		
0x5EC540	304		
0x5EC670	1728		\data\textures\utility\ | .tga | hidden_icon
0x5ECD30	336		
0x5ECE80	80		
0x5ECED0	384		
0x5ED050	320		
0x5ED190	352		
0x5ED2F0	288		
0x5ED410	32		
0x5ED430	208		
0x5ED500	480		
0x5ED6E0	206		
0x5ED7AE	930		%d, %d | set_item_count | %d, %ls, %ls, %ls, %d
0x5EDB50	224		
0x5EDC30	1984		get_screenshot_slot
0x5EE3F0	432		set_sound_volume | set_music_volume | subtitlesStatus
0x5EE5A0	224		
0x5EE680	48		
0x5EE6B0	336		
0x5EE800	80		
0x5EE850	128		
0x5EE8D0	528		
0x5EEAE0	176		
0x5EEB90	96		
0x5EEBF0	208		
0x5EECC0	256		
0x5EEDC0	256		
0x5EEEC0	448		
0x5EF080	608		
0x5EF2E0	224		
0x5EF3C0	160		
0x5EF460	896		
0x5EF7E0	112		
0x5EF850	112		
0x5EF8C0	80		
0x5EF910	80		
0x5EF960	80		
0x5EF9B0	80		
0x5EFA00	112		
0x5EFA70	80		
0x5EFAC0	144		
0x5EFB50	112		
0x5EFBC0	96		
0x5EFC20	48		
0x5EFC50	48		
0x5EFC80	160		
0x5EFD20	80		
0x5EFD70	80		
0x5EFDC0	112		
0x5EFE30	80		
0x5EFE80	96		
0x5EFEE0	208		
0x5EFFB0	320		
0x5F00F0	272		
0x5F0200	96		
0x5F0260	80		
0x5F02B0	128		
0x5F0330	176		
0x5F03E0	64		
0x5F0420	320		
0x5F0560	112		
0x5F05D0	192		
0x5F0690	256		
0x5F0790	288		
0x5F08B0	64		
0x5F08F0	80		
0x5F0940	96		
0x5F09A0	112		
0x5F0A10	176		
0x5F0AC0	96		
0x5F0B20	64		
0x5F0B60	112		
0x5F0BD0	688		
0x5F0E80	80		
0x5F0ED0	80		
0x5F0F20	96		
0x5F0F80	720		lm_ | _stream
0x5F1250	2848		.smh | Zones: %d | normal:
0x5F1D70	64		
0x5F1DB0	272		
0x5F1EC0	64		
0x5F1F00	352		
0x5F2060	64		
0x5F20A0	64		
0x5F20E0	144		_blockmap.txt
0x5F2170	112		
0x5F21E0	272		
0x5F22F0	144		
0x5F2380	112		
0x5F23F0	208		
0x5F24C0	1200		
0x5F2970	736		
0x5F2C50	192		
0x5F2D10	64		
0x5F2D50	224		
0x5F2E30	128		
0x5F2EB0	144		
0x5F2F40	32		
0x5F2F60	544		
0x5F3180	112		
0x5F31F0	96		
0x5F3250	64		
0x5F3290	144		
0x5F3320	128		
0x5F33A0	96		
0x5F3400	80		
0x5F3450	80		
0x5F34A0	128		
0x5F3520	48		
0x5F3550	576		
0x5F3790	144		
0x5F3820	96		
0x5F3880	96		
0x5F38E0	80		
0x5F3930	48		
0x5F3960	1008		
0x5F3D50	144		
0x5F3DE0	96		
0x5F3E40	80		
0x5F3E90	128		
0x5F3F10	48		
0x5F3F40	288		
0x5F4060	64		
0x5F40A0	192		skip | play
0x5F4160	96		
0x5F41C0	1040		
0x5F45D0	784		
0x5F48E0	736		
0x5F4BC0	256		
0x5F4CC0	672		
0x5F4F60	3920		\data
0x5F5EB0	64		
0x5F5EF0	128		
0x5F5F70	128		0x%2x
0x5F5FF0	192		
0x5F60B0	48		
0x5F60E0	112		
0x5F6150	32		
0x5F6170	2784		width= | height= | bpp=
0x5F6C50	32		
0x5F6C70	32		
0x5F6C90	48		
0x5F6CC0	128		
0x5F6D40	144		
0x5F6DD0	96		vector
0x5F6E30	128		
0x5F6EB0	144		
0x5F6F40	192		
0x5F7000	80		basic_string
0x5F7050	32		
0x5F7070	96		
0x5F70D0	288		
0x5F71F0	1184		Custom %s
0x5F7690	80		
0x5F76E0	80		
0x5F7730	112		
0x5F77A0	32		
0x5F77C0	256		
0x5F78C0	80		
0x5F7910	160		
0x5F79B0	2848		OSWGAME-088FA840-B10D-11D3-BC36-006067709674 | ODDWORLD Stranger's Wrath | ODDWORLD
0x5F84D0	704		name | desc
0x5F8790	240		
0x5F8880	208		
0x5F8950	192		
0x5F8A10	96		
0x5F8A70	496		
0x5F8C60	64		
0x5F8CA0	304		
0x5F8DD0	64		
0x5F8E10	64		
0x5F8E50	64		
0x5F8E90	64		
0x5F8ED0	64		
0x5F8F10	272		
0x5F9020	32		
0x5F9040	192		
0x5F9100	256		
0x5F9200	944		
0x5F95B0	176		
0x5F9660	528		
0x5F9870	64		
0x5F98B0	112		
0x5F9920	128		
0x5F99A0	176		
0x5F9A50	176		
0x5F9B00	80		
0x5F9B50	64		
0x5F9B90	176		
0x5F9C40	96		
0x5F9CA0	160		
0x5F9D40	64		
0x5F9D80	48		
0x5F9DB0	80		
0x5F9E00	80		
0x5F9E50	80		
0x5F9EA0	64		
0x5F9EE0	96		
0x5F9F40	128		
0x5F9FC0	128		
0x5FA040	64		
0x5FA080	96		
0x5FA0E0	96		
0x5FA140	128		
0x5FA1C0	128		
0x5FA240	64		
0x5FA280	32		
0x5FA2A0	48		
0x5FA2D0	96		
0x5FA330	224		
0x5FA410	224		
0x5FA4F0	112		
0x5FA560	80		
0x5FA5B0	64		
0x5FA5F0	256		
0x5FA6F0	112		
0x5FA760	80		
0x5FA7B0	128		
0x5FA830	128		
0x5FA8B0	144		
0x5FA940	128		
0x5FA9C0	80		
0x5FAA10	144		
0x5FAAA0	64		
0x5FAAE0	112		
0x5FAB50	144		
0x5FABE0	112		
0x5FAC50	80		
0x5FACA0	112		
0x5FAD10	176		
0x5FADC0	272		
0x5FAED0	144		
0x5FAF60	544		
0x5FB180	128		
0x5FB200	160		
0x5FB2A0	112		
0x5FB310	320		
0x5FB450	944		
0x5FB800	96		
0x5FB860	112		
0x5FB8D0	32		
0x5FB8F0	32		
0x5FB910	48		
0x5FB940	304		.\Resource\BlockManager.cpp
0x5FBA70	240		
0x5FBB60	96		
0x5FBBC0	272		
0x5FBCD0	160		
0x5FBD70	128		
0x5FBDF0	160		
0x5FBE90	448		ERROR LOADING SHARED MEMORYBLOCK! | .\Resource\BlockManager.cpp
0x5FC050	160		
0x5FC0F0	112		
0x5FC160	112		
0x5FC1D0	208		
0x5FC2A0	64		
0x5FC2E0	96		
0x5FC340	176		
0x5FC3F0	96		
0x5FC450	96		
0x5FC4B0	688		
0x5FC760	1232		
0x5FCC30	192		
0x5FCCF0	128		
0x5FCD70	80		
0x5FCDC0	128		
0x5FCE40	432		
0x5FCFF0	432		
0x5FD1A0	224		
0x5FD280	48		
0x5FD2B0	48		
0x5FD2E0	80		
0x5FD330	112		
0x5FD3A0	128		
0x5FD420	80		
0x5FD470	80		
0x5FD4C0	128		
0x5FD540	48		
0x5FD570	80		
0x5FD5C0	112		\data\
0x5FD630	16		
0x5FD640	208		
0x5FD710	48		
0x5FD740	48		
0x5FD770	144		
0x5FD800	160		
0x5FD8A0	128		global | _stream.xwb | Region_02a
0x5FD920	80		
0x5FD970	80		
0x5FD9C0	128		
0x5FDA40	96		
0x5FDAA0	64	WeatherCube::vfunc4	
0x5FDAE0	48		
0x5FDB10	48		
0x5FDB40	464		
0x5FDD10	48		
0x5FDD40	64		
0x5FDD80	48		
0x5FDDB0	48		
0x5FDDE0	48		
0x5FDE10	48		
0x5FDE40	48		
0x5FDE70	96		
0x5FDED0	96		
0x5FDF30	48		
0x5FDF60	128		
0x5FDFE0	112		
0x5FE050	80		
0x5FE0A0	32		
0x5FE0C0	32		
0x5FE0E0	32		
0x5FE100	96		
0x5FE160	208		
0x5FE230	144		
0x5FE2C0	96		
0x5FE320	256		
0x5FE420	640		
0x5FE6A0	816	GeometryInst::vfunc0	
0x5FE9D0	272	GeometryInst::vfunc15	
0x5FEAE0	224	GeometryInst::vfunc16	
0x5FEBC0	144	GeometryInst::vfunc17	
0x5FEC50	512	GeometryInst::vfunc5	
0x5FEE50	80		
0x5FEEA0	64		
0x5FEEE0	208		
0x5FEFB0	160		
0x5FF050	160		
0x5FF0F0	144		
0x5FF180	432		
0x5FF330	1440		
0x5FF8D0	640		
0x5FFB50	1264		
0x600040	432		
0x6001F0	1024		
0x6005F0	160		
0x600690	320		
0x6007D0	368		
0x600940	304		
0x600A70	32		
0x600A90	128		
0x600B10	272		
0x600C20	144		
0x600CB0	144		
0x600D40	256		
0x600E40	192		
0x600F00	208		
0x600FD0	256		
0x6010D0	320		DoubleBufferWriteStream::SetStreamPosition not supported | .\Core\DoubleBufferFileStream.cpp
0x601210	352		
0x601370	208		
0x601440	224		
0x601520	144		
0x6015B0	416		DoubleBufferReadStream::SetStreamPosition can't go backwards!! | .\Core\DoubleBufferFileStream.cpp
0x601750	208		
0x601820	112		
0x601890	544		No Write | d:\exodduspc\code\engine\Core/DoubleBufferFileStream.h | No Read
0x601AB0	240		
0x601BA0	128		
0x601C20	112		
0x601C90	608		
0x601EF0	240		
0x601FE0	1296		
0x6024F0	176		
0x6025A0	240		
0x602690	288		
0x6027B0	64		
0x6027F0	80		
0x602840	112		
0x6028B0	48		
0x6028E0	144		
0x602970	32		
0x602990	864		
0x602CF0	608		
0x602F50	224		
0x603030	288		
0x603150	176		
0x603200	48		
0x603230	64		
0x603270	224		
0x603350	176		
0x603400	48		
0x603430	192		
0x6034F0	192		
0x6035B0	592		
0x603800	544		
0x603A20	176		
0x603AD0	272		
0x603BE0	192		
0x603CA0	512		
0x603EA0	880		
0x604210	272		
0x604320	272		
0x604430	256		
0x604530	32		
0x604550	80		
0x6045A0	96		
0x604600	160		
0x6046A0	112		
0x604710	80		
0x604760	304		
0x604890	32		
0x6048B0	64		
0x6048F0	48		
0x604920	48		
0x604950	112		
0x6049C0	158		
0x604A5E	208		
0x604B2E	274		
0x604C40	128		
0x604CC0	160		
0x604D60	240		..\source\granny_local_pose.cpp
0x604E50	144		
0x604EE0	192		..\source\granny_local_pose.cpp
0x604FA0	320		
0x6050E0	272		
0x6051F0	48		
0x605220	224		
0x605300	192		..\source\granny_local_pose.cpp | %s(%d): BoneIndex %d is out of range [0, %d)
0x6053C0	208		..\source\granny_local_pose.cpp | %s(%d): BoneIndex %d is out of range [0, %d)
0x605490	160		
0x605530	48		
0x605560	64		
0x6055A0	96		
0x605600	32		
0x605620	176		
0x6056D0	144		
0x605760	80		
0x6057B0	48		
0x6057E0	160		
0x605880	864	GeometryHierarchyInst::vfunc0	
0x605BE0	320		
0x605D20	352		
0x605E80	416	GeometryHierarchyInst::vfunc1	
0x606020	688		
0x6062D0	368		
0x606440	704	GeometryHierarchyInst::vfunc15	
0x606700	576	GeometryHierarchyInst::vfunc16	
0x606940	512	GeometryHierarchyInst::vfunc17	
0x606B40	448		
0x606D00	80		
0x606D50	464		
0x606F20	48		
0x606F50	240		..\source\granny_local_pose.cpp
0x607040	352		
0x6071A0	112		
0x607210	64		
0x607250	64		
0x607290	96		
0x6072F0	96		
0x607350	208		
0x607420	96		
0x607480	192		
0x607540	112		
0x6075B0	128		
0x607630	96		
0x607690	128		
0x607710	80		
0x607760	176		
0x607810	80		
0x607860	144		
0x6078F0	816		
0x607C20	624		
0x607E90	448		
0x608050	1408		
0x6085D0	304		
0x608700	112		
0x608770	64		
0x6087B0	80		
0x608800	192		
0x6088C0	112		
0x608930	432		
0x608AE0	224		
0x608BC0	64		
0x608C00	64		
0x608C40	32		
0x608C60	80		
0x608CB0	144		
0x608D40	112		
0x608DB0	64		
0x608DF0	144		
0x608E80	224		
0x608F60	192		
0x609020	112		
0x609090	608		
0x6092F0	224		
0x6093D0	80		
0x609420	192		.\Audio\AudioMgr.cpp
0x6094E0	96		
0x609540	80		
0x609590	384		
0x609710	32		
0x609730	560		
0x609960	304		
0x609A90	288		
0x609BB0	144		
0x609C40	64		Couldn't load CueListResource
0x609C80	176		
0x609D30	80		
0x609D80	144		
0x609E10	80		
0x609E60	80		
0x609EB0	96		
0x609F10	160		
0x609FB0	192		
0x60A070	320		
0x60A1B0	224		
0x60A290	96		
0x60A2F0	464		
0x60A4C0	656		
0x60A750	496		
0x60A940	496		
0x60AB30	496		
0x60AD20	192		
0x60ADE0	272		
0x60AEF0	64		
0x60AF30	32		
0x60AF50	64		
0x60AF90	32		
0x60AFB0	64		
0x60AFF0	80		
0x60B040	272		
0x60B150	48		
0x60B180	32		
0x60B1A0	32		
0x60B1C0	32		
0x60B1E0	32		
0x60B200	64	VertexBufferResource::vfunc13	
0x60B240	64		
0x60B280	64		
0x60B2C0	80		
0x60B310	272		
0x60B420	208		
0x60B4F0	192		
0x60B5B0	112		
0x60B620	80		
0x60B670	96		
0x60B6D0	528		
0x60B8E0	80		
0x60B930	80		
0x60B980	112		
0x60B9F0	128		
0x60BA70	256		
0x60BB70	592		
0x60BDC0	960		
0x60C180	96		
0x60C1E0	99		
0x60C243	13		
0x60C250	32		
0x60C270	80		
0x60C2C0	144		
0x60C350	144		
0x60C3E0	224		
0x60C4C0	64		
0x60C500	160		
0x60C5A0	160		
0x60C640	1312		
0x60CB60	144		
0x60CBF0	1584		
0x60D220	480		
0x60D400	136		
0x60D488	110		
0x60D4F6	129		
0x60D577	153		
0x60D610	624		
0x60D880	352		
0x60D9E0	208		
0x60DAB0	80		
0x60DB00	1424		
0x60E090	160		
0x60E130	592		
0x60E380	96		
0x60E3E0	160		
0x60E480	128		
0x60E500	64		
0x60E540	96		
0x60E5A0	80		
0x60E5F0	144		
0x60E680	128		
0x60E700	32		
0x60E720	160		
0x60E7C0	112		
0x60E830	80		
0x60E880	80		
0x60E8D0	112		
0x60E940	33		
0x60E961	31		
0x60E980	79		
0x60E9CF	49		
0x60EA00	80		
0x60EA50	176		
0x60EB00	688		
0x60EDB0	64		
0x60EDF0	80		
0x60EE40	112		
0x60EEB0	192		
0x60EF70	224		
0x60F050	544		
0x60F270	480		
0x60F450	80		
0x60F4A0	192		
0x60F560	384		
0x60F6E0	224		
0x60F7C0	112		
0x60F830	304		
0x60F960	304		
0x60FA90	112		
0x60FB00	80		
0x60FB50	64		
0x60FB90	224		
0x60FC70	96		
0x60FCD0	176		
0x60FD80	80		
0x60FDD0	144		
0x60FE60	240		
0x60FF50	64		
0x60FF90	224		
0x610070	96		
0x6100D0	256		
0x6101D0	80		
0x610220	288		
0x610340	304		
0x610470	112		
0x6104E0	80		
0x610530	64		
0x610570	64		
0x6105B0	80		
0x610600	80		
0x610650	112		
0x6106C0	80		
0x610710	128		
0x610790	64		
0x6107D0	112		
0x610840	80		
0x610890	112		
0x610900	144		
0x610990	64		
0x6109D0	112		
0x610A40	352		
0x610BA0	480		Resource: Default LoadDataVirtual implementation called! | .\Resource\Resource.cpp | Default Resource is not a FactoryProduct!!
0x610D80	64		
0x610DC0	192		
0x610E80	192		
0x610F40	80		
0x610F90	128	VolumeTexture::vfunc5	
0x611010	32		
0x611030	64		
0x611070	192	VolumeTexture::vfunc13	
0x611130	400		Misunderstood texType | .\Renderer\Texture.cpp
0x6112C0	592		.\Renderer\Texture.cpp
0x611510	112		
0x611580	208		
0x611650	128		
0x6116D0	368		
0x611840	368		
0x6119B0	352		
0x611B10	112		
0x611B80	160		
0x611C20	144		
0x611CB0	224		
0x611D90	1744		
0x612460	224		
0x612540	192		
0x612600	272		
0x612710	128		
0x612790	144		
0x612820	128		
0x6128A0	240		
0x612990	208		
0x612A60	672		
0x612D00	1024		Misunderstood resource type | .\Resource\SharedMemoryBlock.cpp
0x613100	144		
0x613190	528		Bad magic number 1 in SharedMemoryBlock | .\Resource\SharedMemoryBlock.cpp | Bad magic number 0 in SharedMemoryBlock
0x6133A0	400		
0x613530	336		
0x613680	192		
0x613740	96		
0x6137A0	224		
0x613880	384		
0x613A00	240		
0x613AF0	48		
0x613B20	112		
0x613B90	144		
0x613C20	400		.\Resource\SharedMemoryBlock.cpp
0x613DB0	48		
0x613DE0	832		
0x614120	176		
0x6141D0	80		
0x614220	144		.\Resource\SharedMemoryBlock.cpp
0x6142B0	192		.\Resource\SharedMemoryBlock.cpp
0x614370	96		
0x6143D0	336		
0x614520	320		
0x614660	320		
0x6147A0	336		
0x6148F0	336		
0x614A40	336		
0x614B90	304		
0x614CC0	304		
0x614DF0	336		
0x614F40	336		
0x615090	320		
0x6151D0	320		
0x615310	320		
0x615450	336		
0x6155A0	320		
0x6156E0	320		
0x615820	320		
0x615960	320		
0x615AA0	304		
0x615BD0	64		
0x615C10	848		
0x615F60	880		
0x6162D0	288		
0x6163F0	64		
0x616430	144		
0x6164C0	112		
0x616530	416		
0x6166D0	160		
0x616770	120		
0x6167E8	24		
0x616800	102		
0x616866	10		
0x616870	52		
0x6168A4	172		
0x616950	384		
0x616AD0	240		
0x616BC0	448		Animation: NO PreProcessTextKeyCallback registered before loading animations! | .\Animation\Animation.cpp
0x616D80	368		Very very bad. | .\Animation\Animation.cpp
0x616EF0	576		
0x617130	80		
0x617180	224		
0x617260	96		
0x6172C0	112		
0x617330	1360		
0x617880	192		
0x617940	240		
0x617A30	80		
0x617A80	112		
0x617AF0	80		
0x617B40	112		
0x617BB0	96		
0x617C10	944		
0x617FC0	304		
0x6180F0	144		
0x618180	144		
0x618210	560		
0x618440	112		
0x6184B0	144		
0x618540	144		
0x6185D0	112		
0x618640	1232		
0x618B10	112		
0x618B80	176		
0x618C30	96		
0x618C90	320		
0x618DD0	48		
0x618E00	96		
0x618E60	48		
0x618E90	80		
0x618EE0	1168		
0x619370	1360		
0x6198C0	32		
0x6198E0	1072		
0x619D10	1856		
0x61A450	176		
0x61A500	384		
0x61A680	80		
0x61A6D0	144		
0x61A760	64		
0x61A7A0	288		
0x61A8C0	32		
0x61A8E0	64		
0x61A920	240		
0x61AA10	128		
0x61AA90	64		
0x61AAD0	48		
0x61AB00	208		
0x61ABD0	288		
0x61ACF0	160		
0x61AD90	880		
0x61B100	208		
0x61B1D0	128		
0x61B250	128		
0x61B2D0	64		
0x61B310	160		
0x61B3B0	48		
0x61B3E0	48		
0x61B410	64		
0x61B450	80		
0x61B4A0	160		
0x61B540	80		
0x61B590	80		
0x61B5E0	272		
0x61B6F0	64		
0x61B730	144		
0x61B7C0	48		
0x61B7F0	160		
0x61B890	384		
0x61BA10	352		
0x61BB70	96		
0x61BBD0	96		
0x61BC30	96		
0x61BC90	96		
0x61BCF0	208		
0x61BDC0	208		
0x61BE90	112		
0x61BF00	112		
0x61BF70	112		
0x61BFE0	112		
0x61C050	112		
0x61C0C0	112		
0x61C130	256		
0x61C230	128		
0x61C2B0	112		
0x61C320	464		
0x61C4F0	96		
0x61C550	576		
0x61C790	128		
0x61C810	128		
0x61C890	96		
0x61C8F0	112		
0x61C960	128		
0x61C9E0	80		
0x61CA30	160		
0x61CAD0	160		
0x61CB70	208		
0x61CC40	96		
0x61CCA0	112		
0x61CD10	64		
0x61CD50	144		
0x61CDE0	128		
0x61CE60	64		
0x61CEA0	64		
0x61CEE0	32		
0x61CF00	144		
0x61CF90	160		
0x61D030	192		
0x61D0F0	144		
0x61D180	144		
0x61D210	176		
0x61D2C0	432		
0x61D470	144		That zone is not referenced on the portal! | .\Level\Zones.cpp
0x61D500	528		
0x61D710	688		
0x61D9C0	112		
0x61DA30	96		
0x61DA90	80		
0x61DAE0	224		
0x61DBC0	96		
0x61DC20	112		
0x61DC90	96		
0x61DCF0	32		
0x61DD10	384		
0x61DE90	48		
0x61DEC0	592		
0x61E110	112		
0x61E180	96		
0x61E1E0	368		
0x61E350	144		
0x61E3E0	144		
0x61E470	736		
0x61E750	64		
0x61E790	176		
0x61E840	320		
0x61E980	208		
0x61EA50	368		
0x61EBC0	208		
0x61EC90	112		
0x61ED00	192		
0x61EDC0	208		
0x61EE90	128		
0x61EF10	112		
0x61EF80	112		
0x61EFF0	128		
0x61F070	80		
0x61F0C0	112		
0x61F130	144		
0x61F1C0	544		.\Level\Zones.cpp
0x61F3E0	464		.\Level\Zones.cpp
0x61F5B0	272		.\Level\Zones.cpp
0x61F6C0	176		
0x61F770	112		
0x61F7E0	64		
0x61F820	48		
0x61F850	48		
0x61F880	80		
0x61F8D0	192		
0x61F990	128		
0x61FA10	128		
0x61FA90	48		
0x61FAC0	80		
0x61FB10	160		
0x61FBB0	160		
0x61FC50	288		
0x61FD70	96		
0x61FDD0	21		
0x61FDE5	107		
0x61FE50	240		
0x61FF40	80		
0x61FF90	224		
0x620070	272		
0x620180	960		
0x620540	64		
0x620580	48		
0x6205B0	976		
0x620980	176		
0x620A30	112		
0x620AA0	128		
0x620B20	272		
0x620C30	224		
0x620D10	256		
0x620E10	400		
0x620FA0	64		
0x620FE0	112		
0x621050	80		
0x6210A0	96		
0x621100	96		
0x621160	112		
0x6211D0	112		
0x621240	176		
0x6212F0	48		
0x621320	384		
0x6214A0	368		
0x621610	192		
0x6216D0	80		
0x621720	128		
0x6217A0	224		
0x621880	448		
0x621A40	96		
0x621AA0	64		
0x621AE0	384		
0x621C60	96		
0x621CC0	48		
0x621CF0	368		
0x621E60	128		
0x621EE0	80		
0x621F30	256		
0x622030	96		
0x622090	224		
0x622170	112		
0x6221E0	800		
0x622500	384		
0x622680	240		
0x622770	256		
0x622870	112		
0x6228E0	80		
0x622930	144		
0x6229C0	400		
0x622B50	208		
0x622C20	240		
0x622D10	224		
0x622DF0	80		
0x622E40	80		
0x622E90	96		
0x622EF0	48		
0x622F20	208		
0x622FF0	160		
0x623090	192		
0x623150	320		
0x623290	112		
0x623300	448		
0x6234C0	256		
0x6235C0	544		
0x6237E0	951		
0x623B97	441		
0x623D50	320		
0x623E90	352		
0x623FF0	160		
0x624090	336		
0x6241E0	2224		
0x624A90	64		
0x624AD0	96		
0x624B30	80		
0x624B80	160		
0x624C20	80		
0x624C70	64		
0x624CB0	64		
0x624CF0	192		
0x624DB0	256		
0x624EB0	128		
0x624F30	64		
0x624F70	368		
0x6250E0	1504		
0x6256C0	320		
0x625800	320		
0x625940	320		
0x625A80	240		
0x625B70	96		
0x625BD0	80		
0x625C20	160		
0x625CC0	160		
0x625D60	96		
0x625DC0	96		
0x625E20	112		
0x625E90	112		
0x625F00	96		
0x625F60	192		
0x626020	288		
0x626140	384		
0x6262C0	192		
0x626380	912		
0x626710	80		
0x626760	80		
0x6267B0	208		
0x626880	144		
0x626910	32		
0x626930	224	Geometry::vfunc5	
0x626A10	96		
0x626A70	592		
0x626CC0	48		
0x626CF0	128		
0x626D70	48		
0x626DA0	128		
0x626E20	160		
0x626EC0	176		
0x626F70	160		
0x627010	160		
0x6270B0	112		
0x627120	112		
0x627190	112		
0x627200	112		
0x627270	64		
0x6272B0	96		
0x627310	192		
0x6273D0	320	DummyAudioEmitter::vfunc2	
0x627510	288		
0x627630	160		
0x6276D0	256		
0x6277D0	128		
0x627850	112		
0x6278C0	592		
0x627B10	112		
0x627B80	272		
0x627C90	128		
0x627D10	192		
0x627DD0	256		
0x627ED0	96		
0x627F30	80		
0x627F80	112		
0x627FF0	128		
0x628070	80		
0x6280C0	1136		
0x628530	128		.txt
0x6285B0	80		
0x628600	128		
0x628680	112		
0x6286F0	128		
0x628770	96		
0x6287D0	64		
0x628810	64		
0x628850	80		
0x6288A0	96		
0x628900	80		
0x628950	80		
0x6289A0	160		
0x628A40	64		
0x628A80	64		
0x628AC0	64		
0x628B00	448		Bad file version - code is old! | .\Audio\SoundCueMgr.cpp | Bad file version - data is old!
0x628CC0	96		
0x628D20	80		
0x628D70	304		
0x628EA0	32		
0x628EC0	80		
0x628F10	64		
0x628F50	80		
0x628FA0	96		
0x629000	96		
0x629060	144		
0x6290F0	400		
0x629280	96		
0x6292E0	80		
0x629330	224		
0x629410	176		
0x6294C0	1360		
0x629A10	32		
0x629A30	96		
0x629A90	160		
0x629B30	1168	VMInstanceInternal::vfunc7	
0x629FC0	368		
0x62A130	368		
0x62A2A0	328	VMInstanceInternal::vfunc39	
0x62A3E8	2728		
0x62AE90	368	VMInstanceInternal::vfunc22	
0x62B000	1056	VMInstanceInternal::vfunc38	
0x62B420	112		
0x62B490	112		
0x62B500	112		
0x62B570	144		
0x62B600	208		
0x62B6D0	224		
0x62B7B0	304		
0x62B8E0	192		
0x62B9A0	112		
0x62BA10	48		
0x62BA40	272		
0x62BB50	32		
0x62BB70	80		
0x62BBC0	224		
0x62BCA0	80		
0x62BCF0	96		
0x62BD50	48		
0x62BD80	144		
0x62BE10	48		
0x62BE40	48		
0x62BE70	32		
0x62BE90	32		
0x62BEB0	144		
0x62BF40	205		
0x62C00D	403		
0x62C1A0	416		
0x62C340	592		
0x62C590	544		
0x62C7B0	48		
0x62C7E0	176		
0x62C890	256		
0x62C990	752		
0x62CC80	96		
0x62CCE0	96		
0x62CD40	96		
0x62CDA0	112		
0x62CE10	160		
0x62CEB0	656		
0x62D140	112		
0x62D1B0	192		
0x62D270	160		
0x62D310	800		
0x62D630	544	ForceFieldInst::vfunc0	
0x62D850	336		
0x62D9A0	3040		
0x62E580	256		
0x62E680	96		
0x62E6E0	80		
0x62E730	272		
0x62E840	64		
0x62E880	608		
0x62EAE0	80		
0x62EB30	224		
0x62EC10	96		
0x62EC70	288		
0x62ED90	304		
0x62EEC0	624		
0x62F130	128		
0x62F1B0	163		
0x62F253	109		
0x62F2C0	32		
0x62F2E0	144		
0x62F370	144		
0x62F400	96		
0x62F460	32		
0x62F480	144		
0x62F510	144		
0x62F5A0	192		.xsb
0x62F660	64		
0x62F6A0	320		
0x62F7E0	112		
0x62F850	80		
0x62F8A0	304		
0x62F9D0	32		
0x62F9F0	224		
0x62FAD0	240		
0x62FBC0	48		
0x62FBF0	144		
0x62FC80	80		
0x62FCD0	112		
0x62FD40	112		
0x62FDB0	176		
0x62FE60	528		
0x630070	2064	GeometryHierarchyDef::vfunc19	This code is out of date! | .\Geometry\GeometryHierarchyDef.cpp
0x630880	96		
0x6308E0	80		
0x630930	96		
0x630990	592		
0x630BE0	48		
0x630C10	192		
0x630CD0	304		
0x630E00	80		
0x630E50	80		
0x630EA0	112		
0x630F10	80		
0x630F60	128		
0x630FE0	64		
0x631020	80		
0x631070	32		
0x631090	64		
0x6310D0	128		
0x631150	96		
0x6311B0	112		
0x631220	224		
0x631300	96		
0x631360	176		
0x631410	448		
0x6315D0	80		
0x631620	304		
0x631750	224		
0x631830	128		
0x6318B0	208		
0x631980	384		
0x631B00	480		
0x631CE0	144		
0x631D70	352		
0x631ED0	352		
0x632030	368		
0x6321A0	304		
0x6322D0	304		
0x632400	112		
0x632470	160		
0x632510	912		.\Core/CVarBodyVector.h
0x6328A0	528		
0x632AB0	144		
0x632B40	272		
0x632C50	112		
0x632CC0	224		
0x632DA0	59		
0x632DDB	53		
0x632E10	112		
0x632E80	512		
0x633080	384		
0x633200	432		
0x6333B0	112		
0x633420	96		
0x633480	80		
0x6334D0	112		
0x633540	224		
0x633620	64		
0x633660	304		
0x633790	96		
0x6337F0	128		
0x633870	80		
0x6338C0	128		
0x633940	128		
0x6339C0	64		
0x633A00	112		
0x633A70	128		
0x633AF0	96		
0x633B50	192		
0x633C10	208		
0x633CE0	144		
0x633D70	384		
0x633EF0	336		
0x634040	112		
0x6340B0	48		
0x6340E0	64		
0x634120	256		
0x634220	1299		
0x634733	1181		
0x634BD0	192		
0x634C90	48		
0x634CC0	208		
0x634D90	256		
0x634E90	48		
0x634EC0	224		
0x634FA0	160		
0x635040	592		
0x635290	304		
0x6353C0	864		
0x635720	160		
0x6357C0	80		
0x635810	64		
0x635850	624		
0x635AC0	64		
0x635B00	144		
0x635B90	192		
0x635C50	416		
0x635DF0	192		Degenerate vector in LookAt! | .\Math\Frame3Util.cpp
0x635EB0	448		
0x636070	112		
0x6360E0	128		
0x636160	96		
0x6361C0	96		
0x636220	128		
0x6362A0	224		
0x636380	688		
0x636630	1146		..\source\granny_local_pose.cpp | %s(%d): BoneIndex %d is out of range [0, %d)
0x636AAA	518		..\source\granny_local_pose.cpp | %s(%d): BoneIndex %d is out of range [0, %d)
0x636CB0	800		
0x636FD0	80		
0x637020	736		
0x637300	96		
0x637360	224		Should never be here | .\Renderer\HudFade.cpp
0x637440	224		Should never be here | .\Renderer\HudFade.cpp
0x637520	288		Should never be here | .\Renderer\HudFade.cpp
0x637640	64		
0x637680	112		
0x6376F0	48		
0x637720	32		
0x637740	400		
0x6378D0	304		
0x637A00	128		
0x637A80	64		
0x637AC0	160		
0x637B60	1360	GeometryDef::vfunc19	.\Geometry\GeometryDef.cpp
0x6380B0	1536	GeometryDef::vfunc20	
0x6386B0	272	GeometryDestructableDef::vfunc15	
0x6387C0	112		
0x638830	64		
0x638870	96		
0x6388D0	96		
0x638930	160		
0x6389D0	128		
0x638A50	576		Bad Collidable type | .\Geometry\Collidable.cpp | Bad wrapper version for Collidable
0x638C90	880	Collidable::vfunc13	Bad file version | .\Geometry\Collidable.cpp | Very bad.  Sub-write failed
0x639000	320		
0x639140	112		
0x6391B0	240		
0x6392A0	336		
0x6393F0	176		
0x6394A0	128		
0x639520	224		
0x639600	320		
0x639740	80		
0x639790	240		
0x639880	592		
0x639AD0	352		This code is out of date! | .\Animation\SentenceMgr.cpp
0x639C30	128		globallip
0x639CB0	256		
0x639DB0	624		
0x63A020	112		
0x63A090	96		
0x63A0F0	112		
0x63A160	144		
0x63A1F0	176		
0x63A2A0	224		
0x63A380	80		
0x63A3D0	304		
0x63A500	80		
0x63A550	32		
0x63A570	192		
0x63A630	160		
0x63A6D0	144		
0x63A760	96		
0x63A7C0	112		
0x63A830	256		
0x63A930	32		
0x63A950	192		onFadeOut
0x63AA10	80		
0x63AA60	80		
0x63AAB0	64		
0x63AAF0	64		
0x63AB30	112		
0x63ABA0	160		
0x63AC40	208		
0x63AD10	128		
0x63AD90	112		
0x63AE00	144		
0x63AE90	96		
0x63AEF0	368	GeometryDestructableInst::vfunc0	
0x63B060	384	GeometryDestructableInst::vfunc15	
0x63B1E0	304	GeometryDestructableInst::vfunc16	
0x63B310	384	GeometryDestructableInst::vfunc17	
0x63B490	128		
0x63B510	112		
0x63B580	96		
0x63B5E0	32		
0x63B600	128		
0x63B680	304		
0x63B7B0	464		
0x63B980	160		
0x63BA20	512		
0x63BC20	448		
0x63BDE0	272		
0x63BEF0	320		
0x63C030	144		
0x63C0C0	151		
0x63C157	953		
0x63C510	528		
0x63C720	96		
0x63C780	320		
0x63C8C0	96		
0x63C920	336		
0x63CA70	224		
0x63CB50	96		
0x63CBB0	144		
0x63CC40	64		
0x63CC80	384		
0x63CE00	160		
0x63CEA0	320		
0x63CFE0	448		Bad file version - code is old! | .\Resource\FontResource.cpp | Bad file version - data is old!
0x63D1A0	256		
0x63D2A0	80		
0x63D2F0	80		
0x63D340	736	QuadAnimationControl::vfunc12	
0x63D620	304	EaseControl::vfunc5	
0x63D750	160		
0x63D7F0	352		..\source\granny_controlled_animation.cpp | %s(%d): TrackGroupIndex %d is out of range [0, %d)
0x63D950	176		
0x63DA00	128		
0x63DA80	80		
0x63DAD0	96		
0x63DB30	432		
0x63DCE0	832		Control not mine! | .\Animation\QuadAnimationControl.cpp
0x63E020	240		
0x63E110	112		
0x63E180	112		
0x63E1F0	512		
0x63E3F0	384		
0x63E570	144		
0x63E600	112		
0x63E670	64		
0x63E6B0	208		
0x63E780	96		
0x63E7E0	544	BaseGeometryDef::vfunc19	
0x63EA00	224	BaseGeometryDef::vfunc20	
0x63EAE0	576		.\Geometry\BaseGeometryDef.cpp
0x63ED20	96		
0x63ED80	96		
0x63EDE0	112		
0x63EE50	112		
0x63EEC0	128		
0x63EF40	128		Effect | SpawnTendrilTweenObjects
0x63EFC0	128		
0x63F040	336		
0x63F190	96		
0x63F1F0	432		Too many tokens.  | .\Core\StringBufferTokenizer.cpp
0x63F3A0	64		
0x63F3E0	80		
0x63F430	592		
0x63F680	1344		
0x63FBC0	64		
0x63FC00	624		
0x63FE70	112		
0x63FEE0	2512		
0x6408B0	336		
0x640A00	96		
0x640A60	1200		
0x640F10	304		
0x641040	272		
0x641150	368		
0x6412C0	304		
0x6413F0	32		
0x641410	64		
0x641450	96		
0x6414B0	224		
0x641590	592		
0x6417E0	80		
0x641830	208		
0x641900	272		
0x641A10	288	PointLight::vfunc8	
0x641B30	368	PointLight::vfunc9	
0x641CA0	304	PointLight::vfunc10	
0x641DD0	128		
0x641E50	272		
0x641F60	448	SpotLight::vfunc10	
0x642120	128		
0x6421A0	144		
0x642230	48		
0x642260	96		
0x6422C0	80		
0x642310	352		%s_%i
0x642470	144		
0x642500	224		
0x6425E0	304		
0x642710	112		
0x642780	112		
0x6427F0	32		
0x642810	64		
0x642850	144		
0x6428E0	112		
0x642950	176		
0x642A00	160		
0x642AA0	96		
0x642B00	544		
0x642D20	464		
0x642EF0	576		
0x643130	2672		
0x643BA0	432		
0x643D50	560		
0x643F80	560		
0x6441B0	208		
0x644280	256		
0x644380	224		
0x644460	528		
0x644670	1712		
0x644D20	224		
0x644E00	128		
0x644E80	416		
0x645020	240		
0x645110	816		
0x645440	112		
0x6454B0	192		
0x645570	304		
0x6456A0	288		
0x6457C0	96		
0x645820	160		
0x6458C0	332		
0x645A0C	116		
0x645A80	84		
0x645AD4	124		
0x645B50	160		
0x645BF0	240		Too many vis queries pending !! | .\Renderer\Visibility.cpp
0x645CE0	112		
0x645D50	224		
0x645E30	240		
0x645F20	144		
0x645FB0	1872		
0x646700	240		
0x6467F0	112		
0x646860	160		
0x646900	624		v54_%08x_vs.cg | .\Renderer\VertexShaderMgr.cpp
0x646B70	304		
0x646CA0	192		
0x646D60	96		
0x646DC0	32		
0x646DE0	80		
0x646E30	144		
0x646EC0	64		
0x646F00	128		
0x646F80	80		
0x646FD0	80		
0x647020	96		
0x647080	128		
0x647100	944		
0x6474B0	240		
0x6475A0	240		
0x647690	112		
0x647700	160		
0x6477A0	624		v54_%08x_fs.cg | .\Renderer\PixelShaderMgr.cpp
0x647A10	112		
0x647A80	96		
0x647AE0	240		
0x647BD0	464		Bad file version - code is old! | .\Resource\CompiledShader.cpp | Bad file version - data is old!
0x647DA0	64		
0x647DE0	480		
0x647FC0	480		
0x6481A0	528		
0x6483B0	160		
0x648450	1664		
0x648AD0	272		
0x648BE0	112		
0x648C50	96		
0x648CB0	112		
0x648D20	416		
0x648EC0	384		
0x649040	96		
0x6490A0	272		
0x6491B0	176		
0x649260	272		
0x649370	704		
0x649630	32		
0x649650	640	MaterialDef::vfunc2	
0x6498D0	592	MaterialDef::vfunc3	Not implemented in FINAL! | .\Renderer\MaterialDef.cpp | Clone is not implemented for this type!
0x649B20	240	MaterialDef_Transparent::vfunc15	
0x649C10	144		_noshadow | _aa
0x649CA0	192	MaterialDef_None::vfunc16	
0x649D60	384		
0x649EE0	336		
0x64A030	160		
0x64A0D0	224		
0x64A1B0	304		
0x64A2E0	32		
0x64A300	64		
0x64A340	96		
0x64A3A0	272		
0x64A4B0	48		
0x64A4E0	224		
0x64A5C0	64		
0x64A600	9744		
0x64CC10	80		Tried to set Position element on a non-supported vertex | d:\exodduspc\code\engine\Renderer/VertexFormatElements.h
0x64CC60	112		Tried to get Position element from a non-supported vertex | d:\exodduspc\code\engine\Renderer/VertexFormatElements.h
0x64CCD0	96		d:\exodduspc\code\engine\renderer\VertexFormat.h
0x64CD30	112		d:\exodduspc\code\engine\renderer\VertexFormat.h
0x64CDA0	96		d:\exodduspc\code\engine\renderer\VertexFormat.h
0x64CE00	112		d:\exodduspc\code\engine\renderer\VertexFormat.h
0x64CE70	80		Tried to set Position element on a non-supported vertex | d:\exodduspc\code\engine\Renderer/VertexFormatElements.h
0x64CEC0	112		Tried to get Position element from a non-supported vertex | d:\exodduspc\code\engine\Renderer/VertexFormatElements.h
0x64CF30	96		No PointSprite params | d:\exodduspc\code\engine\Renderer/VertexFormatElements.h
0x64CF90	96		No PointSprite params | d:\exodduspc\code\engine\Renderer/VertexFormatElements.h
0x64CFF0	96		No PointSprite params | d:\exodduspc\code\engine\Renderer/VertexFormatElements.h
0x64D050	96		No PointSprite params | d:\exodduspc\code\engine\Renderer/VertexFormatElements.h
0x64D0B0	96		No Binormals | d:\exodduspc\code\engine\Renderer/VertexFormatElements.h
0x64D110	96		No Binormals | d:\exodduspc\code\engine\Renderer/VertexFormatElements.h
0x64D170	96		No Bone weights | d:\exodduspc\code\engine\Renderer/VertexFormatElements.h
0x64D1D0	96		No Bone weights | d:\exodduspc\code\engine\Renderer/VertexFormatElements.h
0x64D230	96		No Bone weights | d:\exodduspc\code\engine\Renderer/VertexFormatElements.h
0x64D290	96		No Bone weights | d:\exodduspc\code\engine\Renderer/VertexFormatElements.h
0x64D2F0	96		No Bone weights | d:\exodduspc\code\engine\Renderer/VertexFormatElements.h
0x64D350	96		No Texcoords on this vertex type | d:\exodduspc\code\engine\Renderer/VertexFormatElements.h
0x64D3B0	96		No Texcoords on this vertex type | d:\exodduspc\code\engine\Renderer/VertexFormatElements.h
0x64D410	96		Tried to set Diffuse element from a non-supported vertex | d:\exodduspc\code\engine\Renderer/VertexFormatElements.h
0x64D470	112		Tried to get Diffuse element from a non-supported vertex | d:\exodduspc\code\engine\Renderer/VertexFormatElements.h
0x64D4E0	96		Tried to set Diffuse element from a non-supported vertex | d:\exodduspc\code\engine\Renderer/VertexFormatElements.h
0x64D540	112		Tried to get Diffuse element from a non-supported vertex | d:\exodduspc\code\engine\Renderer/VertexFormatElements.h
0x64D5B0	80		Not supported on this vert type | d:\exodduspc\code\engine\Renderer/VertexFormatElements.h
0x64D600	112		Not supported on this vert type | d:\exodduspc\code\engine\Renderer/VertexFormatElements.h
0x64D670	336		
0x64D7C0	80		
0x64D810	96		
0x64D870	96		
0x64D8D0	80		
0x64D920	112		
0x64D990	80		
0x64D9E0	240		
0x64DAD0	176		
0x64DB80	416		ReadWholeStream::Write | .\Core\ReadWholeStream.cpp
0x64DD20	224		
0x64DE00	112		
0x64DE70	96		
0x64DED0	688		
0x64E180	96		
0x64E1E0	608		
0x64E440	96		
0x64E4A0	96		
0x64E500	96		
0x64E560	208		
0x64E630	480		
0x64E810	1168	MaterialInst_Transparent::vfunc11	
0x64ECA0	192		
0x64ED60	1024		
0x64F160	1200		
0x64F610	1376		
0x64FB70	240		
0x64FC60	80		
0x64FCB0	528		
0x64FEC0	64		
0x64FF00	96		
0x64FF60	80		
0x64FFB0	96		
0x650010	288		
0x650130	208		
0x650200	144		
0x650290	176		
0x650340	192		
0x650400	144		
0x650490	128		
0x650510	112		
0x650580	80		
0x6505D0	448		
0x650790	480		Bad file version - code is old! | .\Resource\GameStringIndex.cpp | Bad file version - data is old!
0x650970	528		
0x650B80	48		
0x650BB0	64		
0x650BF0	96		
0x650C50	768		
0x650F50	688		
0x651200	288		
0x651320	224		
0x651400	48		
0x651430	176		
0x6514E0	64		
0x651520	80		
0x651570	192		
0x651630	656		
0x6518C0	80		
0x651910	80		
0x651960	176		
0x651A10	208		
0x651AE0	128		
0x651B60	80		
0x651BB0	112		
0x651C20	528		
0x651E30	336		
0x651F80	432		Failed to load resource! | .\Resource\ResourceManagerImpl.cpp
0x652130	176		
0x6521E0	80		
0x652230	176		
0x6522E0	144		
0x652370	112		
0x6523E0	128		vector
0x652460	272		
0x652570	160		
0x652610	208		
0x6526E0	96		
0x652740	80		
0x652790	80		
0x6527E0	128		
0x652860	96		
0x6528C0	16		
0x6528D0	160		
0x652970	64		
0x6529B0	48		
0x6529E0	80		
0x652A30	64		
0x652A70	144		
0x652B00	64		
0x652B40	128		
0x652BC0	416		
0x652D60	240		
0x652E50	480		
0x653030	224		
0x653110	64		
0x653150	224		
0x653230	48		
0x653260	96		
0x6532C0	96		
0x653320	64		
0x653360	176		
0x653410	80		
0x653460	112		
0x6534D0	240		
0x6535C0	64		
0x653600	224		
0x6536E0	96		
0x653740	256		
0x653840	80		
0x653890	288		
0x6539B0	384		
0x653B30	80		
0x653B80	224		
0x653C60	592		.\Audio\WaveBank.cpp
0x653EB0	96		
0x653F10	112		
0x653F80	464		
0x654150	224		
0x654230	272		
0x654340	144		
0x6543D0	96		
0x654430	96		
0x654490	64		
0x6544D0	272		
0x6545E0	160		
0x654680	752		
0x654970	352		
0x654AD0	432		
0x654C80	592		
0x654ED0	64		
0x654F10	240		
0x655000	112		
0x655070	96		
0x6550D0	96		
0x655130	64		
0x655170	128		
0x6551F0	144		
0x655280	160		
0x655320	96		
0x655380	160		
0x655420	160		
0x6554C0	112		
0x655530	80		
0x655580	128		
0x655600	112		
0x655670	80		
0x6556C0	128		
0x655740	144		
0x6557D0	64		
0x655810	144		
0x6558A0	64		
0x6558E0	80		
0x655930	80		
0x655980	96		
0x6559E0	96		
0x655A40	96		
0x655AA0	96		
0x655B00	96		
0x655B60	96		
0x655BC0	176		
0x655C70	96		
0x655CD0	336		
0x655E20	368	MaterialInst_SimpleTextured::vfunc11	
0x655F90	240		
0x656080	800		
0x6563A0	192		
0x656460	208		
0x656530	96		
0x656590	288		
0x6566B0	1040		
0x656AC0	960	MaterialInst_StaticVertexLit::vfunc11	
0x656E80	80		
0x656ED0	800		
0x6571F0	192		
0x6572B0	144		
0x657340	96		
0x6573A0	96		
0x657400	224		
0x6574E0	914		
0x657872	430		
0x657A20	832	MaterialInst_StaticInstance::vfunc11	
0x657D60	80		
0x657DB0	240		
0x657EA0	96		
0x657F00	1008		
0x6582F0	656	MaterialInst_DynamicVertexLit::vfunc11	
0x658580	576		
0x6587C0	80		
0x658810	272		
0x658920	1424		
0x658EB0	432		
0x659060	256		
0x659160	208		
0x659230	96		
0x659290	1632		
0x6598F0	1280	MaterialInst_NormalMapped::vfunc11	
0x659DF0	96		
0x659E50	96		
0x659EB0	128		
0x659F30	96		
0x659F90	96		
0x659FF0	256		
0x65A0F0	560		
0x65A320	736	MaterialInst_TriBlended2::vfunc6	
0x65A600	960	MaterialInst_TriBlended2::vfunc11	
0x65A9C0	592		
0x65AC10	144		
0x65ACA0	144		
0x65AD30	432		
0x65AEE0	304	MaterialInst_MatteTextured::vfunc11	
0x65B010	96		
0x65B070	64		
0x65B0B0	208		
0x65B180	80		
0x65B1D0	96		
0x65B230	208		
0x65B300	496		
0x65B4F0	224		
0x65B5D0	64		
0x65B610	384		
0x65B790	160		
0x65B830	160		
0x65B8D0	176		
0x65B980	144		
0x65BA10	96		
0x65BA70	272		
0x65BB80	352		
0x65BCE0	96		
0x65BD40	80		
0x65BD90	96		
0x65BDF0	80		
0x65BE40	48		
0x65BE70	256		
0x65BF70	288		
0x65C090	864		
0x65C3F0	288		
0x65C510	48		
0x65C540	112		
0x65C5B0	96		
0x65C610	176		
0x65C6C0	208		
0x65C790	96		
0x65C7F0	160		
0x65C890	144		
0x65C920	96		
0x65C980	80		
0x65C9D0	80		
0x65CA20	64		
0x65CA60	128		
0x65CAE0	112		
0x65CB50	128		
0x65CBD0	80		
0x65CC20	560		
0x65CE50	656		
0x65D0E0	272		
0x65D1F0	400		
0x65D380	176		
0x65D430	192		
0x65D4F0	64		
0x65D530	144		
0x65D5C0	240		
0x65D6B0	240		
0x65D7A0	240		
0x65D890	128		
0x65D910	80		
0x65D960	288		
0x65DA80	208		
0x65DB50	768		
0x65DE50	128		
0x65DED0	496		
0x65E0C0	112		
0x65E130	1200		
0x65E5E0	64		
0x65E620	160		
0x65E6C0	64		
0x65E700	64		
0x65E740	256		
0x65E840	80		
0x65E890	64		
0x65E8D0	96		
0x65E930	16		
0x65E940	48		
0x65E970	64		
0x65E9B0	80		
0x65EA00	112		
0x65EA70	64		
0x65EAB0	144		
0x65EB40	176		
0x65EBF0	80		
0x65EC40	112		
0x65ECB0	48		
0x65ECE0	96		
0x65ED40	48		
0x65ED70	64		
0x65EDB0	96		
0x65EE10	48		
0x65EE40	64		
0x65EE80	48		
0x65EEB0	352		
0x65F010	144		
0x65F0A0	640		
0x65F320	160		
0x65F3C0	48		
0x65F3F0	496		
0x65F5E0	192		
0x65F6A0	112		
0x65F710	224		
0x65F7F0	112		
0x65F860	320		
0x65F9A0	64		
0x65F9E0	384		%02X |     
0x65FB60	480		
0x65FD40	192		
0x65FE00	416		
0x65FFA0	48		
0x65FFD0	816		
0x660300	2368		
0x660C40	176		
0x660CF0	832		
0x661030	480		
0x661210	176		
0x6612C0	1056		
0x6616E0	112		
0x661750	352		
0x6618B0	288		
0x6619D0	1024		
0x661DD0	1152		
0x662250	400		
0x6623E0	80		
0x662430	656		
0x6626C0	176		
0x662770	128		
0x6627F0	1104		
0x662C40	528		shape_loader: id = %d, rect 
0x662E50	656		
0x6630E0	160		
0x663180	96		
0x6631E0	288		
0x663300	1168		
0x663790	192		
0x663850	576		
0x663A90	432		
0x663C40	400		
0x663DD0	288		
0x663EF0	752		
0x6641E0	624		onRollout
0x664450	832		
0x664790	208		
0x664860	96		
0x6648C0	1568		
0x664EE0	176		
0x664F90	240		
0x665080	256		
0x665180	720		
0x665450	2192		
0x665CE0	832		
0x666020	304		
0x666150	944		
0x666500	656		
0x666790	336		
0x6668E0	464		
0x666AB0	624		
0x666D20	96		
0x666D80	176		
0x666E30	144		
0x666EC0	160		
0x666F60	352		
0x6670C0	336		
0x667210	320		
0x667350	160		
0x6673F0	160		
0x667490	368		
0x667600	96		
0x667660	80		
0x6676B0	160		
0x667750	192		
0x667810	112		
0x667880	80		
0x6678D0	352		
0x667A30	144		
0x667AC0	48		
0x667AF0	80		
0x667B40	432		
0x667CF0	112		
0x667D60	256		
0x667E60	432		
0x668010	96		
0x668070	112		
0x6680E0	112		
0x668150	128		
0x6681D0	112		
0x668240	128		
0x6682C0	192		
0x668380	368		
0x6684F0	64		
0x668530	64		
0x668570	48		
0x6685A0	192		
0x668660	48		
0x668690	48		
0x6686C0	64		
0x668700	48		
0x668730	32		
0x668750	304		
0x668880	368		
0x6689F0	352		
0x668B50	336		
0x668CA0	384		
0x668E20	112		
0x668E90	112		
0x668F00	80		
0x668F50	64		
0x668F90	64		
0x668FD0	48		
0x669000	352		
0x669160	336		
0x6692B0	336		
0x669400	208		
0x6694D0	208		
0x6695A0	208		
0x669670	208		
0x669740	128		
0x6697C0	80		
0x669810	80		
0x669860	128		
0x6698E0	272		
0x6699F0	400		
0x669B80	272		
0x669C90	64		
0x669CD0	256		
0x669DD0	96		
0x669E30	96		
0x669E90	80		vector
0x669EE0	176		
0x669F90	64		
0x669FD0	64		
0x66A010	64		
0x66A050	48		
0x66A080	112		
0x66A0F0	80		
0x66A140	80		
0x66A190	80		
0x66A1E0	80		
0x66A230	80		
0x66A280	80		vector
0x66A2D0	144		
0x66A360	160		
0x66A400	64		
0x66A440	272		
0x66A550	64		
0x66A590	64		
0x66A5D0	64		
0x66A610	80		
0x66A660	80		
0x66A6B0	96		
0x66A710	80		
0x66A760	32		
0x66A780	80		
0x66A7D0	32		
0x66A7F0	48		
0x66A820	128		
0x66A8A0	64		
0x66A8E0	80		
0x66A930	96		
0x66A990	80		
0x66A9E0	96		
0x66AA40	176		
0x66AAF0	80		
0x66AB40	112		
0x66ABB0	48		
0x66ABE0	128		
0x66AC60	128		
0x66ACE0	112		
0x66AD50	192		
0x66AE10	224		
0x66AEF0	64		
0x66AF30	1216		
0x66B3F0	96		
0x66B450	96		
0x66B4B0	96		
0x66B510	96		
0x66B570	112		
0x66B5E0	96		
0x66B640	112		
0x66B6B0	112		
0x66B720	96		
0x66B780	96		
0x66B7E0	96		
0x66B840	96		
0x66B8A0	128		
0x66B920	144		
0x66B9B0	144		
0x66BA40	128		
0x66BAC0	96		
0x66BB20	112		
0x66BB90	2912		
0x66C6F0	128		
0x66C770	480		
0x66C950	176		
0x66CA00	256		
0x66CB00	288		
0x66CC20	592		
0x66CE70	2656		
0x66D8D0	320		
0x66DA10	272		
0x66DB20	800		charCodeAt | indexOf | substring
0x66DE40	192		
0x66DF00	352		
0x66E060	80		
0x66E0B0	352		
0x66E210	208		
0x66E2E0	144		
0x66E370	8592		
0x670500	32		
0x670520	304		<object 0x%X> | <c_function 0x%X> | <as_function 0x%X>
0x670650	80		
0x6706A0	144		
0x670730	16		
0x670740	64		
0x670780	80		
0x6707D0	48		
0x670800	336		
0x670950	928		
0x670CF0	288		
0x670E10	720		
0x6710E0	160		
0x671180	112		
0x6711F0	160		
0x671290	48		
0x6712C0	64		
0x671300	176		
0x6713B0	272		
0x6714C0	80		error: invalid path; neither string nor object
0x671510	432		
0x6716C0	352		
0x671820	1936		
0x671FB0	944		<unknown>[0x%02X] | %-15s |  0x%02X
0x672360	112		
0x6723D0	96		
0x672430	112		
0x6724A0	96		
0x672500	112		
0x672570	80		
0x6725C0	96		
0x672620	368		
0x672790	80		
0x6727E0	128		
0x672860	112		
0x6728D0	192		
0x672990	320		
0x672AD0	80		
0x672B20	48		
0x672B50	160		
0x672BF0	208		
0x672CC0	208		
0x672D90	288		
0x672EB0	80		
0x672F00	272		
0x673010	96		
0x673070	112		
0x6730E0	96		
0x673140	128		
0x6731C0	208		
0x673290	112		
0x673300	96		
0x673360	112		
0x6733D0	32		
0x6733F0	80		
0x673440	96		
0x6734A0	96		vector
0x673500	96		
0x673560	80		vector
0x6735B0	128		
0x673630	128		
0x6736B0	192		
0x673770	48		
0x6737A0	320		
0x6738E0	320		
0x673A20	48		
0x673A50	64		
0x673A90	128		
0x673B10	96		
0x673B70	80		
0x673BC0	160		
0x673C60	272		
0x673D70	64		
0x673DB0	128		
0x673E30	32		
0x673E50	61		
0x673E8D	51		
0x673EC0	176		
0x673F70	64		
0x673FB0	64		
0x673FF0	272		
0x674100	128		
0x674180	128		
0x674200	64		
0x674240	128		
0x6742C0	64		
0x674300	48		
0x674330	160		
0x6743D0	96		
0x674430	96		
0x674490	288		
0x6745B0	560		
0x6747E0	112		
0x674850	144		
0x6748E0	160		
0x674980	288		
0x674AA0	416		
0x674C40	800		
0x674F60	512		
0x675160	128		
0x6751E0	1552		
0x6757F0	208		
0x6758C0	672		
0x675B60	848		gameswf::fontlib::save_cached_font_data(): problem writing to output stream!
0x675EB0	1440		
0x676450	448		
0x676610	64		
0x676650	80		
0x6766A0	112		
0x676710	64		
0x676750	176		
0x676800	128		
0x676880	80		
0x6768D0	64		
0x676910	128		
0x676990	64		
0x6769D0	80		
0x676A20	48		
0x676A50	608		
0x676CB0	112		
0x676D20	224		
0x676E00	240		
0x676EF0	224		
0x676FD0	192		
0x677090	80		
0x6770E0	32		
0x677100	160		
0x6771A0	112		vector
0x677210	112		
0x677280	80		vector
0x6772D0	80		vector
0x677320	96		vector
0x677380	128		
0x677400	128		
0x677480	288		
0x6775A0	288		
0x6776C0	96		
0x677720	96		
0x677780	96		
0x6777E0	48		
0x677810	160		
0x6778B0	176		
0x677960	48		
0x677990	784		
0x677CA0	352		
0x677E00	112		
0x677E70	128		
0x677EF0	368		
0x678060	128		
0x6780E0	144		
0x678170	288		
0x678290	816		
0x6785C0	112		
0x678630	112		
0x6786A0	112		
0x678710	128		
0x678790	320		MakeFit failed! | .\Core\MemStreamWrite.cpp
0x6788D0	224		
0x6789B0	352		
0x678B10	2288	VMClass::vfunc19	
0x679400	448		
0x6795C0	96		You should never be registering functions here, foo. | .\Script\VMClass.cpp
0x679620	64		
0x679660	64	VMClass::vfunc23	
0x6796A0	96	VMClass::vfunc24	
0x679700	80		
0x679750	1904		
0x679EC0	368		
0x67A030	80		
0x67A080	48		
0x67A0B0	96		
0x67A110	96		
0x67A170	80		
0x67A1C0	112		
0x67A230	208		
0x67A300	224		
0x67A3E0	112		
0x67A450	128		
0x67A4D0	128		
0x67A550	96		
0x67A5B0	144		
0x67A640	64		
0x67A680	128		
0x67A700	128		
0x67A780	112		
0x67A7F0	112		
0x67A860	336		.\Renderer\VertexBufferResource.cpp
0x67A9B0	96	VertexBufferResource::vfunc5	
0x67AA10	128		
0x67AA90	144		
0x67AB20	624		Bad file version - code is old! | .\Geometry\SkeletonResource.cpp
0x67AD90	80		
0x67ADE0	144		
0x67AE70	160		
0x67AF10	528		Bad file version - code is old! | .\Resource\NavResource.cpp | Bad file version - data is old!
0x67B120	240		
0x67B210	160		
0x67B2B0	144		
0x67B340	192		
0x67B400	80		
0x67B450	48		
0x67B480	80		
0x67B4D0	80		
0x67B520	112		
0x67B590	80		
0x67B5E0	560		Bad file version - code is old! | .\Resource\BinaryResource.cpp
0x67B810	112		
0x67B880	112		
0x67B8F0	373		Bad file version - code is old! | .\Audio\SoundBank.cpp
0x67BA65	75		
0x67BAB0	144	SoundBank::vfunc5	
0x67BB40	512		
0x67BD40	112		
0x67BDB0	384		
0x67BF30	80	RenderableVB::vfunc11	
0x67BF80	144	RenderableVB::vfunc13	BVnR
0x67C010	176	RenderableVB::vfunc14	
0x67C0C0	480	IndexedRenderableVB::vfunc11	
0x67C2A0	192		
0x67C360	688	PBIndexedRenderableVB::vfunc11	
0x67C610	960		Not implemented in FINAL! | .\Renderer\Materials\MaterialDef_MatteTextured.cpp
0x67C9D0	240		
0x67CAC0	698		
0x67CD7A	1558		Not implemented in FINAL! | .\Renderer\Materials\MaterialDef_StaticInstance.cpp
0x67D390	1600		Not implemented in FINAL! | .\Renderer\Materials\MaterialDef_NormalMapped.cpp
0x67D9D0	240		
0x67DAC0	240		
0x67DBB0	144		
0x67DC40	96		
0x67DCA0	1393		
0x67E211	447		Not implemented in FINAL! | .\Renderer\Materials\MaterialDef_TriBlended2.cpp
0x67E3D0	2016		
0x67EBB0	848		
0x67EF00	1216		Not implemented in FINAL! | .\Renderer\Materials\MaterialDef_SimpleTextured.cpp
0x67F3C0	1424		Not implemented in FINAL! | .\Renderer\Materials\MaterialDef_Transparent.cpp
0x67F950	112		
0x67F9C0	256		
0x67FAC0	96		
0x67FB20	208		
0x67FBF0	2048		Not implemented in FINAL! | .\Renderer\Materials\MaterialDef_StaticVertexLit.cpp
0x6803F0	1024		Not implemented in FINAL! | .\Renderer\Materials\MaterialDef_DynamicVertexLit.cpp
0x6807F0	192		
0x6808B0	176		
0x680960	192	GeometryGroup::vfunc15	
0x680A20	1248	GeometryGroup::vfunc16	 GeometryGroup::RenderSubset should not be called!!  | .\Geometry\GeometryGroup.cpp
0x680F00	144		
0x680F90	432		
0x681140	2112		
0x681980	320		
0x681AC0	320		
0x681C00	320		
0x681D40	80		
0x681D90	80		
0x681DE0	80		
0x681E30	960		
0x6821F0	112	int	
0x682260	128	float	
0x6822E0	192	String	
0x6823A0	496	ID	
0x682590	160		
0x682630	1189		
0x682AD5	1115		
0x682F30	144	and	
0x682FC0	128	or	
0x683040	96	not	
0x6830A0	976	sin	
0x683470	256	Sleep	
0x683570	1120		float | int | String
0x6839D0	304		invalid CUBEMAP_FACE | .\Renderer/TextureUtil.h
0x683B00	416		
0x683CA0	224		
0x683D80	128		
0x683E00	224		
0x683EE0	576		
0x684120	160		
0x6841C0	64		
0x684200	480		
0x6843E0	80		
0x684430	128		
0x6844B0	208		
0x684580	80		
0x6845D0	128		
0x684650	144		
0x6846E0	80		
0x684730	64		
0x684770	96		
0x6847D0	80		
0x684820	64		
0x684860	48		
0x684890	448		
0x684A50	736		
0x684D30	2464		
0x6856D0	176		
0x685780	1456		
0x685D30	236		
0x685E1C	788		
0x686130	288		
0x686250	96		
0x6862B0	208		
0x686380	144		
0x686410	128		
0x686490	64	SpatialIndexHash::vfunc1	
0x6864D0	1584	SpatialIndexHash::vfunc6	
0x686B00	96		
0x686B60	464	SpatialIndexSingle::vfunc1	
0x686D30	176		
0x686DE0	464		
0x686FB0	496		
0x6871A0	128		
0x687220	128		
0x6872A0	416		
0x687440	416		
0x6875E0	208		
0x6876B0	208		
0x687780	144		
0x687810	880		
0x687B80	960		
0x687F40	96		
0x687FA0	112		
0x688010	1136		
0x688480	368		
0x6885F0	1040		
0x688A00	80		
0x688A50	1072		
0x688E80	304		
0x688FB0	1568		
0x6895D0	96	KDTree::vfunc4	
0x689630	512	KDTree::vfunc7	
0x689830	512		Bad file version - code is old! | .\Geometry\KDTree.cpp | Bad file version - data is old!
0x689A30	208		
0x689B00	27		
0x689B1B	85		
0x689B70	112		
0x689BE0	160		
0x689C80	1152		
0x68A100	368		
0x68A270	960		
0x68A630	80		
0x68A680	992		
0x68AA60	288		
0x68AB80	1152		
0x68B000	64		
0x68B040	528	KDTree2::vfunc2	You fucked up somewhere, dave. | .\Geometry\KDTree2.cpp
0x68B250	96	KDTree2::vfunc4	
0x68B2B0	592	KDTree2::vfunc7	
0x68B500	128		
0x68B580	256		
0x68B680	272		
0x68B790	240		
0x68B880	928		Bad file version - code is old! | .\Geometry\KDTree2.cpp | Bad file version - data is old!
0x68BC20	80		
0x68BC70	480		
0x68BE50	336		Bad file version - code is old! | .\Animation\LipDataGroup.cpp | Bad file version - data is old!
0x68BFA0	144		
0x68C030	192		
0x68C0F0	400		
0x68C280	96		
0x68C2E0	96		
0x68C340	144		
0x68C3D0	96		
0x68C430	384		
0x68C5B0	368		
0x68C720	432		
0x68C8D0	64		
0x68C910	112		
0x68C980	48		
0x68C9B0	288		
0x68CAD0	192		
0x68CB90	64		
0x68CBD0	112		
0x68CC40	256		
0x68CD40	256		
0x68CE40	208		Trying to use FloatImage! | .\Swf\BitmapInfoOWI.cpp
0x68CF10	208		Trying to use FloatImage! | .\Swf\BitmapInfoOWI.cpp
0x68CFE0	208		Trying to use FloatImage! | .\Swf\BitmapInfoOWI.cpp
0x68D0B0	128		
0x68D130	176		
0x68D1E0	1328		File version is newer than code! | .\Geometry\GeometryDestructableDef.cpp | File version is too old!
0x68D710	80		
0x68D760	80		
0x68D7B0	240		
0x68D8A0	208		
0x68D970	208		
0x68DA40	112		
0x68DAB0	272		
0x68DBC0	1024		
0x68DFC0	112		
0x68E030	96		
0x68E090	240		
0x68E180	96		
0x68E1E0	128		
0x68E260	144		
0x68E2F0	64		
0x68E330	128		
0x68E3B0	96		
0x68E410	96		
0x68E470	112		
0x68E4E0	128		
0x68E560	160		
0x68E600	48		
0x68E630	800		screen_z | Color0 | Color1
0x68E950	2304		tex2D( u0 | tex2D( u1 | tex2D( u2
0x68F250	80		
0x68F2A0	144		
0x68F330	224		
0x68F410	240		
0x68F500	9040		_MODULATE_REGISTER | ___ALPHA_REGISTER___
0x691850	224		
0x691930	192		
0x6919F0	144		
0x691A80	176		
0x691B30	128		
0x691BB0	176		
0x691C60	128		
0x691CE0	128		
0x691D60	96		
0x691DC0	80		
0x691E10	256		
0x691F10	176		
0x691FC0	656		
0x692250	112		
0x6922C0	80		
0x692310	480		
0x6924F0	32		
0x692510	64		
0x692550	144		
0x6925E0	288		
0x692700	1088		
0x692B40	96		
0x692BA0	96		
0x692C00	112		
0x692C70	112		
0x692CE0	144		
0x692D70	144		
0x692E00	176		
0x692EB0	160		
0x692F50	80		
0x692FA0	144		
0x693030	1184		0gj
0x6934D0	144		
0x693560	1248		
0x693A40	240		
0x693B30	192		
0x693BF0	96		
0x693C50	912		
0x693FE0	464		
0x6941B0	256		
0x6942B0	112		
0x694320	704		
0x6945E0	576		
0x694820	176		
0x6948D0	2224		
0x695180	944		
0x695530	160		
0x6955D0	112		
0x695640	112		
0x6956B0	176		
0x695760	112		
0x6957D0	144		
0x695860	80		
0x6958B0	80		
0x695900	48		
0x695930	48		
0x695960	251		
0x695A5B	21		
0x695A70	272		
0x695B80	64		
0x695BC0	32		
0x695BE0	96		vector
0x695C40	96		
0x695CA0	96		
0x695D00	128		
0x695D80	128		
0x695E00	352		
0x695F60	272		
0x696070	384		
0x6961F0	80		
0x696240	64		
0x696280	96		
0x6962E0	176		
0x696390	368		
0x696500	112		
0x696570	128		
0x6965F0	144		
0x696680	288		
0x6967A0	176		
0x696850	48		
0x696880	80		
0x6968D0	80		
0x696920	288		
0x696A40	64		
0x696A80	144		
0x696B10	64		
0x696B50	64		
0x696B90	48		
0x696BC0	176		
0x696C70	96		
0x696CD0	80		
0x696D20	48		
0x696D50	176		
0x696E00	784		
0x697110	320		
0x697250	96		
0x6972B0	144		
0x697340	80		
0x697390	144		
0x697420	736		
0x697700	848		
0x697A50	80		
0x697AA0	416		
0x697C40	208		
0x697D10	304		
0x697E40	304		
0x697F70	144		
0x698000	240		
0x6980F0	208		
0x6981C0	384		
0x698340	416		
0x6984E0	368		
0x698650	256		
0x698750	352		
0x6988B0	80		
0x698900	2416		
0x699270	96		
0x6992D0	464		
0x6994A0	336		
0x6995F0	240		
0x6996E0	288		
0x699800	160		
0x6998A0	112		
0x699910	112		
0x699980	160		
0x699A20	160		
0x699AC0	144		
0x699B50	128		
0x699BD0	176		
0x699C80	112		
0x699CF0	160		
0x699D90	160		
0x699E30	240		
0x699F20	32		
0x699F40	48		
0x699F70	224		
0x69A050	272		
0x69A160	208		
0x69A230	80		
0x69A280	96		vector
0x69A2E0	96		
0x69A340	80		vector
0x69A390	192		
0x69A450	272		
0x69A560	256		
0x69A660	400		
0x69A7F0	384		
0x69A970	288		
0x69AA90	256		
0x69AB90	272		
0x69ACA0	400		
0x69AE30	48		
0x69AE60	80		
0x69AEB0	112		
0x69AF20	64		
0x69AF60	64		
0x69AFA0	64		
0x69AFE0	96		
0x69B040	96		
0x69B0A0	80		vector
0x69B0F0	96		
0x69B150	96		
0x69B1B0	96		vector
0x69B210	96		
0x69B270	96		
0x69B2D0	144		
0x69B360	128		
0x69B3E0	48		
0x69B410	272		
0x69B520	64		
0x69B560	64		
0x69B5A0	208		
0x69B670	64		
0x69B6B0	64		
0x69B6F0	64		
0x69B730	48		
0x69B760	80		
0x69B7B0	80		
0x69B800	80		
0x69B850	80		
0x69B8A0	80		
0x69B8F0	80		
0x69B940	80		
0x69B990	64		
0x69B9D0	48		
0x69BA00	32		
0x69BA20	208		
0x69BAF0	224		
0x69BBD0	64		
0x69BC10	224		
0x69BCF0	80		
0x69BD40	64		
0x69BD80	64		
0x69BDC0	80		
0x69BE10	64		
0x69BE50	144		
0x69BEE0	80		
0x69BF30	144		
0x69BFC0	160		
0x69C060	64		
0x69C0A0	224		
0x69C180	224		
0x69C260	656		
0x69C4F0	480		
0x69C6D0	2048		
0x69CED0	240		
0x69CFC0	240		
0x69D0B0	144		
0x69D140	176		
0x69D1F0	2416		
0x69DB60	144		
0x69DBF0	256		
0x69DCF0	96		
0x69DD50	176		
0x69DE00	112		
0x69DE70	336		
0x69DFC0	112		
0x69E030	336		
0x69E180	144		
0x69E210	96		
0x69E270	128		
0x69E2F0	80		
0x69E340	48		
0x69E370	304		
0x69E4A0	304		
0x69E5D0	32		
0x69E5F0	272		
0x69E700	320		
0x69E840	192		
0x69E900	256		
0x69EA00	112		
0x69EA70	64		
0x69EAB0	96		vector
0x69EB10	96		
0x69EB70	64		
0x69EBB0	48		
0x69EBE0	64		
0x69EC20	64		
0x69EC60	144		
0x69ECF0	144		
0x69ED80	64		
0x69EDC0	80		
0x69EE10	32		
0x69EE30	704		
0x69F0F0	608		
0x69F350	240		
0x69F440	416		
0x69F5E0	656		
0x69F870	128		
0x69F8F0	752		
0x69FBE0	320		
0x69FD20	192		
0x69FDE0	192		
0x69FEA0	192		
0x69FF60	272		
0x6A0070	176		
0x6A0120	1296		
0x6A0630	144		
0x6A06C0	112		
0x6A0730	160		
0x6A07D0	80		
0x6A0820	48		
0x6A0850	160		
0x6A08F0	32		
0x6A0910	96		vector
0x6A0970	128		
0x6A09F0	256		
0x6A0AF0	304		
0x6A0C20	272		
0x6A0D30	368		
0x6A0EA0	64		
0x6A0EE0	80		vector
0x6A0F30	80		
0x6A0F80	144		
0x6A1010	288		
0x6A1130	48		
0x6A1160	80		
0x6A11B0	80		
0x6A1200	144		
0x6A1290	144		
0x6A1320	80		
0x6A1370	64		
0x6A13B0	64		
0x6A13F0	128		
0x6A1470	144		
0x6A1500	80		
0x6A1550	256		
0x6A1650	224		
0x6A1730	384		
0x6A18B0	235		
0x6A199B	149		
0x6A1A30	832		smd: orig bounds  | smd: target bounds 
0x6A1D70	464		
0x6A1F40	1245		
0x6A241D	659		
0x6A26B0	192		
0x6A2770	144		
0x6A2800	1328		fsr: color1  | fsr: color2 
0x6A2D30	432		mls 1: width %d color  | mls 2: width %d color 
0x6A2EE0	416		
0x6A3080	96		
0x6A30E0	64		
0x6A3120	176		
0x6A31D0	96		
0x6A3230	112		
0x6A32A0	144		
0x6A3330	80		
0x6A3380	48		
0x6A33B0	48		
0x6A33E0	208		
0x6A34B0	240		
0x6A35A0	224		
0x6A3680	96		vector
0x6A36E0	96		
0x6A3740	80		vector
0x6A3790	96		vector
0x6A37F0	96		
0x6A3850	144		
0x6A38E0	160		
0x6A3980	224		
0x6A3A60	272		
0x6A3B70	32		
0x6A3B90	48		
0x6A3BC0	160		
0x6A3C60	80		
0x6A3CB0	96		vector
0x6A3D10	48		
0x6A3D40	64		
0x6A3D80	64		
0x6A3DC0	48		
0x6A3DF0	160		
0x6A3E90	64		
0x6A3ED0	208		
0x6A3FA0	48		
0x6A3FD0	160		
0x6A4070	48		
0x6A40A0	48		
0x6A40D0	448		
0x6A4290	128		
0x6A4310	176		
0x6A43C0	160		
0x6A4460	80		vector
0x6A44B0	80		
0x6A4500	80		
0x6A4550	64		
0x6A4590	96		
0x6A45F0	144		
0x6A4680	96		
0x6A46E0	400		
0x6A4870	192		
0x6A4930	336		
0x6A4A80	96		
0x6A4AE0	160		
0x6A4B80	96		
0x6A4BE0	208		
0x6A4CB0	80		
0x6A4D00	112		
0x6A4D70	240		
0x6A4E60	368		
0x6A4FD0	64		
0x6A5010	80		
0x6A5060	144		
0x6A50F0	208		
0x6A51C0	224		
0x6A52A0	112		
0x6A5310	112		
0x6A5380	80		
0x6A53D0	192		
0x6A5490	128		
0x6A5510	48		
0x6A5540	128		
0x6A55C0	96		
0x6A5620	80		
0x6A5670	192		
0x6A5730	144		
0x6A57C0	80		
0x6A5810	1264		Bad call on SpatialMultiLink | .\Geometry/SpatialProxy.h
0x6A5D00	368		
0x6A5E70	80		
0x6A5EC0	176		
0x6A5F70	112		
0x6A5FE0	224		
0x6A60C0	912		fsr color: 
0x6A6450	240		
0x6A6540	656		
0x6A67D0	176		
0x6A6880	128		
0x6A6900	304		
0x6A6A30	608		
0x6A6C90	752		
0x6A6F80	192		
0x6A7040	192		
0x6A7100	352		
0x6A7260	80		
0x6A72B0	176		
0x6A7360	96		
0x6A73C0	96		vector
0x6A7420	160		
0x6A74C0	320		
0x6A7600	64		
0x6A7640	80		
0x6A7690	32		
0x6A76B0	48		
0x6A76E0	64		
0x6A7720	64		
0x6A7760	64		..\source\granny_controlled_animation.cpp | %s(%d): TrackGroupIndex %d is out of range [0, %d)
0x6A77A0	64		..\source\granny_controlled_animation.cpp | %s(%d): TrackGroupIndex %d is out of range [0, %d)
0x6A77E0	96		
0x6A7840	288		
0x6A7960	112		
0x6A79D0	192		
0x6A7A90	128		
0x6A7B10	144		..\source\granny_fixed_allocator.cpp | %s(%d): Memory block 0x%x was not allocated by this allocator.
0x6A7BA0	80		
0x6A7BF0	192		
0x6A7CB0	304		
0x6A7DE0	48		
0x6A7E10	32		
0x6A7E30	128		
0x6A7EB0	96		
0x6A7F10	112		
0x6A7F80	192		
0x6A8040	192		..\source\granny_fixed_allocator.cpp | %s(%d): Memory block 0x%x was not allocated by this allocator.
0x6A8100	128		
0x6A8180	144		
0x6A8210	288		
0x6A8330	80		
0x6A8380	112		
0x6A83F0	128		
0x6A8470	144		
0x6A8500	208		
0x6A85D0	192		
0x6A8690	80		
0x6A86E0	32		
0x6A8700	80		
0x6A8750	544		
0x6A8970	1728		..\source\granny_animation_binding.cpp
0x6A9030	240		
0x6A9120	192		..\source\granny_animation_binding.cpp | %s(%d): NewAnimationPointer is not allowed to be 0
0x6A91E0	320		
0x6A9320	96		
0x6A9380	144		
0x6A9410	224		
0x6A94F0	128		
0x6A9570	208		
0x6A9640	496		map/set<T> too long
0x6A9830	144		
0x6A98C0	80		
0x6A9910	144		
0x6A99A0	112		
0x6A9A10	64		
0x6A9A50	144		
0x6A9AE0	720		invalid map/set<T> iterator
0x6A9DB0	64		
0x6A9DF0	384		
0x6A9F70	80		
0x6A9FC0	80		
0x6AA010	96		
0x6AA070	320		
0x6AA1B0	64		
0x6AA1F0	32		
0x6AA210	64		
0x6AA250	128		
0x6AA2D0	224		
0x6AA3B0	80		
0x6AA400	96		
0x6AA460	112		
0x6AA4D0	2576		
0x6AAEE0	176		..\source\granny_bspline.cpp | %s(%d): Unrecognized degree/dimension combination (%d/%d) | %s(%d): Dimension %d is out of range [0, %d)
0x6AAF90	144		
0x6AB020	832		
0x6AB360	192		
0x6AB420	496		
0x6AB610	704		
0x6AB8D0	176		
0x6AB980	240		
0x6ABA70	64		
0x6ABAB0	896		
0x6ABE30	928		
0x6AC1D0	272		..\source\granny_controlled_animation.cpp
0x6AC2E0	592		..\source\granny_controlled_animation.cpp | %s(%d): Control->LocalDuration %d is out of range [%d, %d] | %s(%d): Unable to bind track group
0x6AC530	128		
0x6AC5B0	128		
0x6AC630	128		
0x6AC6B0	112		
0x6AC720	112		
0x6AC790	224		..\source\granny_track_mask.cpp
0x6AC870	48		
0x6AC8A0	48		
0x6AC8D0	27		
0x6AC8EB	53		
0x6AC920	48		
0x6AC950	32		
0x6AC970	128		..\source\xbox_granny_file_writer.cpp | CreateFile | ..\source\xbox_granny_xtl.cpp
0x6AC9F0	96		CloseHandle | ..\source\xbox_granny_file_writer.cpp | ..\source\xbox_granny_xtl.cpp
0x6ACA50	96		SetFilePointer | ..\source\xbox_granny_xtl.cpp | %s(%d): %s(%d) : %s failed with error %d
0x6ACAB0	144		WriteFile | ..\source\xbox_granny_file_writer.cpp | ..\source\xbox_granny_xtl.cpp
0x6ACB40	208		..\source\granny_fixed_allocator.cpp
0x6ACC10	64		..\source\granny_fixed_allocator.cpp
0x6ACC50	160		..\source\granny_fixed_allocator.cpp | %s(%d): The fixed allocator cannot be used with a unit size of 0.
0x6ACCF0	240		
0x6ACDE0	208		
0x6ACEB0	208		
0x6ACF80	224		
0x6AD060	352		..\source\granny_world_pose.cpp | %s(%d): OnePastLastBone %d is out of range [%d, %d]
0x6AD1C0	128		
0x6AD240	48		
0x6AD270	784		
0x6AD580	144		..\source\granny_pointer_hash.cpp
0x6AD610	144		
0x6AD6A0	80		
0x6AD6F0	144		
0x6AD780	352		
0x6AD8E0	640		..\source\granny_local_pose.cpp | %s(%d): FirstBone + BoneCount %d is out of range [%d, %d] | %s(%d): FirstBone %d is out of range [0, %d)
0x6ADB60	336		
0x6ADCB0	192		
0x6ADD70	144		
0x6ADE00	272		
0x6ADF10	160		
0x6ADFB0	144		
0x6AE040	80		
0x6AE090	80		
0x6AE0E0	192		..\source\granny_fixed_allocator.cpp | %s(%d): Memory block 0x%x was not allocated by this allocator.
0x6AE1A0	48		
0x6AE1D0	64		
0x6AE210	64		
0x6AE250	112		
0x6AE2C0	80		
0x6AE310	1248		..\source\granny_local_pose.cpp | %s(%d): BoneIndex %d is out of range [0, %d)
0x6AE7F0	32		
0x6AE810	128		
0x6AE890	704		(infinity) | (qnan) | (snan)
0x6AEB50	896		0123456789abcdefghijklmnopqrstuvwxyz | 0123456789ABCDEFGHIJKLMNOPQRSTUVWXYZ
0x6AEED0	448		
0x6AF090	160		
0x6AF130	320		
0x6AF270	48		
0x6AF2A0	128		..\source\granny_member_iterator.cpp | %s(%d): Illegal iterator type (%d) in IterateOverSubMembers
0x6AF320	176		..\source\granny_member_iterator.cpp | %s(%d): Illegal iterator type (%d) in IterateOverSubMembers
0x6AF3D0	96		
0x6AF430	112		d:\exodduspc\code\granny\xbox\source\contain.inl
0x6AF4A0	256		
0x6AF5A0	240		
0x6AF690	240		
0x6AF780	64		d:\exodduspc\code\granny\xbox\source\contain.inl
0x6AF7C0	176		..\source\granny_pointer_hash.cpp | d:\exodduspc\code\granny\xbox\source\contain.inl
0x6AF870	80		
0x6AF8C0	240		
0x6AF9B0	80		
0x6AFA00	112		
0x6AFA70	496		
0x6AFC60	96		
0x6AFCC0	128		
0x6AFD40	64		
0x6AFD80	96		
0x6AFDE0	160		
0x6AFE80	144		
0x6AFF10	272		
0x6B0020	208		
0x6B00F0	304		
0x6B0220	304		
0x6B0350	96		
0x6B03B0	32		
0x6B03D0	32		
0x6B03F0	112		
0x6B0460	80		
0x6B04B0	80		
0x6B0500	80		
0x6B0550	96		
0x6B05B0	64		
0x6B05F0	80		
0x6B0640	548		
0x6B0864	31		
0x6B0883	269		
0x6B0990	80		
0x6B09E0	48		
0x6B0A10	32		
0x6B0A30	96		
0x6B0A90	208		
0x6B0B60	320		
0x6B0CA0	160		
0x6B0D40	16		
0x6B0D50	32		
0x6B0D70	112		
0x6B0DE0	224		
0x6B0EC0	176		
0x6B0F70	352		
0x6B10D0	256		
0x6B11D0	48		
0x6B1200	96		
0x6B1260	64		
0x6B12A0	2		
0x6B12A2	65		
0x6B12E3	333		
0x6B1430	112		
0x6B14A0	96		
0x6B1500	176		
0x6B15B0	48		
0x6B15E0	1696		
0x6B1C80	64		
0x6B1CC0	128		
0x6B1D40	96		
0x6B1DA0	112		
0x6B1E10	1104		
0x6B2260	928		
0x6B2600	464		
0x6B27D0	112		
0x6B2840	64		
0x6B2880	48		
0x6B28B0	32		
0x6B28D0	112		
0x6B2940	336		
0x6B2A90	352		
0x6B2BF0	64		
0x6B2C30	864		
0x6B2F90	112		
0x6B3000	2288		
0x6B38F0	400		%s\ScreenShots\%8x.bmp
0x6B3A80	96		
0x6B3AE0	176		
0x6B3B90	496		
0x6B3D80	112		
0x6B3DF0	49		
0x6B3E21	73		
0x6B3E6A	214		
0x6B3F40	272		
0x6B4050	96		
0x6B40B0	128		
0x6B4130	5		
0x6B4135	515		
0x6B4338	75		
0x6B4383	105		
0x6B43EC	180		
0x6B44A0	448		
0x6B4660	176		
0x6B4710	928		
0x6B4AB0	400		
0x6B4C40	64		
0x6B4C80	256		
0x6B4D80	864		
0x6B50E0	1504		
0x6B56C0	1232		
0x6B5B90	624		
0x6B5E00	160		
0x6B5EA0	128		
0x6B5F20	128		
0x6B5FA0	96		
0x6B6000	368		
0x6B6170	208		
0x6B6240	80		
0x6B6290	128		
0x6B6310	48		
0x6B6340	48		
0x6B6370	416		%s\Save\%s\*.* | %s\Save\%s
0x6B6510	160		%8x | %s\Save\%s\*.* | %s\Save\%s
0x6B65B0	256		%s\Save\*.* | %s\Save\%s | %s\Save\%s\
0x6B66B0	224		%s\Save\%s | %s\Save\%s\
0x6B6790	64		
0x6B67D0	1504		
0x6B6DB0	1200		
0x6B7260	96		
0x6B72C0	816		
0x6B75F0	80		
0x6B7640	160		
0x6B76E0	112		
0x6B7750	64		
0x6B7790	128		
0x6B7810	384		
0x6B7990	320		
0x6B7AD0	192		
0x6B7B90	464		SigmaTel | french | german
0x6B7D60	432		stranger.fev
0x6B7F10	128		
0x6B7F90	64		
0x6B7FD0	96		
0x6B8030	64		
0x6B8070	2800		
0x6B8B60	64		
0x6B8BA0	112		
0x6B8C10	208		
0x6B8CE0	256		
0x6B8DE0	208		
0x6B8EB0	480		
0x6B9090	256		
0x6B9190	496		
0x6B9380	176		
0x6B9430	208		
0x6B9500	176		
0x6B95B0	160		
0x6B9650	160		
0x6B96F0	16		
0x6B9700	48		
0x6B9730	48		
0x6B9760	64		
0x6B97A0	48		
0x6B97D0	112		
0x6B9840	96		
0x6B98A0	80		
0x6B98F0	272		
0x6B9A00	96		
0x6B9A60	512		
0x6B9C60	96		
0x6B9CC0	128		
0x6B9D40	80		
0x6B9D90	304		
0x6B9EC0	48		
0x6B9EF0	128		
0x6B9F70	128		
0x6B9FF0	64		
0x6BA030	176		
0x6BA0E0	128		
0x6BA160	112		
0x6BA1D0	95		
0x6BA22F	33		
0x6BA250	96		
0x6BA2B0	64		
0x6BA2F0	192		
0x6BA3B0	192		
0x6BA470	208		
0x6BA540	112		
0x6BA5B0	160		
0x6BA650	144		
0x6BA6E0	192		
0x6BA7A0	160		
0x6BA840	80		
0x6BA890	320		
0x6BA9D0	336		
0x6BAB20	320		
0x6BAC60	112		
0x6BACD0	160		
0x6BAD70	176		
0x6BAE20	80		
0x6BAE70	224		
0x6BAF50	208		
0x6BB020	144		
0x6BB0B0	96		
0x6BB110	112		
0x6BB180	176		
0x6BB230	80		
0x6BB280	400		
0x6BB410	160		
0x6BB4B0	176		
0x6BB560	400		
0x6BB6F0	336		
0x6BB840	1120		
0x6BBCA0	192		
0x6BBD60	112		
0x6BBDD0	128		
0x6BBE50	48		
0x6BBE80	32		
0x6BBEA0	80		
0x6BBEF0	96		
0x6BBF50	128		
0x6BBFD0	128		
0x6BC050	112		
0x6BC0C0	320		
0x6BC200	112		
0x6BC270	544		
0x6BC490	144		
0x6BC520	112		
0x6BC590	64		
0x6BC5D0	64		
0x6BC610	64		
0x6BC650	96		
0x6BC6B0	112		
0x6BC720	144		
0x6BC7B0	80		
0x6BC800	80		
0x6BC850	112		
0x6BC8C0	64		
0x6BC900	112		
0x6BC970	96		
0x6BC9D0	128		
0x6BCA50	112		
0x6BCAC0	48		
0x6BCAF0	192		
0x6BCBB0	128		
0x6BCC30	208		
0x6BCD00	176		
0x6BCDB0	80		
0x6BCE00	832		
0x6BD140	144		
0x6BD1D0	208		\data\shaders\%s.bin
0x6BD2A0	1376		#define FXAA_QUALITY__PRESET 12 | #define FXAA_QUALITY__PRESET %.02d | main
0x6BD800	288		
0x6BD920	112		
0x6BD990	528		
0x6BDBA0	272		
0x6BDCB0	272		
0x6BDDC0	768		bin\splash.raw
0x6BE0C0	112		
0x6BE130	16		
0x6BE140	64		
0x6BE180	32		
0x6BE1A0	64		
0x6BE1E0	64		
0x6BE220	48		
0x6BE250	48		
0x6BE280	48		
0x6BE2B0	48		
0x6BE2E0	48		
0x6BE310	48		
0x6BE340	64		
0x6BE380	48		
0x6BE3B0	64		
0x6BE3F0	64		
0x6BE430	48		
0x6BE460	48		
0x6BE490	48		
0x6BE4C0	48		
0x6BE4F0	48		
0x6BE520	64		
0x6BE560	48		
0x6BE590	48		
0x6BE5C0	48		
0x6BE5F0	64		
0x6BE630	64		
0x6BE670	48		
0x6BE6A0	48		
0x6BE6D0	48		
0x6BE700	48		
0x6BE730	48		
0x6BE760	48		
0x6BE790	48		
0x6BE7C0	48		
0x6BE7F0	32		
0x6BE810	32		
0x6BE830	80		
0x6BE880	80		
0x6BE8D0	64		
0x6BE910	32		
0x6BE930	32		
0x6BE950	48		
0x6BE980	48		
0x6BE9B0	48		
0x6BE9E0	48		
0x6BEA10	48		
0x6BEA40	48		
0x6BEA70	48		
0x6BEAA0	48		
0x6BEAD0	48		
0x6BEB00	48		
0x6BEB30	48		
0x6BEB60	48		
0x6BEB90	48		
0x6BEBC0	48		
0x6BEBF0	48		
0x6BEC20	48		
0x6BEC50	64		
0x6BEC90	48		
0x6BECC0	64		
0x6BED00	48		
0x6BED30	48		
0x6BED60	48		
0x6BED90	48		
0x6BEDC0	48		
0x6BEDF0	80		
0x6BEE40	48		
0x6BEE70	64		
0x6BEEB0	48		
0x6BEEE0	48		
0x6BEF10	48		
0x6BEF40	64		
0x6BEF80	48		
0x6BEFB0	32		
0x6BEFD0	32		
0x6BEFF0	32		
0x6BF010	32		
0x6BF030	48		
0x6BF060	64		
0x6BF0A0	64		
0x6BF0E0	64		
0x6BF120	80		
0x6BF170	64		
0x6BF1B0	64		
0x6BF1F0	48		
0x6BF220	48		
0x6BF250	32		
0x6BF270	32		
0x6BF290	48		
0x6BF2C0	32		
0x6BF2E0	48		
0x6BF310	48		
0x6BF340	48		
0x6BF370	48		
0x6BF3A0	48		
0x6BF3D0	48		
0x6BF400	48		
0x6BF430	48		
0x6BF460	32		
0x6BF480	64		
0x6BF4C0	32		
0x6BF4E0	48		
0x6BF510	32		
0x6BF530	48		
0x6BF560	32		
0x6BF580	48		
0x6BF5B0	32		
0x6BF5D0	48		
0x6BF600	32		
0x6BF620	48		
0x6BF650	32		
0x6BF670	48		
0x6BF6A0	32		
0x6BF6C0	48		
0x6BF6F0	48		
0x6BF720	32		
0x6BF740	48		
0x6BF770	32		
0x6BF790	48		
0x6BF7C0	32		
0x6BF7E0	48		
0x6BF810	32		
0x6BF830	64		
0x6BF870	32		
0x6BF890	48		
0x6BF8C0	32		
0x6BF8E0	48		
0x6BF910	32		
0x6BF930	48		
0x6BF960	32		
0x6BF980	48		
0x6BF9B0	48		
0x6BF9E0	48		
0x6BFA10	48		
0x6BFA40	32		
0x6BFA60	48		
0x6BFA90	48		
0x6BFAC0	48		
0x6BFAF0	48		
0x6BFB20	48		
0x6BFB50	48		
0x6BFB80	48		
0x6BFBB0	48		
0x6BFBE0	48		
0x6BFC10	48		
0x6BFC40	48		
0x6BFC70	48		
0x6BFCA0	48		
0x6BFCD0	48		
0x6BFD00	48		
0x6BFD30	48		
0x6BFD60	48		
0x6BFD90	48		
0x6BFDC0	48		
0x6BFDF0	48		
0x6BFE20	48		
0x6BFE50	32		
0x6BFE70	32		
0x6BFE90	48		
0x6BFEC0	32		
0x6BFEE0	32		
0x6BFF00	48		
0x6BFF30	32		
0x6BFF50	32		
0x6BFF70	64		
0x6BFFB0	64		
0x6BFFF0	48		
0x6C0020	48		
0x6C0050	48		
0x6C0080	48		
0x6C00B0	48		
0x6C00E0	48		
0x6C0110	48		
0x6C0140	48		
0x6C0170	48		
0x6C01A0	48		
0x6C01D0	48		
0x6C0200	48		
0x6C0230	48		
0x6C0260	48		
0x6C0290	48		
0x6C02C0	48		
0x6C02F0	32		
0x6C0310	48		
0x6C0340	32		
0x6C0360	48		
0x6C0390	48		
0x6C03C0	64		
0x6C0400	64		
0x6C0440	48		
0x6C0470	48		
0x6C04A0	48		
0x6C04D0	48		
0x6C0500	48		
0x6C0530	48		
0x6C0560	48		
0x6C0590	48		
0x6C05C0	48		
0x6C05F0	48		
0x6C0620	48		
0x6C0650	48		
0x6C0680	48		
0x6C06B0	48		
0x6C06E0	48		
0x6C0710	32		
0x6C0730	48		
0x6C0760	48		
0x6C0790	48		
0x6C07C0	48		
0x6C07F0	48		
0x6C0820	48		
0x6C0850	48		
0x6C0880	48		
0x6C08B0	48		
0x6C08E0	48		
0x6C0910	48		
0x6C0940	48		
0x6C0970	64		
0x6C09B0	48		
0x6C09E0	64		
0x6C0A20	48		
0x6C0A50	48		
0x6C0A80	48		
0x6C0AB0	48		
0x6C0AE0	48		
0x6C0B10	48		
0x6C0B40	64		
0x6C0B80	48		
0x6C0BB0	48		
0x6C0BE0	48		
0x6C0C10	48		
0x6C0C40	80		
0x6C0C90	48		
0x6C0CC0	64		
0x6C0D00	48		
0x6C0D30	48		
0x6C0D60	64		
0x6C0DA0	48		
0x6C0DD0	48		
0x6C0E00	48		
0x6C0E30	48		
0x6C0E60	64		
0x6C0EA0	48		
0x6C0ED0	48		
0x6C0F00	48		
0x6C0F30	48		
0x6C0F60	48		
0x6C0F90	48		
0x6C0FC0	64		
0x6C1000	48		
0x6C1030	48		
0x6C1060	48		
0x6C1090	48		
0x6C10C0	48		
0x6C10F0	32		
0x6C1110	32		
0x6C1130	48		
0x6C1160	48		
0x6C1190	48		
0x6C11C0	48		
0x6C11F0	48		
0x6C1220	48		
0x6C1250	32		
0x6C1270	48		
0x6C12A0	48		
0x6C12D0	48		
0x6C1300	48		
0x6C1330	48		
0x6C1360	48		
0x6C1390	48		
0x6C13C0	48		
0x6C13F0	48		
0x6C1420	48		
0x6C1450	48		
0x6C1480	48		
0x6C14B0	48		
0x6C14E0	48		
0x6C1510	48		
0x6C1540	48		
0x6C1570	48		
0x6C15A0	48		
0x6C15D0	48		
0x6C1600	48		
0x6C1630	48		
0x6C1660	48		
0x6C1690	48		
0x6C16C0	48		
0x6C16F0	48		
0x6C1720	48		
0x6C1750	48		
0x6C1780	48		
0x6C17B0	48		
0x6C17E0	48		
0x6C1810	48		
0x6C1840	48		
0x6C1870	48		
0x6C18A0	48		
0x6C18D0	48		
0x6C1900	48		
0x6C1930	48		
0x6C1960	48		
0x6C1990	48		
0x6C19C0	48		
0x6C19F0	48		
0x6C1A20	48		
0x6C1A50	48		
0x6C1A80	32		
0x6C1AA0	32		
0x6C1AC0	48		
0x6C1AF0	48		
0x6C1B20	48		
0x6C1B50	48		
0x6C1B80	48		
0x6C1BB0	48		
0x6C1BE0	48		
0x6C1C10	48		
0x6C1C40	48		
0x6C1C70	48		
0x6C1CA0	48		
0x6C1CD0	48		
0x6C1D00	48		
0x6C1D30	48		
0x6C1D60	48		
0x6C1D90	48		
0x6C1DC0	64		
0x6C1E00	48		
0x6C1E30	64		
0x6C1E70	48		
0x6C1EA0	48		
0x6C1ED0	48		
0x6C1F00	48		
0x6C1F30	48		
0x6C1F60	80		
0x6C1FB0	48		
0x6C1FE0	64		
0x6C2020	48		
0x6C2050	48		
0x6C2080	48		
0x6C20B0	64		
0x6C20F0	48		
0x6C2120	32		
0x6C2140	32		
0x6C2160	32		
0x6C2180	32		
0x6C21A0	48		
0x6C21D0	64		
0x6C2210	64		
0x6C2250	64		
0x6C2290	80		
0x6C22E0	64		
0x6C2320	64		
0x6C2360	48		
0x6C2390	48		
0x6C23C0	48		
0x6C23F0	48		
0x6C2420	48		
0x6C2450	48		
0x6C2480	48		
0x6C24B0	48		
0x6C24E0	48		
0x6C2510	48		
0x6C2540	48		
0x6C2570	48		
0x6C25A0	32		
0x6C25C0	32		
0x6C25E0	48		
0x6C2610	48		
0x6C2640	48		
0x6C2670	48		
0x6C26A0	48		
0x6C26D0	32		
0x6C26F0	48		
0x6C2720	32		
0x6C2740	48		
0x6C2770	32		
0x6C2790	48		
0x6C27C0	32		
0x6C27E0	64		
0x6C2820	32		
0x6C2840	48		
0x6C2870	32		
0x6C2890	48		
0x6C28C0	32		
0x6C28E0	48		
0x6C2910	32		
0x6C2930	48		
0x6C2960	48		
0x6C2990	48		
0x6C29C0	48		
0x6C29F0	48		
0x6C2A20	48		
0x6C2A50	48		
0x6C2A80	48		
0x6C2AB0	48		
0x6C2AE0	48		
0x6C2B10	48		
0x6C2B40	48		
0x6C2B70	64		
0x6C2BB0	48		
0x6C2BE0	64		
0x6C2C20	48		
0x6C2C50	48		
0x6C2C80	48		
0x6C2CB0	48		
0x6C2CE0	48		
0x6C2D10	48		
0x6C2D40	64		
0x6C2D80	48		
0x6C2DB0	48		
0x6C2DE0	48		
0x6C2E10	48		
0x6C2E40	80		
0x6C2E90	48		
0x6C2EC0	64		
0x6C2F00	48		
0x6C2F30	48		
0x6C2F60	64		
0x6C2FA0	48		
0x6C2FD0	48		
0x6C3000	48		
0x6C3030	48		
0x6C3060	64		
0x6C30A0	32		
0x6C30C0	32		
0x6C30E0	48		
0x6C3110	48		
0x6C3140	48		
0x6C3170	33		
0x6C3191	15		
0x6C31A0	80		
0x6C31F0	48		
0x6C3220	64		
0x6C3260	48		
0x6C3290	80		
0x6C32E0	48		
0x6C3310	64		
0x6C3350	48		
0x6C3380	48		
0x6C33B0	48		
0x6C33E0	48		
0x6C3410	48		
0x6C3440	48		
0x6C3470	48		
0x6C34A0	48		
0x6C34D0	48		
0x6C3500	48		
0x6C3530	48		
0x6C3560	48		
0x6C3590	48		
0x6C35C0	48		
0x6C35F0	48		
0x6C3620	48		
0x6C3650	48		
0x6C3680	48		
0x6C36B0	48		
0x6C36E0	48		
0x6C3710	48		
0x6C3740	48		
0x6C3770	48		
0x6C37A0	48		
0x6C37D0	48		
0x6C3800	48		
0x6C3830	48		
0x6C3860	32		
0x6C3880	48		
0x6C38B0	48		
0x6C38E0	48		
0x6C3910	32		
0x6C3930	48		
0x6C3960	48		
0x6C3990	48		
0x6C39C0	48		
0x6C39F0	32		
0x6C3A10	32		
0x6C3A30	48		
0x6C3A60	32		
0x6C3A80	32		
0x6C3AA0	32		
0x6C3AC0	48		
0x6C3AF0	48		
0x6C3B20	64		
0x6C3B60	64		
0x6C3BA0	48		
0x6C3BD0	48		
0x6C3C00	48		
0x6C3C30	48		
0x6C3C60	48		
0x6C3C90	48		
0x6C3CC0	48		
0x6C3CF0	48		
0x6C3D20	48		
0x6C3D50	48		
0x6C3D80	48		
0x6C3DB0	48		
0x6C3DE0	48		
0x6C3E10	48		
0x6C3E40	48		
0x6C3E70	48		
0x6C3EA0	48		
0x6C3ED0	48		
0x6C3F00	48		
0x6C3F30	48		
0x6C3F60	64		
0x6C3FA0	48		
0x6C3FD0	48		
0x6C4000	48		
0x6C4030	48		
0x6C4060	64		
0x6C40A0	48		
0x6C40D0	48		
0x6C4100	48		
0x6C4130	48		
0x6C4160	48		
0x6C4190	48		
0x6C41C0	48		
0x6C41F0	48		
0x6C4220	48		
0x6C4250	48		
0x6C4280	48		
0x6C42B0	48		
0x6C42E0	48		
0x6C4310	48		
0x6C4340	48		
0x6C4370	48		
0x6C43A0	48		
0x6C43D0	48		
0x6C4400	64		
0x6C4440	48		
0x6C4470	48		
0x6C44A0	32		
0x6C44C0	80		
0x6C4510	48		
0x6C4540	48		
0x6C4570	48		
0x6C45A0	48		
0x6C45D0	48		
0x6C4600	48		
0x6C4630	48		
0x6C4660	48		
0x6C4690	48		
0x6C46C0	48		
0x6C46F0	32		
0x6C4710	48		
0x6C4740	48		
0x6C4770	48		
0x6C47A0	64		
0x6C47E0	48		
0x6C4810	80		
0x6C4860	80		
0x6C48B0	48		
0x6C48E0	48		
0x6C4910	64		
0x6C4950	64		
0x6C4990	64		
0x6C49D0	64		
0x6C4A10	64		
0x6C4A50	64		
0x6C4A90	64		
0x6C4AD0	48		
0x6C4B00	48		
0x6C4B30	48		
0x6C4B60	48		
0x6C4B90	48		
0x6C4BC0	48		
0x6C4BF0	48		
0x6C4C20	48		
0x6C4C50	32		
0x6C4C70	32		
0x6C4C90	64		
0x6C4CD0	64		
0x6C4D10	48		
0x6C4D40	48		
0x6C4D70	48		
0x6C4DA0	48		
0x6C4DD0	48		
0x6C4E00	64		
0x6C4E40	48		
0x6C4E70	48		
0x6C4EA0	48		
0x6C4ED0	64		
0x6C4F10	64		
0x6C4F50	64		
0x6C4F90	48		
0x6C4FC0	48		
0x6C4FF0	48		
0x6C5020	48		
0x6C5050	48		
0x6C5080	48		
0x6C50B0	48		
0x6C50E0	48		
0x6C5110	48		
0x6C5140	48		
0x6C5170	48		
0x6C51A0	48		
0x6C51D0	32		
0x6C51F0	80		
0x6C5240	80		
0x6C5290	48		
0x6C52C0	48		
0x6C52F0	48		
0x6C5320	48		
0x6C5350	48		
0x6C5380	48		
0x6C53B0	48		
0x6C53E0	48		
0x6C5410	48		
0x6C5440	48		
0x6C5470	48		
0x6C54A0	32		
0x6C54C0	32		
0x6C54E0	48		
0x6C5510	48		
0x6C5540	48		
0x6C5570	48		
0x6C55A0	48		
0x6C55D0	48		
0x6C5600	48		
0x6C5630	48		
0x6C5660	32		
0x6C5680	48		
0x6C56B0	48		
0x6C56E0	32		
0x6C5700	32		
0x6C5720	32		
0x6C5740	32		
0x6C5760	32		
0x6C5780	112		
0x6C57F0	112		
0x6C5860	32		
0x6C5880	32		
0x6C58A0	32		
0x6C58C0	32		
0x6C58E0	48		
0x6C5910	32		
0x6C5930	48		
0x6C5960	48		
0x6C5990	48		
0x6C59C0	48		
0x6C59F0	48		
0x6C5A20	48		
0x6C5A50	64		
0x6C5A90	48		
0x6C5AC0	48		
0x6C5AF0	48		
0x6C5B20	48		
0x6C5B50	48		
0x6C5B80	48		
0x6C5BB0	48		
0x6C5BE0	48		
0x6C5C10	48		
0x6C5C40	48		
0x6C5C70	48		
0x6C5CA0	32		
0x6C5CC0	48		
0x6C5CF0	48		
0x6C5D20	48		
0x6C5D50	48		
0x6C5D80	48		
0x6C5DB0	48		
0x6C5DE0	48		
0x6C5E10	48		
0x6C5E40	48		
0x6C5E70	48		
0x6C5EA0	48		
0x6C5ED0	48		
0x6C5F00	48		
0x6C5F30	48		
0x6C5F60	48		
0x6C5F90	48		
0x6C5FC0	48		
0x6C5FF0	48		
0x6C6020	48		
0x6C6050	48		
0x6C6080	64		
0x6C60C0	32		
0x6C60E0	32		
0x6C6100	48		
0x6C6130	32		
0x6C6150	48		
0x6C6180	48		
0x6C61B0	48		
0x6C61E0	48		
0x6C6210	48		
0x6C6240	48		
0x6C6270	48		
0x6C62A0	48		
0x6C62D0	48		
0x6C6300	48		
0x6C6330	48		
0x6C6360	48		
0x6C6390	48		
0x6C63C0	48		
0x6C63F0	32		
0x6C6410	64		
0x6C6450	32		
0x6C6470	48		
0x6C64A0	32		
0x6C64C0	48		
0x6C64F0	32		
0x6C6510	48		
0x6C6540	32		
0x6C6560	48		
0x6C6590	32		
0x6C65B0	48		
0x6C65E0	32		
0x6C6600	48		
0x6C6630	32		
0x6C6650	48		
0x6C6680	32		
0x6C66A0	48		
0x6C66D0	48		
0x6C6700	32		
0x6C6720	32		
0x6C6740	48		
0x6C6770	32		
0x6C6790	48		
0x6C67C0	48		
0x6C67F0	32		
0x6C6810	64		
0x6C6850	32		
0x6C6870	48		
0x6C68A0	32		
0x6C68C0	48		
0x6C68F0	32		
0x6C6910	48		
0x6C6940	32		
0x6C6960	48		
0x6C6990	32		
0x6C69B0	64		
0x6C69F0	32		
0x6C6A10	48		
0x6C6A40	32		
0x6C6A60	48		
0x6C6A90	32		
0x6C6AB0	48		
0x6C6AE0	32		
0x6C6B00	48		
0x6C6B30	48		
0x6C6B60	32		
0x6C6B80	32		
0x6C6BA0	32		
0x6C6BC0	32		
0x6C6BE0	32		
0x6C6C00	48		
0x6C6C30	32		
0x6C6C50	32		
0x6C6C70	32		
0x6C6C90	32		
0x6C6CB0	32		
0x6C6CD0	32		
0x6C6CF0	32		
0x6C6D10	32		
0x6C6D30	32		
0x6C6D50	48		
0x6C6D80	64		
0x6C6DC0	48		
0x6C6DF0	80		
0x6C6E40	48		
0x6C6E70	80		
0x6C6EC0	48		
0x6C6EF0	80		
0x6C6F40	48		
0x6C6F70	96		
0x6C6FD0	48		
0x6C7000	64		
0x6C7040	48		
0x6C7070	96		
0x6C70D0	48		
0x6C7100	80		
0x6C7150	48		
0x6C7180	96		
0x6C71E0	48		
0x6C7210	96		
0x6C7270	48		
0x6C72A0	112		
0x6C7310	48		
0x6C7340	144		
0x6C73D0	48		
0x6C7400	64		
0x6C7440	48		
0x6C7470	80		
0x6C74C0	48		
0x6C74F0	80		
0x6C7540	48		
0x6C7570	80		
0x6C75C0	48		
0x6C75F0	112		
0x6C7660	48		
0x6C7690	64		
0x6C76D0	48		
0x6C7700	96		
0x6C7760	48		
0x6C7790	128		
0x6C7810	48		
0x6C7840	48		
0x6C7870	32		
0x6C7890	32		
0x6C78B0	48		
0x6C78E0	32		
0x6C7900	48		
0x6C7930	48		
0x6C7960	48		
0x6C7990	48		
0x6C79C0	48		
0x6C79F0	64		
0x6C7A30	80		
0x6C7A80	48		
0x6C7AB0	48		
0x6C7AE0	48		
0x6C7B10	48		
0x6C7B40	48		
0x6C7B70	48		
0x6C7BA0	48		
0x6C7BD0	32		
0x6C7BF0	48		
0x6C7C20	32		
0x6C7C40	48		
0x6C7C70	32		
0x6C7C90	48		
0x6C7CC0	32		
0x6C7CE0	48		
0x6C7D10	32		
0x6C7D30	64		
0x6C7D70	32		
0x6C7D90	48		
0x6C7DC0	32		
0x6C7DE0	48		
0x6C7E10	32		
0x6C7E30	48		
0x6C7E60	32		
0x6C7E80	64		
0x6C7EC0	32		
0x6C7EE0	64		
0x6C7F20	32		
0x6C7F40	48		
0x6C7F70	32		
0x6C7F90	48		
0x6C7FC0	32		
0x6C7FE0	48		
0x6C8010	64		
0x6C8050	48		
0x6C8080	48		
0x6C80B0	48		
0x6C80E0	48		
0x6C8110	48		
0x6C8140	48		
0x6C8170	48		
0x6C81A0	48		
0x6C81D0	32		
0x6C81F0	48		
0x6C8220	32		
0x6C8240	48		
0x6C8270	48		
0x6C82A0	48		
0x6C82D0	48		
0x6C8300	48		
0x6C8330	48		
0x6C8360	32		
0x6C8380	48		
0x6C83B0	64		
0x6C83F0	48		
0x6C8420	48		
0x6C8450	64		
0x6C8490	48		
0x6C84C0	48		
0x6C84F0	48		
0x6C8520	48		
0x6C8550	48		
0x6C8580	48		
0x6C85B0	48		
0x6C85E0	48		
0x6C8610	48		
0x6C8640	48		
0x6C8670	48		
0x6C86A0	48		
0x6C86D0	48		
0x6C8700	48		
0x6C8730	48		
0x6C8760	48		
0x6C8790	48		
0x6C87C0	48		
0x6C87F0	48		
0x6C8820	48		
0x6C8850	48		
0x6C8880	48		
0x6C88B0	48		
0x6C88E0	80		
0x6C8930	48		
0x6C8960	64		
0x6C89A0	48		
0x6C89D0	48		
0x6C8A00	48		
0x6C8A30	48		
0x6C8A60	48		
0x6C8A90	48		
0x6C8AC0	48		
0x6C8AF0	48		
0x6C8B20	48		
0x6C8B50	48		
0x6C8B80	48		
0x6C8BB0	48		
0x6C8BE0	48		
0x6C8C10	48		
0x6C8C40	48		
0x6C8C70	48		
0x6C8CA0	48		
0x6C8CD0	48		
0x6C8D00	64		
0x6C8D40	48		
0x6C8D70	64		
0x6C8DB0	48		
0x6C8DE0	48		
0x6C8E10	48		
0x6C8E40	80		
0x6C8E90	48		
0x6C8EC0	64		
0x6C8F00	48		
0x6C8F30	64		
0x6C8F70	48		
0x6C8FA0	64		
0x6C8FE0	48		
0x6C9010	48		
0x6C9040	48		
0x6C9070	48		
0x6C90A0	48		
0x6C90D0	48		
0x6C9100	48		
0x6C9130	48		
0x6C9160	48		
0x6C9190	48		
0x6C91C0	48		
0x6C91F0	48		
0x6C9220	48		
0x6C9250	48		
0x6C9280	48		
0x6C92B0	48		
0x6C92E0	48		
0x6C9310	48		
0x6C9340	48		
0x6C9370	32		
0x6C9390	32		
0x6C93B0	32		
0x6C93D0	32		
0x6C93F0	48		
0x6C9420	48		
0x6C9450	64		
0x6C9490	80		
0x6C94E0	80		
0x6C9530	64		
0x6C9570	64		
0x6C95B0	80		
0x6C9600	48		
0x6C9630	48		
0x6C9660	48		
0x6C9690	48		
0x6C96C0	48		
0x6C96F0	48		
0x6C9720	48		
0x6C9750	48		
0x6C9780	32		
0x6C97A0	64		
0x6C97E0	48		
0x6C9810	48		
0x6C9840	48		
0x6C9870	48		
0x6C98A0	48		
0x6C98D0	32		
0x6C98F0	32		
0x6C9910	32		
0x6C9930	48		
0x6C9960	32		
0x6C9980	48		
0x6C99B0	48		
0x6C99E0	48		
0x6C9A10	64		
0x6C9A50	64		
0x6C9A90	48		
0x6C9AC0	48		
0x6C9AF0	48		
0x6C9B20	48		
0x6C9B50	48		
0x6C9B80	48		
0x6C9BB0	48		
0x6C9BE0	48		
0x6C9C10	48		
0x6C9C40	48		
0x6C9C70	48		
0x6C9CA0	48		
0x6C9CD0	48		
0x6C9D00	48		
0x6C9D30	32		
0x6C9D50	32		
0x6C9D70	48		
0x6C9DA0	48		
0x6C9DD0	48		
0x6C9E00	48		
0x6C9E30	48		
0x6C9E60	48		
0x6C9E90	48		
0x6C9EC0	48		
0x6C9EF0	48		
0x6C9F20	48		
0x6C9F50	48		
0x6C9F80	48		
0x6C9FB0	64		
0x6C9FF0	48		
0x6CA020	48		
0x6CA050	48		
0x6CA080	48		
0x6CA0B0	48		
0x6CA0E0	48		
0x6CA110	48		
0x6CA140	48		
0x6CA170	48		
0x6CA1A0	48		
0x6CA1D0	48		
0x6CA200	48		
0x6CA230	48		
0x6CA260	48		
0x6CA290	48		
0x6CA2C0	48		
0x6CA2F0	48		
0x6CA320	48		
0x6CA350	48		
0x6CA380	48		
0x6CA3B0	48		
0x6CA3E0	48		
0x6CA410	48		
0x6CA440	64		
0x6CA480	48		
0x6CA4B0	64		
0x6CA4F0	48		
0x6CA520	64		
0x6CA560	48		
0x6CA590	48		
0x6CA5C0	48		
0x6CA5F0	64		
0x6CA630	48		
0x6CA660	80		
0x6CA6B0	48		
0x6CA6E0	48		
0x6CA710	48		
0x6CA740	48		
0x6CA770	48		
0x6CA7A0	48		
0x6CA7D0	48		
0x6CA800	64		
0x6CA840	48		
0x6CA870	64		
0x6CA8B0	48		
0x6CA8E0	32		
0x6CA900	48		
0x6CA930	48		
0x6CA960	48		
0x6CA990	48		
0x6CA9C0	48		
0x6CA9F0	48		
0x6CAA20	48		
0x6CAA50	48		
0x6CAA80	48		
0x6CAAB0	32		
0x6CAAD0	32		
0x6CAAF0	48		
0x6CAB20	48		
0x6CAB50	48		
0x6CAB80	48		
0x6CABB0	32		
0x6CABD0	48		
0x6CAC00	48		
0x6CAC30	48		
0x6CAC60	48		
0x6CAC90	64		
0x6CACD0	48		
0x6CAD00	48		
0x6CAD30	32		
0x6CAD50	48		
0x6CAD80	48		
0x6CADB0	32		
0x6CADD0	48		
0x6CAE00	48		
0x6CAE30	32		
0x6CAE50	48		
0x6CAE80	48		
0x6CAEB0	48		
0x6CAEE0	48		
0x6CAF10	48		
0x6CAF40	48		
0x6CAF70	48		
0x6CAFA0	80		
0x6CAFF0	80		
0x6CB040	48		
0x6CB070	48		
0x6CB0A0	48		
0x6CB0D0	48		
0x6CB100	48		
0x6CB130	32		
0x6CB150	48		
0x6CB180	32		
0x6CB1A0	48		
0x6CB1D0	32		
0x6CB1F0	48		
0x6CB220	32		
0x6CB240	48		
0x6CB270	32		
0x6CB290	48		
0x6CB2C0	32		
0x6CB2E0	32		
0x6CB300	32		
0x6CB320	48		
0x6CB350	32		
0x6CB370	48		
0x6CB3A0	32		
0x6CB3C0	48		
0x6CB3F0	32		
0x6CB410	48		
0x6CB440	48		
0x6CB470	48		
0x6CB4A0	48		
0x6CB4D0	48		
0x6CB500	48		
0x6CB530	64		
0x6CB570	48		
0x6CB5A0	32		
0x6CB5C0	32		
0x6CB5E0	48		
0x6CB610	32		
0x6CB630	32		
0x6CB650	32		
0x6CB670	48		
0x6CB6A0	48		
0x6CB6D0	48		
0x6CB700	48		
0x6CB730	48		
0x6CB760	48		
0x6CB790	64		
0x6CB7D0	48		
0x6CB800	48		
0x6CB830	48		
0x6CB860	48		
0x6CB890	48		
0x6CB8C0	48		
0x6CB8F0	32		
0x6CB910	32		
0x6CB930	32		
0x6CB950	48		
0x6CB980	32		
0x6CB9A0	48		
0x6CB9D0	48		
0x6CBA00	64		
0x6CBA40	48		
0x6CBA70	48		
0x6CBAA0	48		
0x6CBAD0	48		
0x6CBB00	48		
0x6CBB30	48		
0x6CBB60	48		
0x6CBB90	48		
0x6CBBC0	48		
0x6CBBF0	48		
0x6CBC20	48		
0x6CBC50	48		
0x6CBC80	48		
0x6CBCB0	48		
0x6CBCE0	48		
0x6CBD10	48		
0x6CBD40	48		
0x6CBD70	64		
0x6CBDB0	48		
0x6CBDE0	48		
0x6CBE10	32		
0x6CBE30	48		
0x6CBE60	48		
0x6CBE90	80		
0x6CBEE0	48		
0x6CBF10	48		
0x6CBF40	48		
0x6CBF70	48		
0x6CBFA0	48		
0x6CBFD0	48		
0x6CC000	48		
0x6CC030	48		
0x6CC060	48		
0x6CC090	48		
0x6CC0C0	48		
0x6CC0F0	48		
0x6CC120	48		
0x6CC150	48		
0x6CC180	48		
0x6CC1B0	48		
0x6CC1E0	48		
0x6CC210	48		
0x6CC240	48		
0x6CC270	48		
0x6CC2A0	48		
0x6CC2D0	48		
0x6CC300	48		
0x6CC330	48		
0x6CC360	64		
0x6CC3A0	48		
0x6CC3D0	48		
0x6CC400	48		
0x6CC430	64		
0x6CC470	48		
0x6CC4A0	48		
0x6CC4D0	48		
0x6CC500	48		
0x6CC530	48		
0x6CC560	32		
0x6CC580	32		
0x6CC5A0	48		
0x6CC5D0	48		
0x6CC600	48		
0x6CC630	48		
0x6CC660	48		
0x6CC690	48		
0x6CC6C0	48		
0x6CC6F0	64		
0x6CC730	48		
0x6CC760	48		
0x6CC790	48		
0x6CC7C0	48		
0x6CC7F0	48		
0x6CC820	48		
0x6CC850	48		
0x6CC880	48		
0x6CC8B0	48		
0x6CC8E0	48		
0x6CC910	32		
0x6CC930	48		
0x6CC960	32		
0x6CC980	32		
0x6CC9A0	32		
0x6CC9C0	48		
0x6CC9F0	48		
0x6CCA20	48		
0x6CCA50	48		
0x6CCA80	48		
0x6CCAB0	32		
0x6CCAD0	32		
0x6CCAF0	48		
0x6CCB20	48		
0x6CCB50	48		
0x6CCB80	48		
0x6CCBB0	32		
0x6CCBD0	64		
0x6CCC10	80		
0x6CCC60	64		
0x6CCCA0	64		
0x6CCCE0	53		
0x6CCD15	11		
0x6CCD20	64		
0x6CCD60	96		
0x6CCDC0	96		
0x6CCE20	32		
0x6CCE40	32		
0x6CCE60	48		
0x6CCE90	48		
0x6CCEC0	48		
0x6CCEF0	48		
0x6CCF20	48		
0x6CCF50	48		
0x6CCF80	48		
0x6CCFB0	48		
0x6CCFE0	64		
0x6CD020	80		
0x6CD070	64		
0x6CD0B0	80		
0x6CD100	64		
0x6CD140	64		
0x6CD180	64		
0x6CD1C0	64		
0x6CD200	64		
0x6CD240	48		
0x6CD270	48		
0x6CD2A0	48		
0x6CD2D0	48		
0x6CD300	80		
0x6CD350	80		
0x6CD3A0	80		
0x6CD3F0	48		
0x6CD420	48		
0x6CD450	48		
0x6CD480	48		
0x6CD4B0	64		
0x6CD4F0	80		
0x6CD540	64		
0x6CD580	80		
0x6CD5D0	64		
0x6CD610	64		
0x6CD650	64		
0x6CD690	64		
0x6CD6D0	64		
0x6CD710	48		
0x6CD740	48		
0x6CD770	48		
0x6CD7A0	48		
0x6CD7D0	80		
0x6CD820	80		
0x6CD870	80		
0x6CD8C0	48		
0x6CD8F0	48		
0x6CD920	48		
0x6CD950	48		
0x6CD980	48		
0x6CD9B0	48		
0x6CD9E0	48		
0x6CDA10	48		
0x6CDA40	48		
0x6CDA70	48		
0x6CDAA0	48		
0x6CDAD0	48		
0x6CDB00	48		
0x6CDB30	48		
0x6CDB60	48		
0x6CDB90	48		
0x6CDBC0	48		
0x6CDBF0	48		
0x6CDC20	48		
0x6CDC50	48		
0x6CDC80	48		
0x6CDCB0	48		
0x6CDCE0	80		
0x6CDD30	64		
0x6CDD70	64		
0x6CDDB0	80		
0x6CDE00	80		
0x6CDE50	64		
0x6CDE90	48		
0x6CDEC0	80		
0x6CDF10	64		
0x6CDF50	64		
0x6CDF90	80		
0x6CDFE0	80		
0x6CE030	64		
0x6CE070	48		
0x6CE0A0	48		
0x6CE0D0	80		
0x6CE120	48		
0x6CE150	80		
0x6CE1A0	48		
0x6CE1D0	48		
0x6CE200	48		
0x6CE230	48		
0x6CE260	48		
0x6CE290	48		
0x6CE2C0	64		
0x6CE300	48		
0x6CE330	48		
0x6CE360	64		
0x6CE3A0	48		
0x6CE3D0	48		
0x6CE400	48		
0x6CE430	48		
0x6CE460	48		
0x6CE490	48		
0x6CE4C0	48		
0x6CE4F0	48		
0x6CE520	48		
0x6CE550	48		
0x6CE580	48		
0x6CE5B0	48		
0x6CE5E0	48		
0x6CE610	48		
0x6CE640	64		
0x6CE680	64		
0x6CE6C0	48		
0x6CE6F0	48		
0x6CE720	48		
0x6CE750	64		
0x6CE790	48		
0x6CE7C0	48		
0x6CE7F0	48		
0x6CE820	48		
0x6CE850	48		
0x6CE880	48		
0x6CE8B0	48		
0x6CE8E0	48		
0x6CE910	48		
0x6CE940	48		
0x6CE970	48		
0x6CE9A0	48		
0x6CE9D0	48		
0x6CEA00	48		
0x6CEA30	48		
0x6CEA60	48		
0x6CEA90	48		
0x6CEAC0	48		
0x6CEAF0	48		
0x6CEB20	48		
0x6CEB50	64		
0x6CEB90	48		
0x6CEBC0	48		
0x6CEBF0	48		
0x6CEC20	48		
0x6CEC50	48		
0x6CEC80	48		
0x6CECB0	48		
0x6CECE0	48		
0x6CED10	48		
0x6CED40	48		
0x6CED70	48		
0x6CEDA0	48		
0x6CEDD0	48		
0x6CEE00	48		
0x6CEE30	48		
0x6CEE60	48		
0x6CEE90	48		
0x6CEEC0	48		
0x6CEEF0	64		
0x6CEF30	48		
0x6CEF60	48		
0x6CEF90	48		
0x6CEFC0	48		
0x6CEFF0	48		
0x6CF020	48		
0x6CF050	48		
0x6CF080	48		
0x6CF0B0	48		
0x6CF0E0	64		
0x6CF120	48		
0x6CF150	48		
0x6CF180	48		
0x6CF1B0	48		
0x6CF1E0	48		
0x6CF210	48		
0x6CF240	48		
0x6CF270	48		
0x6CF2A0	48		
0x6CF2D0	48		
0x6CF300	48		
0x6CF330	48		
0x6CF360	32		
0x6CF380	32		
0x6CF3A0	48		
0x6CF3D0	48		
0x6CF400	48		
0x6CF430	48		
0x6CF460	48		
0x6CF490	48		
0x6CF4C0	48		
0x6CF4F0	48		
0x6CF520	48		
0x6CF550	48		
0x6CF580	48		
0x6CF5B0	48		
0x6CF5E0	48		
0x6CF610	48		
0x6CF640	48		
0x6CF670	48		
0x6CF6A0	48		
0x6CF6D0	48		
0x6CF700	48		
0x6CF730	48		
0x6CF760	48		
0x6CF790	48		
0x6CF7C0	48		
0x6CF7F0	48		
0x6CF820	48		
0x6CF850	32		
0x6CF870	32		
0x6CF890	64		
0x6CF8D0	48		
0x6CF900	48		
0x6CF930	64		
0x6CF970	48		
0x6CF9A0	48		
0x6CF9D0	64		
0x6CFA10	48		
0x6CFA40	48		
0x6CFA70	64		
0x6CFAB0	48		
0x6CFAE0	48		
0x6CFB10	48		
0x6CFB40	48		
0x6CFB70	48		
0x6CFBA0	48		
0x6CFBD0	48		
0x6CFC00	48		
0x6CFC30	48		
0x6CFC60	48		
0x6CFC90	48		
0x6CFCC0	48		
0x6CFCF0	48		
0x6CFD20	48		
0x6CFD50	48		
0x6CFD80	48		
0x6CFDB0	48		
0x6CFDE0	48		
0x6CFE10	48		
0x6CFE40	48		
0x6CFE70	48		
0x6CFEA0	48		
0x6CFED0	48		
0x6CFF00	48		
0x6CFF30	48		
0x6CFF60	48		
0x6CFF90	48		
0x6CFFC0	48		
0x6CFFF0	48		
0x6D0020	80		
0x6D0070	80		
0x6D00C0	48		
0x6D00F0	48		
0x6D0120	48		
0x6D0150	48		
0x6D0180	32		
0x6D01A0	64		
0x6D01E0	64		
0x6D0220	30		
0x6D023E	18		
0x6D0250	64		
0x6D0290	64		
0x6D02D0	64		
0x6D0310	48		
0x6D0340	32		
0x6D0360	64		
0x6D03A0	48		
0x6D03D0	48		
0x6D0400	48		
0x6D0430	48		
0x6D0460	48		
0x6D0490	48		
0x6D04C0	48		
0x6D04F0	48		
0x6D0520	48		
0x6D0550	32		
0x6D0570	64		
0x6D05B0	64		
0x6D05F0	64		
0x6D0630	64		
0x6D0670	48		
0x6D06A0	48		
0x6D06D0	48		
0x6D0700	48		
0x6D0730	48		
0x6D0760	48		
0x6D0790	48		
0x6D07C0	48		
0x6D07F0	64		
0x6D0830	64		
0x6D0870	29		
0x6D088D	19		
0x6D08A0	48		
0x6D08D0	48		
0x6D0900	48		
0x6D0930	48		
0x6D0960	48		
0x6D0990	48		
0x6D09C0	48		
0x6D09F0	48		
0x6D0A20	48		
0x6D0A50	48		
0x6D0A80	48		
0x6D0AB0	48		
0x6D0AE0	48		
0x6D0B10	64		
0x6D0B50	48		
0x6D0B80	32		
0x6D0BA0	32		
0x6D0BC0	48		
0x6D0BF0	48		
0x6D0C20	48		
0x6D0C50	48		
0x6D0C80	48		
0x6D0CB0	48		
0x6D0CE0	48		
0x6D0D10	48		
0x6D0D40	48		
0x6D0D70	48		
0x6D0DA0	48		
0x6D0DD0	48		
0x6D0E00	48		
0x6D0E30	48		
0x6D0E60	48		
0x6D0E90	48		
0x6D0EC0	48		
0x6D0EF0	48		
0x6D0F20	48		
0x6D0F50	32		
0x6D0F70	32		
0x6D0F90	48		
0x6D0FC0	32		
0x6D0FE0	64		
0x6D1020	32		
0x6D1040	48		
0x6D1070	48		
0x6D10A0	64		
0x6D10E0	64		
0x6D1120	80		
0x6D1170	64		
0x6D11B0	48		
0x6D11E0	32		
0x6D1200	32		
0x6D1220	48		
0x6D1250	48		
0x6D1280	48		
0x6D12B0	48		
0x6D12E0	48		
0x6D1310	48		
0x6D1340	48		
0x6D1370	1424		glBlendColor | glBlendEquation | glDrawRangeElements
0x6D1900	1712		glActiveTexture | glClientActiveTexture | glMultiTexCoord1d
0x6D1FB0	1664		glBlendFuncSeparate | glFogCoordf | glFogCoordfv
0x6D2630	736		glGenQueries | glDeleteQueries | glIsQuery
0x6D2910	3392		glBlendEquationSeparate | glDrawBuffers | glStencilOpSeparate
0x6D3650	272		glUniformMatrix2x3fv | glUniformMatrix3x2fv | glUniformMatrix2x4fv
0x6D3760	2160		glColorMaski | glGetBooleani_v | glGetIntegeri_v
0x6D3FD0	1280		glActiveTextureARB | glClientActiveTextureARB | glMultiTexCoord1dARB
0x6D44D0	192		glLoadTransposeMatrixfARB | glLoadTransposeMatrixdARB | glMultTransposeMatrixfARB
0x6D4590	80		glSampleCoverageARB
0x6D45E0	304		glCompressedTexImage3DARB | glCompressedTexImage2DARB | glCompressedTexImage1DARB
0x6D4710	128		glPointParameterfARB | glPointParameterfvARB
0x6D4790	416		glWeightbvARB | glWeightsvARB | glWeightivARB
0x6D4930	224		glCurrentPaletteMatrixARB | glMatrixIndexubvARB | glMatrixIndexusvARB
0x6D4A10	640		glWindowPos2dARB | glWindowPos2dvARB | glWindowPos2fARB
0x6D4C90	2288		glVertexAttrib1dARB | glVertexAttrib1dvARB | glVertexAttrib1fARB
0x6D5580	448		glBindBufferARB | glDeleteBuffersARB | glGenBuffersARB
0x6D5740	336		glGenQueriesARB | glDeleteQueriesARB | glIsQueryARB
0x6D5890	1456		glDeleteObjectARB | glGetHandleARB | glDetachObjectARB
0x6D5E40	160		glBindAttribLocationARB | glGetActiveAttribARB | glGetAttribLocationARB
0x6D5EE0	80		glDrawBuffersARB
0x6D5F30	80		glClampColorARB
0x6D5F80	128		glDrawArraysInstancedARB | glDrawElementsInstancedARB
0x6D6000	768		glIsRenderbuffer | glBindRenderbuffer | glDeleteRenderbuffers
0x6D6300	192		glProgramParameteriARB | glFramebufferTextureARB | glFramebufferTextureLayerARB
0x6D63C0	80		glVertexAttribDivisor
0x6D6410	128		glMapBufferRange | glFlushMappedBufferRange
0x6D6490	80		glTexBufferARB
0x6D64E0	192		glBindVertexArray | glDeleteVertexArrays | glGenVertexArrays
0x6D65A0	80		glBlendColorEXT
0x6D65F0	80		glPolygonOffsetEXT
0x6D6640	128		glTexImage3DEXT | glTexSubImage3DEXT
0x6D66C0	128		glGetTexFilterFuncSGIS | glTexFilterFuncSGIS
0x6D6740	128		glTexSubImage1DEXT | glTexSubImage2DEXT
0x6D67C0	224		glCopyTexImage1DEXT | glCopyTexImage2DEXT | glCopyTexSubImage1DEXT
0x6D68A0	416		glGetHistogramEXT | glGetHistogramParameterfvEXT | glGetHistogramParameterivEXT
0x6D6A40	512		glConvolutionFilter1DEXT | glConvolutionFilter2DEXT | glConvolutionParameterfEXT
0x6D6C40	304		glColorTableSGI | glColorTableParameterfvSGI | glColorTableParameterivSGI
0x6D6D70	272		glPixelTexGenParameteriSGIS | glPixelTexGenParameterivSGIS | glPixelTexGenParameterfSGIS
0x6D6E80	80		glPixelTexGenSGIX
0x6D6ED0	144		glTexImage4DSGIS | glTexSubImage4DSGIS
0x6D6F60	272		glAreTexturesResidentEXT | glBindTextureEXT | glDeleteTexturesEXT
0x6D7070	128		glDetailTexFuncSGIS | glGetDetailTexFuncSGIS
0x6D70F0	128		glSharpenTexFuncSGIS | glGetSharpenTexFuncSGIS
0x6D7170	128		glSampleMaskSGIS | glSamplePatternSGIS
0x6D71F0	48		
0x6D7220	80		glBlendEquationEXT
0x6D7270	192		glSpriteParameterfSGIX | glSpriteParameterfvSGIX | glSpriteParameteriSGIX
0x6D7330	128		glPointParameterfEXT | glPointParameterfvEXT
0x6D73B0	128		glPointParameterfSGIS | glPointParameterfvSGIS
0x6D7430	272		glGetInstrumentsSGIX | glInstrumentsBufferSGIX | glPollInstrumentsSGIX
0x6D7540	80		glFrameZoomSGIX
0x6D7590	80		glTagSampleBufferSGIX
0x6D75E0	26		glDeformationMap3dSGIX
0x6D75FA	166		glDeformationMap3fSGIX | glDeformSGIX | glLoadIdentityDeformationMapSGIX
0x6D76A0	80		glReferencePlaneSGIX
0x6D76F0	80		glFlushRasterSGIX
0x6D7740	128		glFogFuncSGIS | glGetFogFuncSGIS
0x6D77C0	16		
0x6D77D0	272		glImageTransformParameteriHP | glImageTransformParameterfHP | glImageTransformParameterivHP
0x6D78E0	128		glColorSubTableEXT | glCopyColorSubTableEXT
0x6D7960	80		glHintPGI
0x6D79B0	48		
0x6D79E0	272		glGetListParameterfvSGIX | glGetListParameterivSGIX | glListParameterfSGIX
0x6D7AF0	80		glIndexMaterialEXT
0x6D7B40	80		glIndexFuncEXT
0x6D7B90	128		glLockArraysEXT | glUnlockArraysEXT
0x6D7C10	128		glCullParameterdvEXT | glCullParameterfvEXT
0x6D7C90	704		glFragmentColorMaterialSGIX | glFragmentLightfSGIX | glFragmentLightfvSGIX
0x6D7F50	80		glDrawRangeElementsEXT
0x6D7FA0	160		glApplyTextureEXT | glTextureLightEXT | glTextureMaterialEXT
0x6D8040	272		glAsyncMarkerSGIX | glFinishAsyncSGIX | glPollAsyncSGIX
0x6D8150	192		glVertexPointervINTEL | glNormalPointervINTEL | glColorPointervINTEL
0x6D8210	192		glPixelTransformParameteriEXT | glPixelTransformParameterfEXT | glPixelTransformParameterivEXT
0x6D82D0	656		glSecondaryColor3bEXT | glSecondaryColor3bvEXT | glSecondaryColor3dEXT
0x6D8560	80		glTextureNormalEXT
0x6D85B0	128		glMultiDrawArraysEXT | glMultiDrawElementsEXT
0x6D8630	224		glFogCoordfEXT | glFogCoordfvEXT | glFogCoorddEXT
0x6D8710	848		glTangent3bEXT | glTangent3bvEXT | glTangent3dEXT
0x6D8A60	80		glFinishTextureSUNX
0x6D8AB0	336		glGlobalAlphaFactorbSUN | glGlobalAlphaFactorsSUN | glGlobalAlphaFactoriSUN
0x6D8C00	304		glReplacementCodeuiSUN | glReplacementCodeusSUN | glReplacementCodeubSUN
0x6D8D30	1488		glColor4ubVertex2fSUN | glColor4ubVertex2fvSUN | glColor4ubVertex3fSUN
0x6D9300	80		glBlendFuncSeparateEXT
0x6D9350	64		glVertexWeightfEXT | glVertexWeightfvEXT
0x6D9390	96		glVertexWeightPointerEXT
0x6D93F0	128		glFlushVertexArrayRangeNV | glVertexArrayRangeNV
0x6D9470	512		glCombinerParameterfvNV | glCombinerParameterfNV | glCombinerParameterivNV
0x6D9670	80		glResizeBuffersMESA
0x6D96C0	912		glWindowPos2dMESA | glWindowPos2dvMESA | glWindowPos2fMESA
0x6D9A50	128		glMultiModeDrawArraysIBM | glMultiModeDrawElementsIBM
0x6D9AD0	336		glColorPointerListIBM | glSecondaryColorPointerListIBM | glEdgeFlagPointerListIBM
0x6D9C20	80		glTbufferMask3DFX
0x6D9C70	89		glSampleMaskEXT | glSamplePatternEXT
0x6D9CC9	39		
0x6D9CF0	80		glTextureColorMaskSGIS
0x6D9D40	304		glDeleteFencesNV | glGenFencesNV | glIsFenceNV
0x6D9E70	384		glMapControlPointsNV | glMapParameterivNV | glMapParameterfvNV
0x6D9FF0	128		glCombinerStageParameterfvNV | glGetCombinerStageParameterfvNV
0x6DA070	1470		glAreProgramsResidentNV | glBindProgramNV | glDeleteProgramsNV
0x6DA62E	882		glVertexAttrib3sNV | glVertexAttrib3svNV | glVertexAttrib4dNV
0x6DA9A0	192		glTexBumpParameterivATI | glTexBumpParameterfvATI | glGetTexBumpParameterivATI
0x6DAA60	560		glGenFragmentShadersATI | glBindFragmentShaderATI | glDeleteFragmentShaderATI
0x6DAC90	128		glPNTrianglesiATI | glPNTrianglesfATI
0x6DAD10	480		glNewObjectBufferATI | glIsObjectBufferATI | glUpdateObjectBufferATI
0x6DAEF0	115		glBeginVertexShaderEXT | glEndVertexShaderEXT | glBindVertexShaderEXT
0x6DAF63	1453		glGenVertexShadersEXT | glDeleteVertexShaderEXT | glShaderOp1EXT
0x6DB510	952		glVertexStream1sATI | glVertexStream1svATI | glVertexStream1iATI
0x6DB8C8	712		glVertexStream4ivATI | glVertexStream4fATI | glVertexStream4fvATI
0x6DBB90	160		glElementPointerATI | glDrawElementArrayATI | glDrawRangeElementArrayATI
0x6DBC30	80		glDrawMeshArraysSUN
0x6DBC80	304		glGenOcclusionQueriesNV | glDeleteOcclusionQueriesNV | glIsOcclusionQueryNV
0x6DBDB0	128		glPointParameteriNV | glPointParameterivNV
0x6DBE30	80		glActiveStencilFaceEXT
0x6DBE80	224		glElementPointerAPPLE | glDrawElementArrayAPPLE | glDrawRangeElementArrayAPPLE
0x6DBF60	336		glGenFencesAPPLE | glDeleteFencesAPPLE | glSetFenceAPPLE
0x6DC0B0	192		glBindVertexArrayAPPLE | glDeleteVertexArraysAPPLE | glGenVertexArraysAPPLE
0x6DC170	160		glVertexArrayRangeAPPLE | glFlushVertexArrayRangeAPPLE | glVertexArrayParameteriAPPLE
0x6DC210	1		
0x6DC211	79		glDrawBuffersATI
0x6DC260	272		glProgramNamedParameter4fNV | glProgramNamedParameter4dNV | glProgramNamedParameter4fvNV
0x6DC370	1712		glVertex2hNV | glVertex2hvNV | glVertex3hNV
0x6DCA20	128		glPixelDataRangeNV | glFlushPixelDataRangeNV
0x6DCAA0	128		glPrimitiveRestartNV | glPrimitiveRestartIndexNV
0x6DCB20	128		glMapObjectBufferATI | glUnmapObjectBufferATI
0x6DCBA0	128		glStencilOpSeparateATI | glStencilFuncSeparateATI
0x6DCC20	150		glVertexAttribArrayObjectATI | glGetVertexAttribArrayObjectfvATI | glGetVertexAttribArrayObjectivATI
0x6DCCB6	10		
0x6DCCC0	80		glDepthBoundsEXT
0x6DCD10	80		glBlendEquationSeparateEXT
0x6DCD60	656		glIsRenderbufferEXT | glBindRenderbufferEXT | glDeleteRenderbuffersEXT
0x6DCFF0	80		glStringMarkerGREMEDY
0x6DD040	80		glStencilClearTagEXT
0x6DD090	80		glBlitFramebufferEXT
0x6DD0E0	80		glRenderbufferStorageMultisampleEXT
0x6DD130	128		glGetQueryObjecti64vEXT | glGetQueryObjectui64vEXT
0x6DD1B0	128		glProgramEnvParameters4fvEXT | glProgramLocalParameters4fvEXT
0x6DD230	128		glBufferParameteriAPPLE | glFlushMappedBufferRangeAPPLE
0x6DD2B0	448		glGetUniformuivEXT | glBindFragDataLocationEXT | glGetFragDataLocationEXT
0x6DD470	128		glDrawArraysInstancedEXT | glDrawElementsInstancedEXT
0x6DD4F0	80		glTexBufferEXT
0x6DD540	160		glDepthRangedNV | glClearDepthdNV | glDepthBoundsdNV
0x6DD5E0	67		glRenderbufferStorageMultisampleCoverageNV
0x6DD623	13		
0x6DD630	160		glProgramBufferParametersfvNV | glProgramBufferParametersIivNV | glProgramBufferParametersIuivNV
0x6DD6D0	272		glColorMaskIndexedEXT | glGetBooleanIndexedvEXT | glGetIntegerIndexedvEXT
0x6DD7E0	448		glBeginTransformFeedbackNV | glEndTransformFeedbackNV | glTransformFeedbackAttribsNV
0x6DD9A0	160		glUniformBufferEXT | glGetUniformBufferSizeEXT | glGetUniformOffsetEXT
0x6DDA40	272		glTexParameterIivEXT | glTexParameterIuivEXT | glGetTexParameterIivEXT
0x6DDB50	80		glFrameTerminatorGREMEDY
0x6DDBA0	128		glBeginConditionalRenderNV | glEndConditionalRenderNV
0x6DDC20	320		glBeginTransformFeedbackEXT | glEndTransformFeedbackEXT | glBindBufferRangeEXT
0x6DDD60	748		glClientAttribDefaultEXT | glPushClientAttribDefaultEXT | glMatrixLoadfEXT
0x6DE04C	485		glTextureParameterfEXT | glTextureParameterfvEXT | glTextureParameteriEXT
0x6DE231	2560		glGetTextureParameterfvEXT | glGetTextureParameterivEXT | glGetTextureLevelParameterfvEXT
0x6DEC31	2959		glNamedProgramLocalParameters4fvEXT | glNamedProgramLocalParameterI4iEXT | glNamedProgramLocalParameterI4ivEXT
0x6DF7C0	160		glGetMultisamplefvNV | glSampleMaskIndexedNV | glTexRenderbufferNV
0x6DF860	304		glBindTransformFeedbackNV | glDeleteTransformFeedbacksNV | glGenTransformFeedbacksNV
0x6DF990	80		glBlendFuncSeparateINGR
0x6DF9E0	80		glIglooInterfaceSGIX
0x6DFA30	126		glFragmentLightModeliEXT | glFragmentLightModelfEXT | glFragmentLightModelivEXT
0x6DFAAE	578		glFragmentLightiEXT | glFragmentLightfEXT | glFragmentLightivEXT
0x6DFCF0	192		glProgramParameteriEXT | glFramebufferTextureEXT | glFramebufferTextureLayerEXT
0x6DFDB0	144		glBeginSceneEXT | glEndSceneEXT
0x6DFE40	1520		glProgramLocalParameterI4iNV | glProgramLocalParameterI4ivNV | glProgramLocalParametersI4ivNV
0x6E0430	272		glDepthRangefOES | glFrustumfOES | glOrthofOES
0x6E0540	147		wglCreateBufferRegionARB | wglDeleteBufferRegionARB | wglSaveBufferRegionARB
0x6E05D3	45		
0x6E0600	80		wglGetExtensionsStringARB
0x6E0650	160		wglGetPixelFormatAttribivARB | wglGetPixelFormatAttribfvARB | wglChoosePixelFormatARB
0x6E06F0	128		wglMakeContextCurrentARB | wglGetCurrentReadDCARB
0x6E0770	224		wglCreatePbufferARB | wglGetPbufferDCARB | wglReleasePbufferDCARB
0x6E0850	160		wglBindTexImageARB | wglReleaseTexImageARB | wglSetPbufferAttribARB
0x6E08F0	80		wglCreateContextAttribsARB
0x6E0940	128		wglMakeContextCurrentEXT | wglGetCurrentReadDCEXT
0x6E09C0	160		wglGetPixelFormatAttribivEXT | wglGetPixelFormatAttribfvEXT | wglChoosePixelFormatEXT
0x6E0A60	224		wglCreatePbufferEXT | wglGetPbufferDCEXT | wglReleasePbufferDCEXT
0x6E0B40	128		wglGetDigitalVideoParametersI3D | wglSetDigitalVideoParametersI3D
0x6E0BC0	192		wglGetGammaTableParametersI3D | wglSetGammaTableParametersI3D | wglGetGammaTableI3D
0x6E0C80	480		wglEnableGenlockI3D | wglDisableGenlockI3D | wglIsEnabledGenlockI3D
0x6E0E60	192		wglCreateImageBufferI3D | wglDestroyImageBufferI3D | wglAssociateImageBufferEventsI3D
0x6E0F20	124		wglEnableFrameLockI3D | wglDisableFrameLockI3D | wglIsEnabledFrameLockI3D
0x6E0F9C	84		
0x6E0FF0	160		wglEnumerateVideoDevicesNV | wglBindVideoDeviceNV | wglQueryCurrentContextNV
0x6E1090	272		wglJoinSwapGroupNV | wglBindSwapBarrierNV | wglQuerySwapGroupNV
0x6E11A0	224		wglEnumGpusNV | wglEnumGpuDevicesNV | wglCreateAffinityDCNV
0x6E1280	192		wglCreateDisplayColorTableEXT | wglLoadDisplayColorTableEXT | wglBindDisplayColorTableEXT
0x6E1340	80		wglGetExtensionsStringEXT
0x6E1390	128		wglSwapIntervalEXT | wglGetSwapIntervalEXT
0x6E1410	128		wglAllocateMemoryNV | wglFreeMemoryNV
0x6E1490	272		wglGetSyncValuesOML | wglGetMscRateOML | wglSwapBuffersMscOML
0x6E15A0	192		wglGetFrameUsageI3D | wglBeginFrameTrackingI3D | wglEndFrameTrackingI3D
0x6E1660	272		wglGetVideoDeviceNV | wglReleaseVideoDeviceNV | wglBindVideoImageNV
0x6E1770	48		
0x6E17A0	160		
0x6E1840	304		
0x6E1970	64		wglGetExtensionsStringARB
0x6E19B0	80		
0x6E1A00	37		
0x6E1A25	11		
0x6E1A30	557		glGetString(GL_EXTENSIONS) failed. | %s %s | %s%s
0x6E1C5D	115		Extension name exceeds 1023 characters.
0x6E1CD0	120		
0x6E1D48	40		
0x6E1D70	48		
0x6E1DA0	1774		GL extension querying failed. | GL_ARB_imaging | GL_ARB_multitexture
0x6E248E	2561		GL_ARB_instanced_arrays | GL_ARB_map_buffer_range | GL_ARB_texture_buffer_object
0x6E2E8F	2361		GL_SGIX_shadow_ambient | GL_EXT_index_texture | GL_EXT_index_material
0x6E37C8	2889		GL_IBM_vertex_array_lists | GL_SGIX_subsample | GL_SGIX_ycrcb_subsample
0x6E4311	2725		GL_NV_fragment_program2 | GL_NV_vertex_program2_option | GL_NV_vertex_program3
0x6E4DB6	650		WGL_NV_render_depth_texture | WGL_NV_render_texture_rectangle | WGL_ATI_pixel_format_float
0x6E5040	160		
0x6E50E0	96		
0x6E5140	496		
0x6E5330	128		
0x6E53B0	128		
0x6E5430	496		
0x6E5620	64		
0x6E5660	208		
0x6E5730	96		
0x6E5790	190		
0x6E584E	6		
0x6E5854	2		
0x6E5856	533		
0x6E5A6B	53		
0x6E5AA0	48		
0x6E5AD0	48		
0x6E5B00	528		
0x6E5D10	128		
0x6E5D90	64		
0x6E5DD0	208		
0x6E5EA0	64		
0x6E5EE0	40		
0x6E5F08	24		
0x6E5F20	80		
0x6E5F70	80		
0x6E5FC0	64		
0x6E6000	112		
0x6E6070	432		
0x6E6220	456		
0x6E63E8	248		
0x6E64E0	16		
0x6E64F0	144		
0x6E6580	64		
0x6E65C0	80		
0x6E6610	112		
0x6E6680	112		basic_string
0x6E66F0	144		
0x6E6780	137		
0x6E6809	56		string too long
0x6E6841	56		invalid string position
0x6E6879	2		
0x6E687B	233		
0x6E6964	54		
0x6E699A	6		
0x6E69A0	2		
0x6E69A2	21		
0x6E69B7	125		Attempted a typeid of NULL pointer! | Bad read pointer - no RTTI data! | Access violation - no RTTI data!
0x6E6A34	22		
0x6E6A4A	2		
0x6E6A4C	117		
0x6E6AC1	2		
0x6E6AC3	34		
0x6E6AE5	2		
0x6E6AE7	262		
0x6E6BED	2		
0x6E6BEF	250		
0x6E6CE9	90		
0x6E6D43	213		Bad dynamic_cast! | Access violation - no RTTI data!
0x6E6E18	2		
0x6E6E1A	18		
0x6E6E2C	18		
0x6E6E3E	31		
0x6E6E5D	2		
0x6E6E5F	72		
0x6E6EA7	77		
0x6E6EF4	24		
0x6E6F0C	94		
0x6E6F6A	75		
0x6E6FB5	27		
0x6E6FD0	292		
0x6E70F4	2		
0x6E70F6	123		
0x6E7171	2		
0x6E7173	28		
0x6E718F	2		
0x6E7191	20		
0x6E71A5	2		
0x6E71A7	9		
0x6E71B0	2		
0x6E71B2	133		
0x6E7237	2		
0x6E7239	169		
0x6E72E2	2		
0x6E72E4	44		
0x6E7310	192		
0x6E73D0	538		
0x6E75EA	331		
0x6E7735	17		
0x6E7746	2		
0x6E7748	81		
0x6E7799	2		
0x6E779B	27		
0x6E77B6	2		
0x6E77B8	91		
0x6E7813	35		
0x6E7836	2		
0x6E7838	30		
0x6E7856	38		
0x6E787C	2		
0x6E787E	28		
0x6E789A	2		
0x6E789C	38		
0x6E78C2	2		
0x6E78C4	29		
0x6E78E1	29		
0x6E78FE	33		
0x6E791F	39		
0x6E7946	37		
0x6E796B	2		
0x6E796D	64		
0x6E79AD	19		
0x6E79C0	19		
0x6E79D3	2		
0x6E79D5	33		
0x6E79F6	2		
0x6E79F8	173		
0x6E7AA5	2		
0x6E7AA7	79		
0x6E7AF6	2		
0x6E7AF8	44		
0x6E7B24	2		
0x6E7B26	84		
0x6E7B7A	2		
0x6E7B7C	46		
0x6E7BAA	2		
0x6E7BAC	79		
0x6E7BFB	2		
0x6E7BFD	44		
0x6E7C29	2		
0x6E7C2B	84		
0x6E7C7F	2		
0x6E7C81	46		
0x6E7CAF	2		
0x6E7CB1	276		
0x6E7DC5	2		
0x6E7DC7	57		
0x6E7E00	288		
0x6E7F20	134		
0x6E7FA6	2		
0x6E7FA8	190		
0x6E8066	2		
0x6E8068	151		
0x6E80FF	406		
0x6E8295	2		
0x6E8297	41		
0x6E82C0	2		
0x6E82C2	104		
0x6E832A	2		
0x6E832C	32		
0x6E834C	320		
0x6E848C	8		
0x6E8494	186		
0x6E854E	10		
0x6E8558	2		
0x6E855A	21		
0x6E856F	2		
0x6E8571	117		
0x6E85E6	116		
0x6E865A	8		
0x6E8662	2		
0x6E8664	95		
0x6E86C3	2		
0x6E86C5	110		
0x6E8733	2		
0x6E8735	32		
0x6E8755	2		
0x6E8757	46		
0x6E8785	2		
0x6E8787	39		
0x6E87AE	2		
0x6E87B0	41		CorExitProcess
0x6E87D9	2		
0x6E87DB	22		
0x6E87F1	9		
0x6E87FA	9		
0x6E8803	2		
0x6E8805	27		
0x6E8820	2		
0x6E8822	34		
0x6E8844	2		
0x6E8846	131		
0x6E88C9	279		
0x6E89E0	21		
0x6E89F5	2		
0x6E89F7	20		
0x6E8A0B	2		
0x6E8A0D	20		
0x6E8A21	15		
0x6E8A30	15		
0x6E8A3F	78		
0x6E8A8D	2		
0x6E8A8F	114		
0x6E8B01	2		
0x6E8B03	431		
0x6E8CB2	2		
0x6E8CB4	177		
0x6E8D65	2		
0x6E8D67	106		
0x6E8DD1	244		
0x6E8EC5	2		
0x6E8EC7	210		
0x6E8F99	2		
0x6E8F9B	27		
0x6E8FB6	2		
0x6E8FB8	352		
0x6E9118	120		
0x6E9190	16		
0x6E91A0	45		
0x6E91CD	34		
0x6E91EF	2		
0x6E91F1	275		
0x6E9304	2		
0x6E9306	42		
0x6E9330	2		
0x6E9332	151		
0x6E93C9	2		
0x6E93CB	24		
0x6E93E3	2		
0x6E93E5	520		
0x6E95ED	140		
0x6E9679	10		
0x6E9683	2		
0x6E9685	27		
0x6E96A0	2		
0x6E96A2	411		
0x6E983D	2		
0x6E983F	136		
0x6E98C7	123		
0x6E9942	10		
0x6E994C	36		
0x6E9970	48		
0x6E99A0	2		
0x6E99A2	142		
0x6E9A30	2		
0x6E9A32	587		
0x6E9C7D	81		
0x6E9CCE	24		
0x6E9CE6	2		
0x6E9CE8	91		
0x6E9D43	2		
0x6E9D45	13		
0x6E9D52	2		
0x6E9D54	294		
0x6E9E7A	2		
0x6E9E7C	36		
0x6E9EA0	16		
0x6E9EB0	2		
0x6E9EB2	123		
0x6E9F2D	2		
0x6E9F2F	172		
0x6E9FDB	2		
0x6E9FDD	21		
0x6E9FF2	86		
0x6EA048	56		
0x6EA080	70		
0x6EA0C6	9		
0x6EA0CF	2		
0x6EA0D1	200		
0x6EA199	324		
0x6EA2DD	215		
0x6EA3B4	2		
0x6EA3B6	48		
0x6EA3E6	7		
0x6EA3ED	2		
0x6EA3EF	82		
0x6EA441	56		
0x6EA479	49		
0x6EA4AA	2		
0x6EA4AC	215		
0x6EA583	157		
0x6EA620	2		
0x6EA622	115		
0x6EA695	2		
0x6EA697	42		
0x6EA6C1	2		
0x6EA6C3	37		
0x6EA6E8	2		
0x6EA6EA	80		
0x6EA73A	2		
0x6EA73C	94		
0x6EA79A	15		
0x6EA7A9	2		
0x6EA7AB	85		
0x6EA800	869		
0x6EAB65	2		
0x6EAB67	179		
0x6EAC1A	98		
0x6EAC7C	36		
0x6EACA0	128		
0x6EAD20	139		
0x6EADAB	51		
0x6EADDE	54		
0x6EAE14	2		
0x6EAE16	112		EncodePointer
0x6EAE86	9		
0x6EAE8F	2		
0x6EAE91	121		DecodePointer
0x6EAF0A	52		
0x6EAF3E	61		
0x6EAF7B	213		EncodePointer | DecodePointer
0x6EB050	9		
0x6EB059	9		
0x6EB062	121		
0x6EB0DB	308		
0x6EB20F	12		
0x6EB21B	9		
0x6EB224	397		FlsAlloc | FlsGetValue | FlsSetValue
0x6EB3B1	2		
0x6EB3B3	67		
0x6EB3F6	2		
0x6EB3F8	74		
0x6EB442	2		
0x6EB444	76		
0x6EB490	2		
0x6EB492	80		
0x6EB4E2	154		
0x6EB57C	12		
0x6EB588	69		
0x6EB5CD	37		
0x6EB5F2	398		
0x6EB780	136		
0x6EB808	103		
0x6EB86F	9		
0x6EB878	236		
0x6EB964	9		
0x6EB96D	2		
0x6EB96F	277		
0x6EBA84	2		
0x6EBA86	31		
0x6EBAA5	2		
0x6EBAA7	425		<program name unknown> | ... | Microsoft Visual C++ Runtime Library
0x6EBC50	57		
0x6EBC89	2		
0x6EBC8B	13		
0x6EBC98	57		
0x6EBCD1	19		
0x6EBCE4	56		
0x6EBD1C	17		
0x6EBD2D	2		
0x6EBD2F	354		
0x6EBE91	51		
0x6EBEC4	2		
0x6EBEC6	36		
0x6EBEEA	2		
0x6EBEEC	390		
0x6EC072	260		
0x6EC176	1627		
0x6EC7D1	689		
0x6ECA82	2		
0x6ECA84	202		
0x6ECB4E	2		
0x6ECB50	134		
0x6ECBD6	47		
0x6ECC05	100		
0x6ECC69	2		
0x6ECC6B	401		
0x6ECDFC	155		
0x6ECE97	9		
0x6ECEA0	2		
0x6ECEA2	122		
0x6ECF1C	2		
0x6ECF1E	483		
0x6ED101	353		
0x6ED262	57		
0x6ED29B	30		
0x6ED2B9	2		
0x6ED2BB	327		
0x6ED402	2		
0x6ED404	141		
0x6ED491	2		
0x6ED493	151		
0x6ED52A	62		
0x6ED568	106		
0x6ED5D2	12		
0x6ED5DE	2		
0x6ED5E0	165		
0x6ED685	2		
0x6ED687	182		
0x6ED73D	2		
0x6ED73F	1782		
0x6EDE35	135		
0x6EDEBC	227		
0x6EDF9F	80		
0x6EDFEF	2		
0x6EDFF1	109		
0x6EE05E	2		
0x6EE060	102		
0x6EE0C6	2		
0x6EE0C8	30		
0x6EE0E6	2		
0x6EE0E8	931		
0x6EE48B	2		
0x6EE48D	67		
0x6EE4D0	2		
0x6EE4D2	54		
0x6EE508	2		
0x6EE50A	17		
0x6EE51B	2		
0x6EE51D	708		
0x6EE7E1	211		
0x6EE8B4	2		
0x6EE8B6	85		
0x6EE90B	2		
0x6EE90D	30		
0x6EE92B	22		
0x6EE941	2		
0x6EE943	17		
0x6EE954	2		
0x6EE956	42		
0x6EE980	4027		
0x6EF93B	215		
0x6EFA12	2		
0x6EFA14	63		
0x6EFA53	2		
0x6EFA55	48		
0x6EFA85	2		
0x6EFA87	58		
0x6EFAC1	2		
0x6EFAC3	45		
0x6EFAF0	2		
0x6EFAF2	297		
0x6EFC1B	596		
0x6EFE6F	2		
0x6EFE71	48		
0x6EFEA1	2		
0x6EFEA3	711		ccs | UTF-8 | UTF-16LE
0x6F016A	303		
0x6F0299	11		
0x6F02A4	242		
0x6F0396	23		
0x6F03AD	25		
0x6F03C6	26		
0x6F03E0	23		
0x6F03F7	2		
0x6F03F9	154		
0x6F0493	195		
0x6F0556	10		
0x6F0560	2		
0x6F0562	47		
0x6F0591	2		
0x6F0593	102		
0x6F05F9	2		
0x6F05FB	70		
0x6F0641	162		
0x6F06E3	47		
0x6F0712	9		
0x6F071B	9		
0x6F0724	2		
0x6F0726	24		
0x6F073E	2		
0x6F0740	88		
0x6F0798	2		
0x6F079A	52		
0x6F07CE	2		
0x6F07D0	22		
0x6F07E6	2		
0x6F07E8	50		
0x6F081A	4351		
0x6F1919	162		
0x6F19BB	2		
0x6F19BD	21		
0x6F19D2	186		
0x6F1A8C	9		
0x6F1A95	2		
0x6F1A97	49		
0x6F1AC8	76		
0x6F1B14	44		
0x6F1B40	2		
0x6F1B42	62		
0x6F1B80	2		
0x6F1B82	78		
0x6F1BD0	2		
0x6F1BD2	187		
0x6F1C8D	1		
0x6F1C8E	2		
0x6F1C90	350		
0x6F1DEE	2		
0x6F1DF0	28		
0x6F1E0C	2		
0x6F1E0E	53		
0x6F1E43	13		
0x6F1E50	372		
0x6F1FC4	60		
0x6F2000	2		
0x6F2002	13		
0x6F200F	2		
0x6F2011	13		
0x6F201E	96		
0x6F207E	2		
0x6F2080	13		
0x6F208D	2		
0x6F208F	40		
0x6F20B7	78		
0x6F2105	95		
0x6F2164	222		
0x6F2242	2		
0x6F2244	408		
0x6F23DC	2		
0x6F23DE	185		
0x6F2497	2		
0x6F2499	309		
0x6F25CE	2		
0x6F25D0	46		
0x6F25FE	2		
0x6F2600	148		
0x6F2694	2		
0x6F2696	45		
0x6F26C3	2		
0x6F26C5	37		
0x6F26EA	2		
0x6F26EC	80		
0x6F273C	2		
0x6F273E	2636		
0x6F318A	330		
0x6F32D4	2		
0x6F32D6	1841		
0x6F3A07	210		
0x6F3AD9	10		
0x6F3AE3	2		
0x6F3AE5	1472		
0x6F40A5	243		
0x6F4198	10		
0x6F41A2	2		
0x6F41A4	115		
0x6F4217	210		
0x6F42E9	10		
0x6F42F3	8		
0x6F42FB	2		
0x6F42FD	46		
0x6F432B	2		
0x6F432D	788		
0x6F4641	176		
0x6F46F1	2		
0x6F46F3	262		
0x6F47F9	2		
0x6F47FB	735		
0x6F4ADA	2		
0x6F4ADC	5		
0x6F4AE1	23		
0x6F4AF8	711		
0x6F4DBF	2		
0x6F4DC1	41		
0x6F4DEA	37		
0x6F4E0F	2		
0x6F4E11	93		
0x6F4E6E	2		
0x6F4E70	71		
0x6F4EB7	198		
0x6F4F7D	27		
0x6F4F98	69		
0x6F4FDD	85		
0x6F5032	2		
0x6F5034	39		
0x6F505B	2		
0x6F505D	121		
0x6F50D6	73		
0x6F511F	294		
0x6F5245	118		
0x6F52BB	383		
0x6F543A	146		
0x6F54CC	2		
0x6F54CE	108		
0x6F553A	2		
0x6F553C	242		
0x6F562E	2		
0x6F5630	839		bad exception
0x6F5977	27		
0x6F5992	2		
0x6F5994	236		
0x6F5A80	78		
0x6F5ACE	260		
0x6F5BD2	2		
0x6F5BD4	113		
0x6F5C45	2		
0x6F5C47	130		
0x6F5CC9	26		
0x6F5CE3	2		
0x6F5CE5	66		
0x6F5D27	24		
0x6F5D3F	33		
0x6F5D60	19		
0x6F5D73	17		
0x6F5D84	2		
0x6F5D86	365		e+000
0x6F5EF3	2		
0x6F5EF5	206		
0x6F5FC3	2		
0x6F5FC5	30		
0x6F5FE3	2		
0x6F5FE5	555		
0x6F6210	326		
0x6F6356	2		
0x6F6358	245		
0x6F644D	2		
0x6F644F	185		
0x6F6508	2		
0x6F650A	248		
0x6F6602	2		
0x6F6604	136		
0x6F668C	33		
0x6F66AD	45		
0x6F66DA	60		
0x6F6716	41		KERNEL32 | IsProcessorFeaturePresent
0x6F673F	87		
0x6F6796	143		
0x6F6825	252		
0x6F6921	34		
0x6F6943	2		
0x6F6945	121		
0x6F69BE	40		
0x6F69E6	99		
0x6F6A49	1260		
0x6F6F35	2		
0x6F6F37	28		
0x6F6F53	2		
0x6F6F55	134		
0x6F6FDB	2		
0x6F6FDD	22		
0x6F6FF3	2		
0x6F6FF5	29		
0x6F7012	2		
0x6F7014	32		
0x6F7034	21		
0x6F7049	2		
0x6F704B	87		
0x6F70A2	35		
0x6F70C5	2		
0x6F70C7	132		
0x6F714B	2		
0x6F714D	104		
0x6F71B5	42		
0x6F71DF	2		
0x6F71E1	40		
0x6F7209	2		
0x6F720B	109		
0x6F7278	2		
0x6F727A	51		
0x6F72AD	2		
0x6F72AF	52		
0x6F72E3	2		
0x6F72E5	53		
0x6F731A	2		
0x6F731C	81		
0x6F736D	2		
0x6F736F	67		
0x6F73B2	2		
0x6F73B4	86		
0x6F740A	2		
0x6F740C	61		
0x6F7449	2		
0x6F744B	53		
0x6F7480	2		
0x6F7482	72		
0x6F74CA	2		
0x6F74CC	62		
0x6F750A	2		
0x6F750C	109		
0x6F7579	29		
0x6F7596	39		 ?? 
0x6F75BD	2		
0x6F75BF	47		
0x6F75EE	2		
0x6F75F0	64		
0x6F7630	2		
0x6F7632	122		
0x6F76AC	2		
0x6F76AE	43		
0x6F76D9	2		
0x6F76DB	55		
0x6F7712	2		
0x6F7714	189		
0x6F77D1	2		
0x6F77D3	108		
0x6F783F	2		
0x6F7841	153		
0x6F78DA	2		
0x6F78DC	34		
0x6F78FE	2		
0x6F7900	65		
0x6F7941	2		
0x6F7943	51		
0x6F7976	2		
0x6F7978	168		
0x6F7A20	2		
0x6F7A22	55		{flat}
0x6F7A59	2		
0x6F7A5B	34		
0x6F7A7D	2		
0x6F7A7F	80		
0x6F7ACF	2		
0x6F7AD1	98		
0x6F7B33	2		
0x6F7B35	256		
0x6F7C35	2		
0x6F7C37	82		{for 
0x6F7C89	2		
0x6F7C8B	34		
0x6F7CAD	2		
0x6F7CAF	34		
0x6F7CD1	2		
0x6F7CD3	34		
0x6F7CF5	2		
0x6F7CF7	34		
0x6F7D19	2		
0x6F7D1B	34		
0x6F7D3D	2		
0x6F7D3F	336		
0x6F7E8F	2		
0x6F7E91	210		char  | short  | int 
0x6F7F63	2		
0x6F7F65	218		void
0x6F803F	2		
0x6F8041	125		 throw(
0x6F80BE	2		
0x6F80C0	379		
0x6F823B	2		
0x6F823D	376		
0x6F83B5	2		
0x6F83B7	49		
0x6F83E8	2		
0x6F83EA	20		
0x6F83FE	2		
0x6F8400	20		
0x6F8414	2		
0x6F8416	309		{for 
0x6F854B	2		
0x6F854D	162		
0x6F85EF	2		
0x6F85F1	80		
0x6F8641	2		
0x6F8643	715		NULL | `template-parameter | `non-type-template-parameter
0x6F890E	2		
0x6F8910	220		void | void  | cli::array<
0x6F89EC	2		
0x6F89EE	450		void | `template-parameter
0x6F8BB0	2		
0x6F8BB2	1435		operator | `string' | `anonymous namespace'
0x6F914D	2		
0x6F914F	325		
0x6F9294	2		
0x6F9296	109		
0x6F9303	391		
0x6F948A	2		
0x6F948C	207		
0x6F955B	2		
0x6F955D	261		cointerface  | coclass  | enum 
0x6F9662	2		
0x6F9664	72		
0x6F96AC	2		
0x6F96AE	152		void
0x6F9746	2		
0x6F9748	2933		}'  | `vtordispex{
0x6FA2BD	36		
0x6FA2E1	2		
0x6FA2E3	534		
0x6FA4F9	2		
0x6FA4FB	622		`anonymous namespace'
0x6FA769	2		
0x6FA76B	850		
0x6FAABD	2		
0x6FAABF	1221		volatile  | const 
0x6FAF84	2		
0x6FAF86	303		CV: 
0x6FB0B5	2		
0x6FB0B7	247		
0x6FB1AE	2		
0x6FB1B0	27		
0x6FB1CB	2		
0x6FB1CD	27		
0x6FB1E8	145		
0x6FB279	9		
0x6FB282	2		
0x6FB284	949		char | short | int
0x6FB639	2		
0x6FB63B	310		volatile
0x6FB771	2		
0x6FB773	190		void | void 
0x6FB831	2		
0x6FB833	108		
0x6FB89F	2		
0x6FB8A1	359		USER32.DLL | MessageBoxA | GetProcessWindowStation
0x6FBA08	2		
0x6FBA0A	73		
0x6FBA53	2		
0x6FBA55	131		
0x6FBAD8	271		
0x6FBBE7	10		
0x6FBBF1	2		
0x6FBBF3	71		
0x6FBC3A	2		
0x6FBC3C	98		
0x6FBC9E	2		
0x6FBCA0	362		
0x6FBE0A	2		
0x6FBE0C	36		
0x6FBE30	149		
0x6FBEC5	2		
0x6FBEC7	77		
0x6FBF14	413		
0x6FC0B1	259		
0x6FC1B4	1625		
0x6FC80D	739		
0x6FCAF0	52		
0x6FCB24	2		
0x6FCB26	440		
0x6FCCDE	2		
0x6FCCE0	64		
0x6FCD20	2		
0x6FCD22	403		
0x6FCEB5	2		
0x6FCEB7	67		
0x6FCEFA	2		
0x6FCEFC	148		
0x6FCF90	80		
0x6FCFE0	64		
0x6FD020	2		
0x6FD022	1346		
0x6FD564	2		
0x6FD566	1346		
0x6FDAA8	2		
0x6FDAAA	460		
0x6FDC76	2		
0x6FDC78	71		
0x6FDCBF	2		
0x6FDCC1	447		
0x6FDE80	44		
0x6FDEAC	2		
0x6FDEAE	136		
0x6FDF36	2		
0x6FDF38	116		
0x6FDFAC	3		
0x6FDFAF	2		
0x6FDFB1	730		
0x6FE28B	2		
0x6FE28D	33		
0x6FE2AE	2		
0x6FE2B0	480		
0x6FE490	2		
0x6FE492	43		
0x6FE4BD	2		
0x6FE4BF	50		
0x6FE4F1	2		
0x6FE4F3	158		
0x6FE591	2		
0x6FE593	83		
0x6FE5E6	201		
0x6FE6AF	2		
0x6FE6B1	18		
0x6FE6C3	2		
0x6FE6C5	42		
0x6FE6EF	2		
0x6FE6F1	94		
0x6FE74F	2		
0x6FE751	183		
0x6FE808	2		
0x6FE80A	14		
0x6FE818	2		
0x6FE81A	15		
0x6FE829	2		
0x6FE82B	39		
0x6FE852	2		
0x6FE854	86		
0x6FE8AA	114		
0x6FE91C	2		
0x6FE91E	239		
0x6FEA0D	104		
0x6FEA75	10		
0x6FEA7F	2		
0x6FEA81	277		
0x6FEB96	2		
0x6FEB98	24		
0x6FEBB0	150		
0x6FEC46	9		
0x6FEC4F	2		
0x6FEC51	1821		
0x6FF36E	158		
0x6FF40C	46		
0x6FF43A	2		
0x6FF43C	30		
0x6FF45A	2		
0x6FF45C	553		
0x6FF685	2		
0x6FF687	24		
0x6FF69F	2		
0x6FF6A1	360		
0x6FF809	2		
0x6FF80B	25		
0x6FF824	101		
0x6FF889	167		
0x6FF930	9		
0x6FF939	31		
0x6FF958	3		
0x6FF95B	2		
0x6FF95D	127		
0x6FF9DC	2		
0x6FF9DE	132		
0x6FFA62	2		
0x6FFA64	117		
0x6FFAD9	151		
0x6FFB70	9		
0x6FFB79	2		
0x6FFB7B	37		
0x6FFBA0	211		
0x6FFC73	190		
0x6FFD31	9		
0x6FFD3A	215		
0x6FFE11	10		
0x6FFE1B	2		
0x6FFE1D	427		
0x6FFFC8	440		
0x700180	2		
0x700182	576		
0x7003C2	2		
0x7003C4	184		
0x70047C	2		
0x70047E	39		
0x7004A5	2		
0x7004A7	81		
0x7004F8	2		
0x7004FA	22		
0x700510	2		
0x700512	389		
0x700697	2		
0x700699	199		
0x700760	43		
0x70078B	2		
0x70078D	16		
0x70079D	2		
0x70079F	166		
0x700845	2		
0x700847	166		
0x7008ED	2		
0x7008EF	189		
0x7009AC	2		
0x7009AE	182		
0x700A64	2		
0x700A66	154		
0x700B00	224		
0x700BE0	31		
0x700BFF	2		
0x700C01	106		
0x700C6B	2		
0x700C6D	55		
0x700CA4	2		
0x700CA6	211		
0x700D79	2		
0x700D7B	80		
0x700DCB	2		
0x700DCD	240		
0x700EBD	2		
0x700EBF	92		
0x700F1B	2		
0x700F1D	60		
0x700F59	2		
0x700F5B	436		
0x70110F	2		
0x701111	186		
0x7011CB	2		
0x7011CD	55		
0x701204	2		
0x701206	311		
0x70133D	2		
0x70133F	370		
0x7014B1	76		CONOUT$
0x7014FD	2		
0x7014FF	1560		1#SNAN | 1#IND | 1#INF
0x701B17	781		
0x701E24	142		
0x701EB2	160		
0x701F52	2		
0x701F54	796		
0x702270	97		
0x7022D1	2		
0x7022D3	27		
0x7022EE	2		
0x7022F0	110		
0x70235E	16		
0x70236E	16		
0x70237E	16		
0x70238E	16		
0x70239E	16		
0x7023AE	16		
0x7023BE	32		
0x7023DE	16		
0x7023EE	16		
0x7023FE	16		
0x70240E	16		
0x70241E	16		
0x70242E	33		
0x70244F	16		
0x70245F	16		
0x70246F	16		
0x70247F	16		
0x70248F	16		
0x70249F	16		
0x7024AF	16		
0x7024BF	16		
0x7024CF	33		
0x7024F0	16		
0x702500	16		
0x702510	16		
0x702520	16		
0x702530	16		
0x702540	16		
0x702550	16		
0x702560	16		
0x702570	16		
0x702580	33		
0x7025A1	16		
0x7025B1	16		
0x7025C1	16		
0x7025D1	16		
0x7025E1	16		
0x7025F1	16		
0x702601	16		
0x702611	16		
0x702621	16		
0x702631	33		
0x702652	16		
0x702662	16		
0x702672	16		
0x702682	16		
0x702692	16		
0x7026A2	16		
0x7026B2	16		
0x7026C2	16		
0x7026D2	16		
0x7026E2	16		
0x7026F2	16		
0x702702	16		
0x702712	16		
0x702722	16		
0x702732	16		
0x702742	16		
0x702752	16		
0x702762	16		
0x702772	16		
0x702782	16		
0x702792	16		
0x7027A2	16		
0x7027B2	16		
0x7027C2	16		
0x7027D2	16		
0x7027E2	16		
0x7027F2	16		
0x702802	16		
0x702812	16		
0x702822	16		
0x702832	16		
0x702842	6		
0x702848	6		
0x70284E	2		
0x702850	66		
0x702892	2		
0x702894	40		
0x7028BC	2		
0x7028BE	385		
0x702A3F	2		
0x702A41	50		
0x702A73	2		
0x702A75	107		
0x702AE0	9		
0x702AE9	45		
0x702B16	186		
0x702BD0	88		
0x702C28	184		
0x702CE0	368		
0x702E50	88		
0x702EA8	194		
0x702F6A	118		
0x702FE0	93		
0x70303D	453		
0x703202	46		
0x703230	30		
0x70324E	1378		
0x7037B0	103		
0x703817	338		
0x703969	23		
0x703980	23		
0x703997	73		
0x7039E0	21		
0x7039F5	23		
0x703A0C	25		
0x703A25	67		
0x703A68	262		
0x703B6E	226		
0x703C50	30		
0x703C6E	1346		
0x7041B0	62		
0x7041EE	61		
0x70422B	72		
0x704273	7		
0x70427A	327		
0x7043C1	51		
0x7043F4	60		
0x704430	1462		
0x7049E6	19		
0x7049F9	552		
0x704C21	21		
0x704C36	518		
0x704E3C	178		
0x704EEE	518		
0x7050F4	204		
0x7051C0	25		
0x7051D9	3237		
0x705E7E	67		
0x705EC1	102		
0x705F27	2		
0x705F29	100		
0x705F8D	2		
0x705F8F	318		
0x7060CD	319		
0x70620C	2		
0x70620E	18576		
0x70AA9E	12653		
0x70DC0B	47		
0x70DC3A	5091		
0x70F01D	21140		
0x7142B1	13567		
0x7177B0	34169		
0x71FD29	56359		
0x72D950	128		
0x72D9D0	416		
0x72DB70	5641		
0x72F179	20821		
0x7342CE	22866		
0x739C20	11460		
0x73C8E4	9259		
0x73ED0F	1801		
0x73F418	19675		
0x7440F3	13353		
0x74751C	11353		
0x74A175	3920		
0x74B0C5	19244		
