node_id	path
0x5246E702	/data/geometry/attachments/bonnet.geo
0x8A2CB43C	/data/geometry/attachments/bountycan.geo
0xCF7B570E	/data/geometry/attachments/hammer.geo
0xAD538E9E	/data/geometry/attachments/misc_props/steef_laptop.geo
0xFD1BDFDF	/data/geometry/attachments/misc_props/steef_surgerybid.geo
0x806BC465	/data/geometry/attachments/opple.geo
0xF4021188	/data/geometry/attachments/outlaw_hats/blank_attach.geo
0x602EBCE6	/data/geometry/attachments/outlaw_hats/cutter_skullhat.geo
0xFB5DAC0C	/data/geometry/attachments/outlaw_hats/cutter_stripedhat.geo
0x6E54D28D	/data/geometry/attachments/outlaw_hats/mortar_hat.geo
0x001CC9B3	/data/geometry/attachments/outlaw_hats/nailer_skullhat.geo
0xB0FC7435	/data/geometry/attachments/outlaw_hats/shooter_skullhat.geo
0xF4B980E1	/data/geometry/attachments/outlaw_hats/shooter_sniperhat.geo
0x827B5171	/data/geometry/attachments/outlaw_hats/shooter_spikehelmet02.geo
0xB232FA21	/data/geometry/attachments/outlaw_hats/shooter_stripedhat.geo
0x5D2E5B0D	/data/geometry/attachments/outlaw_weapons/outlaw_blade_left.geo
0x0D8DA82D	/data/geometry/attachments/outlaw_weapons/outlaw_blade_right.geo
0x6CFCA5FB	/data/geometry/attachments/outlaw_weapons/outlaw_flamethrower.geo
0x2758589C	/data/geometry/attachments/outlaw_weapons/outlaw_fryingpan.geo
0x9C403F08	/data/geometry/attachments/outlaw_weapons/outlaw_knifequiver.geo
0xFE758E8C	/data/geometry/attachments/outlaw_weapons/outlaw_mortar.geo
0x9073FA32	/data/geometry/attachments/outlaw_weapons/outlaw_rifle.geo
0x2280CF68	/data/geometry/attachments/outlaw_weapons/outlaw_semiauto.geo
0x6D0FE094	/data/geometry/attachments/outlaw_weapons/outlaw_slicer_left.geo
0x5BCEF7D9	/data/geometry/attachments/outlaw_weapons/outlaw_slicer_right.geo
0x9158DC7D	/data/geometry/attachments/outlaw_weapons/outlaw_sniperrifle.geo
0xD865AEFD	/data/geometry/attachments/outlaw_weapons/outlaw_spikeleft.geo
0x69144C28	/data/geometry/attachments/outlaw_weapons/outlaw_spikeright.geo
0xEF7E604F	/data/geometry/attachments/player/firstperson_brassknuckles.geo
0x9A2424FD	/data/geometry/attachments/player/firstperson_fullarmorknuckles.geo
0xAEAED4D9	/data/geometry/attachments/player/firstperson_lightarmorknuckles.geo
0x0B34B21E	/data/geometry/attachments/player/firstperson_steelknuckles.geo
0xDA4A323F	/data/geometry/attachments/twnsflk_constructionhelmet.geo
0x03F4F52B	/data/geometry/attachments/twnsflk_curledcowboyhat.geo
0x09C4B20A	/data/geometry/attachments/twnsflk_hats/twnsflk_bonnet.geo
0x9DCAAA99	/data/geometry/attachments/twnsflk_hats/twnsflk_widecowboyhat.geo
0x8A786599	/data/geometry/attachments/twnsflk_props/twnsflk_crossbow.geo
0xA6DB79F3	/data/geometry/attachments/twnsflk_props/twnsflk_seedbag.geo
0x035FC0AF	/data/geometry/attachments/twnsflk_truckerhat_blue.geo
0xC5F2B2BE	/data/geometry/attachments/twnsflk_truckerhat_green.geo
0x29FC5C61	/data/geometry/attachments/twnsflk_truckerhat_red.geo
0xD8237EBE	/data/geometry/attachments/twnsflk_widecowboyhat.geo
0xA5AA4D90	/data/geometry/characters/badmortar/badmortar.geo
0x047ED391	/data/geometry/characters/bomber/anims/bmbr_airback.gr2
0x5AC322EA	/data/geometry/characters/bomber/anims/bmbr_airfront.gr2
0xE84E9910	/data/geometry/characters/bomber/anims/bmbr_airleft.gr2
0xEA26F15B	/data/geometry/characters/bomber/anims/bmbr_airright.gr2
0xD0517093	/data/geometry/characters/bomber/anims/bmbr_angry.gr2
0xFD6293D5	/data/geometry/characters/bomber/anims/bmbr_bolabreakout2.gr2
0x3FB6227A	/data/geometry/characters/bomber/anims/bmbr_bolahit3.gr2
0x15753ED9	/data/geometry/characters/bomber/anims/bmbr_bolastruggle4.gr2
0xFAEDF674	/data/geometry/characters/bomber/anims/bmbr_bounty.gr2
0x66F054B4	/data/geometry/characters/bomber/anims/bmbr_bountyidle.gr2
0xE08BBAF2	/data/geometry/characters/bomber/anims/bmbr_damage.gr2
0x7197CE56	/data/geometry/characters/bomber/anims/bmbr_die.gr2
0xA3DDEE59	/data/geometry/characters/bomber/anims/bmbr_dodgeleft.gr2
0x95E0D7BA	/data/geometry/characters/bomber/anims/bmbr_dodgeright.gr2
0xE3820C83	/data/geometry/characters/bomber/anims/bmbr_drown.gr2
0x8203FAF1	/data/geometry/characters/bomber/anims/bmbr_fallfar.gr2
0x313B1311	/data/geometry/characters/bomber/anims/bmbr_fallnear.gr2
0xB1477DC2	/data/geometry/characters/bomber/anims/bmbr_fireub.gr2
0x56642C59	/data/geometry/characters/bomber/anims/bmbr_flustered.gr2
0x6DCA09D9	/data/geometry/characters/bomber/anims/bmbr_getupfront.gr2
0xEF133831	/data/geometry/characters/bomber/anims/bmbr_groundback.gr2
0xA059C31E	/data/geometry/characters/bomber/anims/bmbr_groundfront.gr2
0x032372B0	/data/geometry/characters/bomber/anims/bmbr_groundleft.gr2
0x10BC10AF	/data/geometry/characters/bomber/anims/bmbr_groundright.gr2
0x395570B6	/data/geometry/characters/bomber/anims/bmbr_idle1_a.gr2
0xBFC10218	/data/geometry/characters/bomber/anims/bmbr_idle1_b.gr2
0x749DD1BD	/data/geometry/characters/bomber/anims/bmbr_idle1_c.gr2
0xC81C120E	/data/geometry/characters/bomber/anims/bmbr_investigate.gr2
0xC33F7236	/data/geometry/characters/bomber/anims/bmbr_melee.gr2
0xDCF8D485	/data/geometry/characters/bomber/anims/bmbr_meleeready.gr2
0x90FD1912	/data/geometry/characters/bomber/anims/bmbr_missing.gr2
0xF7E393BD	/data/geometry/characters/bomber/anims/bmbr_panicub.gr2
0x062C7950	/data/geometry/characters/bomber/anims/bmbr_point.gr2
0x554604CF	/data/geometry/characters/bomber/anims/bmbr_prone.gr2
0x97F1D9FB	/data/geometry/characters/bomber/anims/bmbr_pronehurt.gr2
0xE9D06C97	/data/geometry/characters/bomber/anims/bmbr_puke.gr2
0x463EEF99	/data/geometry/characters/bomber/anims/bmbr_readyub.gr2
0x2EE02A28	/data/geometry/characters/bomber/anims/bmbr_reloadub.gr2
0x01FAF083	/data/geometry/characters/bomber/anims/bmbr_run.gr2
0x0AB69176	/data/geometry/characters/bomber/anims/bmbr_runleft.gr2
0x4E15CD3E	/data/geometry/characters/bomber/anims/bmbr_runright.gr2
0x0DF30C8F	/data/geometry/characters/bomber/anims/bmbr_sendtodistracteda.gr2
0x8B677E21	/data/geometry/characters/bomber/anims/bmbr_sendtodistractedb.gr2
0x403BAD84	/data/geometry/characters/bomber/anims/bmbr_sendtodistractedc.gr2
0xB86C70E6	/data/geometry/characters/bomber/anims/bmbr_slide.gr2
0x13BD07D1	/data/geometry/characters/bomber/anims/bmbr_stand.gr2
0x69771D6A	/data/geometry/characters/bomber/anims/bmbr_standjump.gr2
0x2D5209D8	/data/geometry/characters/bomber/anims/bmbr_standturnleft.gr2
0x6CD0EAF6	/data/geometry/characters/bomber/anims/bmbr_standturnright.gr2
0x9CCB5976	/data/geometry/characters/bomber/anims/bmbr_strafeleft.gr2
0xAE7CC2FF	/data/geometry/characters/bomber/anims/bmbr_strafeleftrun.gr2
0x62249F01	/data/geometry/characters/bomber/anims/bmbr_straferight.gr2
0x7362052A	/data/geometry/characters/bomber/anims/bmbr_straferightrun.gr2
0xA836B32C	/data/geometry/characters/bomber/anims/bmbr_surge.gr2
0xA502E2A0	/data/geometry/characters/bomber/anims/bmbr_swimdead.gr2
0xF196CACF	/data/geometry/characters/bomber/anims/bmbr_swimfor.gr2
0x326CB70C	/data/geometry/characters/bomber/anims/bmbr_swimidle.gr2
0xD8AB7CAD	/data/geometry/characters/bomber/anims/bmbr_swimleft.gr2
0xAF59F7D6	/data/geometry/characters/bomber/anims/bmbr_swimright.gr2
0x85E4BD92	/data/geometry/characters/bomber/anims/bmbr_talk1.gr2
0x0370CF3C	/data/geometry/characters/bomber/anims/bmbr_talk2.gr2
0x2CA77196	/data/geometry/characters/bomber/anims/bmbr_visemes.gr2
0x8AED6171	/data/geometry/characters/bomber/anims/bmbr_walk.gr2
0x877E8222	/data/geometry/characters/bomber/anims/bmbr_walkleft.gr2
0xD201BC99	/data/geometry/characters/bomber/anims/bmbr_walkright.gr2
0x96396829	/data/geometry/characters/bomber/bomber.geo
0x4352DDFD	/data/geometry/characters/cutter/anims/cutr_angry.gr2
0x58295DF7	/data/geometry/characters/cutter/anims/cutr_backprone.gr2
0x9F4A3E47	/data/geometry/characters/cutter/anims/cutr_backpronehurt.gr2
0xA7D93BC0	/data/geometry/characters/cutter/anims/cutr_bountyidle.gr2
0xBE2621B4	/data/geometry/characters/cutter/anims/cutr_cheer.gr2
0x7AA4E241	/data/geometry/characters/cutter/anims/cutr_getupback.gr2
0x2E3A5745	/data/geometry/characters/cutter/anims/cutr_groundback.gr2
0xE0B7CEFD	/data/geometry/characters/cutter/anims/cutr_idle1a.gr2
0x6623BC53	/data/geometry/characters/cutter/anims/cutr_idle1b.gr2
0x495208FC	/data/geometry/characters/cutter/anims/cutr_jumpback.gr2
0xE1618EB3	/data/geometry/characters/cutter/anims/cutr_melee3.gr2
0xFC64BE0B	/data/geometry/characters/cutter/anims/cutr_melee4.gr2
0x1DD1BBF1	/data/geometry/characters/cutter/anims/cutr_meleeready.gr2
0xF5402FB7	/data/geometry/characters/cutter/anims/cutr_rangedattack.gr2
0xEDD74F8B	/data/geometry/characters/cutter/anims/cutr_rangedready.gr2
0x53A75A0D	/data/geometry/characters/cutter/anims/cutr_run.gr2
0x59AF9B09	/data/geometry/characters/cutter/anims/cutr_runleft.gr2
0x8EFCB899	/data/geometry/characters/cutter/anims/cutr_runright.gr2
0xAF89A8C6	/data/geometry/characters/cutter/anims/cutr_runstrafeleft.gr2
0x965D0C34	/data/geometry/characters/cutter/anims/cutr_runstraferight.gr2
0xEE56812E	/data/geometry/characters/cutter/anims/cutr_sendtodistracteda.gr2
0x68C2F380	/data/geometry/characters/cutter/anims/cutr_sendtodistractedb.gr2
0x7FBE7BE9	/data/geometry/characters/cutter/anims/cutr_visemes.gr2
0x80BF92FC	/data/geometry/characters/cutter/anims/cutr_walk.gr2
0x4797F785	/data/geometry/characters/cutter/anims/cutr_walkleft.gr2
0x9A7363A7	/data/geometry/characters/cutter/anims/cutr_walkright.gr2
0xD65F994E	/data/geometry/characters/cutter/anims/cutr_walkstrafeleft.gr2
0x296DB242	/data/geometry/characters/cutter/anims/cutr_walkstraferight.gr2
0x4A67E176	/data/geometry/characters/cutter/cutter.geo
0xFCF8A00F	/data/geometry/characters/farmerfoster/farmerfoster.geo
0xB92599A0	/data/geometry/characters/filthyhandsfloyd/filthyhandsfloyd.geo
0xBDFBD734	/data/geometry/characters/filthyhandsfloydjail/filthyhandsfloydjail.geo
0xBFEB5901	/data/geometry/characters/hunter/hunter.geo
0x424DBEDE	/data/geometry/characters/jomomma/jomomma.geo
0xE08408D3	/data/geometry/characters/lootenduke/anims/ld_airleft.gr2
0x98CEE462	/data/geometry/characters/lootenduke/anims/ld_airright.gr2
0x5E42A185	/data/geometry/characters/lootenduke/anims/ld_bolabreakfree.gr2
0xDACA2354	/data/geometry/characters/lootenduke/anims/ld_bolahit.gr2
0x70690DF9	/data/geometry/characters/lootenduke/anims/ld_bolastruggle.gr2
0x3BD54D18	/data/geometry/characters/lootenduke/anims/ld_deadinwater.gr2
0xB532888F	/data/geometry/characters/lootenduke/anims/ld_die.gr2
0xC6444F4B	/data/geometry/characters/lootenduke/anims/ld_drown.gr2
0x8AC96B32	/data/geometry/characters/lootenduke/anims/ld_fallfar.gr2
0x9802D0B4	/data/geometry/characters/lootenduke/anims/ld_fallfarsplat.gr2
0x43D30628	/data/geometry/characters/lootenduke/anims/ld_fallnear.gr2
0x51EDFC93	/data/geometry/characters/lootenduke/anims/ld_groundfront.gr2
0x839B8D41	/data/geometry/characters/lootenduke/anims/ld_hurt.gr2
0x39A82D83	/data/geometry/characters/lootenduke/anims/ld_investigate.gr2
0x4B3826D3	/data/geometry/characters/lootenduke/anims/ld_meleefireub.gr2
0x983788D1	/data/geometry/characters/lootenduke/anims/ld_missing.gr2
0xFF29027E	/data/geometry/characters/lootenduke/anims/ld_panicub.gr2
0x23EA3A98	/data/geometry/characters/lootenduke/anims/ld_point.gr2
0xC98D5DC0	/data/geometry/characters/lootenduke/anims/ld_pronefront.gr2
0x5981A691	/data/geometry/characters/lootenduke/anims/ld_pronefronthurt.gr2
0xAE4F650B	/data/geometry/characters/lootenduke/anims/ld_puke.gr2
0x6788333A	/data/geometry/characters/lootenduke/anims/ld_rangedfireub.gr2
0x338C58C3	/data/geometry/characters/lootenduke/anims/ld_rangedreadyub.gr2
0x332C5373	/data/geometry/characters/lootenduke/anims/ld_rangedreloadub.gr2
0x6D5AF80C	/data/geometry/characters/lootenduke/anims/ld_runstrafel.gr2
0x54869BE7	/data/geometry/characters/lootenduke/anims/ld_runstrafer.gr2
0x367B4419	/data/geometry/characters/lootenduke/anims/ld_stand.gr2
0xFF9A2EC9	/data/geometry/characters/lootenduke/anims/ld_standturnleft.gr2
0x83393C9A	/data/geometry/characters/lootenduke/anims/ld_standturnright.gr2
0xF9BFB1D4	/data/geometry/characters/lootenduke/anims/ld_victory.gr2
0xCD7268ED	/data/geometry/characters/lootenduke/anims/ld_walk.gr2
0xF596971B	/data/geometry/characters/lootenduke/anims/ld_walkleft.gr2
0x514EDF2A	/data/geometry/characters/lootenduke/anims/ld_walkright.gr2
0xAE783C68	/data/geometry/characters/lootenduke/lootenduke.geo
0x458B4131	/data/geometry/characters/lootendukejail/lootendukejail.geo
0xA8BD3AB7	/data/geometry/characters/mcgrawtiny/anims/mcgt_airback.gr2
0x23BAEFEB	/data/geometry/characters/mcgrawtiny/anims/mcgt_airfront.gr2
0x448D7036	/data/geometry/characters/mcgrawtiny/anims/mcgt_airleft.gr2
0x935F3C5A	/data/geometry/characters/mcgrawtiny/anims/mcgt_airright.gr2
0xA38CA0F4	/data/geometry/characters/mcgrawtiny/anims/mcgt_angry.gr2
0x5B92EC9E	/data/geometry/characters/mcgrawtiny/anims/mcgt_dodgeback.gr2
0x52B85F70	/data/geometry/characters/mcgrawtiny/anims/mcgt_dodgel.gr2
0x6B643C9B	/data/geometry/characters/mcgrawtiny/anims/mcgt_dodger.gr2
0x2EC013D7	/data/geometry/characters/mcgrawtiny/anims/mcgt_fallfar.gr2
0x4842DE10	/data/geometry/characters/mcgrawtiny/anims/mcgt_fallnear.gr2
0xE72802B5	/data/geometry/characters/mcgrawtiny/anims/mcgt_fire.gr2
0x26A97539	/data/geometry/characters/mcgrawtiny/anims/mcgt_getupback.gr2
0x91609329	/data/geometry/characters/mcgrawtiny/anims/mcgt_getupfront.gr2
0x21854098	/data/geometry/characters/mcgrawtiny/anims/mcgt_getupright.gr2
0x13B9A2C1	/data/geometry/characters/mcgrawtiny/anims/mcgt_groundback.gr2
0x7E199A85	/data/geometry/characters/mcgrawtiny/anims/mcgt_groundfront.gr2
0xFF89E840	/data/geometry/characters/mcgrawtiny/anims/mcgt_groundleft.gr2
0xCEFC4934	/data/geometry/characters/mcgrawtiny/anims/mcgt_groundright.gr2
0xCC742C7D	/data/geometry/characters/mcgrawtiny/anims/mcgt_hurt.gr2
0x3EC159BF	/data/geometry/characters/mcgrawtiny/anims/mcgt_idle1.gr2
0x165C4B95	/data/geometry/characters/mcgrawtiny/anims/mcgt_investigate.gr2
0x70964A46	/data/geometry/characters/mcgrawtiny/anims/mcgt_melee1.gr2
0x20524E75	/data/geometry/characters/mcgrawtiny/anims/mcgt_meleeready.gr2
0x3C3EF034	/data/geometry/characters/mcgrawtiny/anims/mcgt_missing.gr2
0xDD7803C6	/data/geometry/characters/mcgrawtiny/anims/mcgt_proneback.gr2
0x23BE2254	/data/geometry/characters/mcgrawtiny/anims/mcgt_pronebackhurt.gr2
0xBC99ADD2	/data/geometry/characters/mcgrawtiny/anims/mcgt_pronefront.gr2
0x8C5A2AFF	/data/geometry/characters/mcgrawtiny/anims/mcgt_pronefronthurt.gr2
0x0C7C7E63	/data/geometry/characters/mcgrawtiny/anims/mcgt_proneright.gr2
0x4E333C4C	/data/geometry/characters/mcgrawtiny/anims/mcgt_pronerighthurt.gr2
0xE1A0C437	/data/geometry/characters/mcgrawtiny/anims/mcgt_puke.gr2
0xB6C431A6	/data/geometry/characters/mcgrawtiny/anims/mcgt_readyfire.gr2
0x73F8DEE2	/data/geometry/characters/mcgrawtiny/anims/mcgt_reload.gr2
0x1B02B9DB	/data/geometry/characters/mcgrawtiny/anims/mcgt_run.gr2
0xA6757850	/data/geometry/characters/mcgrawtiny/anims/mcgt_runleft.gr2
0x376C003F	/data/geometry/characters/mcgrawtiny/anims/mcgt_runright.gr2
0x8A2A44BA	/data/geometry/characters/mcgrawtiny/anims/mcgt_spinattack.gr2
0x5317E119	/data/geometry/characters/mcgrawtiny/anims/mcgt_splat.gr2
0x2FF9D980	/data/geometry/characters/mcgrawtiny/anims/mcgt_squirrel.gr2
0x214FC77D	/data/geometry/characters/mcgrawtiny/anims/mcgt_standturnl.gr2
0x1893A496	/data/geometry/characters/mcgrawtiny/anims/mcgt_standturnr.gr2
0x6061C386	/data/geometry/characters/mcgrawtiny/anims/mcgt_strafeleft.gr2
0xBC64C69A	/data/geometry/characters/mcgrawtiny/anims/mcgt_straferight.gr2
0x806498B0	/data/geometry/characters/mcgrawtiny/anims/mcgt_visemes.gr2
0x829DC9D1	/data/geometry/characters/mcgrawtiny/anims/mcgt_walk.gr2
0xFE074F23	/data/geometry/characters/mcgrawtiny/anims/mcgt_walkleft.gr2
0xC67EF4DF	/data/geometry/characters/mcgrawtiny/anims/mcgt_walkright.gr2
0x952D784A	/data/geometry/characters/mcgrawtiny/mcgrawtiny.geo
0x393ABDF6	/data/geometry/characters/meaglymcgraw/meaglymcgraw.geo
0xAFB6FF89	/data/geometry/characters/miniona/anims/ma_airback.gr2
0xC0A05E40	/data/geometry/characters/miniona/anims/ma_airfront.gr2
0x4386B508	/data/geometry/characters/miniona/anims/ma_airleft.gr2
0x70458DF1	/data/geometry/characters/miniona/anims/ma_airright.gr2
0xDA211F93	/data/geometry/characters/miniona/anims/ma_angry.gr2
0xA1729E6C	/data/geometry/characters/miniona/anims/ma_bolabreakout2.gr2
0x6E898D75	/data/geometry/characters/miniona/anims/ma_bolahit2.gr2
0x9F3CD07D	/data/geometry/characters/miniona/anims/ma_bolastruggle2.gr2
0x7AF5E6E0	/data/geometry/characters/miniona/anims/ma_bounty.gr2
0xF9FEB124	/data/geometry/characters/miniona/anims/ma_bountyidle.gr2
0x7B59A75F	/data/geometry/characters/miniona/anims/ma_cinemaidle.gr2
0x66DB8C61	/data/geometry/characters/miniona/anims/ma_deadinwater.gr2
0xAD43FEC5	/data/geometry/characters/miniona/anims/ma_die.gr2
0x65DBEB8A	/data/geometry/characters/miniona/anims/ma_dodgeleft.gr2
0x0AEE322A	/data/geometry/characters/miniona/anims/ma_dodgeright.gr2
0xE9F26383	/data/geometry/characters/miniona/anims/ma_drown.gr2
0x29CBD6E9	/data/geometry/characters/miniona/anims/ma_fallfar.gr2
0xE1D2B742	/data/geometry/characters/miniona/anims/ma_fallsplat.gr2
0x9062298A	/data/geometry/characters/miniona/anims/ma_flustered.gr2
0xF4D038AC	/data/geometry/characters/miniona/anims/ma_getupback.gr2
0xF2C4EC49	/data/geometry/characters/miniona/anims/ma_getupfront.gr2
0xE52C86F0	/data/geometry/characters/miniona/anims/ma_getupfront2.gr2
0x42213FF8	/data/geometry/characters/miniona/anims/ma_getupright.gr2
0x701DDDA1	/data/geometry/characters/miniona/anims/ma_groundback.gr2
0x0CE33DEA	/data/geometry/characters/miniona/anims/ma_groundfront.gr2
0x9C2D9720	/data/geometry/characters/miniona/anims/ma_groundleft.gr2
0xBC06EE5B	/data/geometry/characters/miniona/anims/ma_groundright.gr2
0x32663AB4	/data/geometry/characters/miniona/anims/ma_hit.gr2
0xBCC8CBE8	/data/geometry/characters/miniona/anims/ma_hit2.gr2
0x929D5CAE	/data/geometry/characters/miniona/anims/ma_idle1_a.gr2
0x14092E00	/data/geometry/characters/miniona/anims/ma_idle1_b.gr2
0xDF55FDA5	/data/geometry/characters/miniona/anims/ma_idle1_c.gr2
0x64A6ECFA	/data/geometry/characters/miniona/anims/ma_investigate.gr2
0x13D801F1	/data/geometry/characters/miniona/anims/ma_jumpback.gr2
0xBAFF0770	/data/geometry/characters/miniona/anims/ma_lookaround.gr2
0xEEA5981B	/data/geometry/characters/miniona/anims/ma_meleeattack2.gr2
0x3B35350A	/data/geometry/characters/miniona/anims/ma_missing.gr2
0x5C2BBFA5	/data/geometry/characters/miniona/anims/ma_panicub.gr2
0x0C5C1650	/data/geometry/characters/miniona/anims/ma_point.gr2
0x5F366BCF	/data/geometry/characters/miniona/anims/ma_prone.gr2
0x0F014E53	/data/geometry/characters/miniona/anims/ma_proneback.gr2
0xA116DEE7	/data/geometry/characters/miniona/anims/ma_pronebackhurt.gr2
0xDF3DD2B2	/data/geometry/characters/miniona/anims/ma_pronefront.gr2
0x849B0B23	/data/geometry/characters/miniona/anims/ma_pronefronthurt.gr2
0x51F7DC28	/data/geometry/characters/miniona/anims/ma_pronehurt.gr2
0x6FD80103	/data/geometry/characters/miniona/anims/ma_proneright.gr2
0x46F21D90	/data/geometry/characters/miniona/anims/ma_pronerighthurt.gr2
0xAB3D617F	/data/geometry/characters/miniona/anims/ma_puke2.gr2
0x8546E47A	/data/geometry/characters/miniona/anims/ma_reload.gr2
0xFF8866C9	/data/geometry/characters/miniona/anims/ma_reload2.gr2
0xDD2EC010	/data/geometry/characters/miniona/anims/ma_run.gr2
0x4D4EF7EF	/data/geometry/characters/miniona/anims/ma_runback.gr2
0xA17EBD6E	/data/geometry/characters/miniona/anims/ma_runleft.gr2
0xD476B194	/data/geometry/characters/miniona/anims/ma_runright.gr2
0x00B68A36	/data/geometry/characters/miniona/anims/ma_runstrafeleft.gr2
0xAB5DA1F1	/data/geometry/characters/miniona/anims/ma_runstraferight.gr2
0x07298864	/data/geometry/characters/miniona/anims/ma_sendtodistracteda.gr2
0x4876D616	/data/geometry/characters/miniona/anims/ma_shocked.gr2
0xB21C1FE6	/data/geometry/characters/miniona/anims/ma_slide.gr2
0xE98E3BDA	/data/geometry/characters/miniona/anims/ma_spinattack.gr2
0x19CD68D1	/data/geometry/characters/miniona/anims/ma_stand.gr2
0xB3B488B1	/data/geometry/characters/miniona/anims/ma_standa.gr2
0x71420461	/data/geometry/characters/miniona/anims/ma_standturnleft.gr2
0x5E239128	/data/geometry/characters/miniona/anims/ma_standturnright.gr2
0x03C5BCE6	/data/geometry/characters/miniona/anims/ma_strafeleft.gr2
0xCE9E61F5	/data/geometry/characters/miniona/anims/ma_straferight.gr2
0xA80FCBA6	/data/geometry/characters/miniona/anims/ma_swimidle.gr2
0x8F94D292	/data/geometry/characters/miniona/anims/ma_talk1.gr2
0x0900A03C	/data/geometry/characters/miniona/anims/ma_talk2.gr2
0xE66149DC	/data/geometry/characters/miniona/anims/ma_taunt.gr2
0x876F5D8E	/data/geometry/characters/miniona/anims/ma_visemes.gr2
0xF9D5B6E5	/data/geometry/characters/miniona/anims/ma_w_fireub.gr2
0x4ACA34CB	/data/geometry/characters/miniona/anims/ma_w_fireub2.gr2
0x6AD8E4E9	/data/geometry/characters/miniona/anims/ma_w_readyub.gr2
0x02EFE1D0	/data/geometry/characters/miniona/anims/ma_w_sniperfireub.gr2
0x6448D35D	/data/geometry/characters/miniona/anims/ma_walk.gr2
0x1D1DFE88	/data/geometry/characters/miniona/anims/ma_walkleft.gr2
0x1407B94A	/data/geometry/characters/miniona/anims/ma_walkright.gr2
0x4D6A4DFC	/data/geometry/characters/miniona/anims/mina_cinemaidle.gr2
0xA94AE1B8	/data/geometry/characters/miniona/mina_base.geo
0xA532E36F	/data/geometry/characters/minionb/anims/mb_airback.gr2
0x89C39D11	/data/geometry/characters/minionb/anims/mb_airfront.gr2
0x4902A9EE	/data/geometry/characters/minionb/anims/mb_airleft.gr2
0x39264EA0	/data/geometry/characters/minionb/anims/mb_airright.gr2
0xD6A14F80	/data/geometry/characters/minionb/anims/mb_angry.gr2
0xABD3B8CA	/data/geometry/characters/minionb/anims/mb_bolabreakout2.gr2
0xECB69D81	/data/geometry/characters/minionb/anims/mb_bolahit3.gr2
0x43C415C6	/data/geometry/characters/minionb/anims/mb_bolastruggle4.gr2
0xFE47276E	/data/geometry/characters/minionb/anims/mb_bounty.gr2
0x58330758	/data/geometry/characters/minionb/anims/mb_bountyidle.gr2
0xE4216BE8	/data/geometry/characters/minionb/anims/mb_damage.gr2
0xE522C36F	/data/geometry/characters/minionb/anims/mb_die.gr2
0x79FEE92B	/data/geometry/characters/minionb/anims/mb_dodgeleft.gr2
0xAB238456	/data/geometry/characters/minionb/anims/mb_dodgeright.gr2
0xE5723390	/data/geometry/characters/minionb/anims/mb_drown.gr2
0x234FCA0F	/data/geometry/characters/minionb/anims/mb_fallfar.gr2
0xE23BACEA	/data/geometry/characters/minionb/anims/mb_fallnear.gr2
0xFDF7B5E3	/data/geometry/characters/minionb/anims/mb_fallsplat.gr2
0xB5EDACD8	/data/geometry/characters/minionb/anims/mb_fireub.gr2
0x8C472B2B	/data/geometry/characters/minionb/anims/mb_flustered.gr2
0xE8F53A0D	/data/geometry/characters/minionb/anims/mb_getupback.gr2
0x53095A35	/data/geometry/characters/minionb/anims/mb_getupfront.gr2
0xD1D06BDD	/data/geometry/characters/minionb/anims/mb_groundback.gr2
0x55F1CD4B	/data/geometry/characters/minionb/anims/mb_groundfront.gr2
0x3DE0215C	/data/geometry/characters/minionb/anims/mb_groundleft.gr2
0xE5141EFA	/data/geometry/characters/minionb/anims/mb_groundright.gr2
0x1E8D32E6	/data/geometry/characters/minionb/anims/mb_idle1_b.gr2
0xD5D1E143	/data/geometry/characters/minionb/anims/mb_idle1_c.gr2
0x3DB41C5B	/data/geometry/characters/minionb/anims/mb_investigate.gr2
0x5ABBC2A0	/data/geometry/characters/minionb/anims/mb_jumpback.gr2
0xC5CF4D25	/data/geometry/characters/minionb/anims/mb_melee.gr2
0xE23B8769	/data/geometry/characters/minionb/anims/mb_meleeready.gr2
0xA0B05C89	/data/geometry/characters/minionb/anims/mb_meleespin.gr2
0x31B129EC	/data/geometry/characters/minionb/anims/mb_missing.gr2
0x56AFA343	/data/geometry/characters/minionb/anims/mb_panicub.gr2
0x00DC4643	/data/geometry/characters/minionb/anims/mb_point.gr2
0x53B63BDC	/data/geometry/characters/minionb/anims/mb_prone.gr2
0x13244CF2	/data/geometry/characters/minionb/anims/mb_proneback.gr2
0xABB7F841	/data/geometry/characters/minionb/anims/mb_pronebackhurt.gr2
0x7EF064CE	/data/geometry/characters/minionb/anims/mb_pronefront.gr2
0xBB24ACD8	/data/geometry/characters/minionb/anims/mb_pronefronthurt.gr2
0xA7BD316C	/data/geometry/characters/minionb/anims/mb_puke2.gr2
0xE772DF67	/data/geometry/characters/minionb/anims/mb_readyub.gr2
0xFDE095D3	/data/geometry/characters/minionb/anims/mb_reloadub.gr2
0x954FFDBA	/data/geometry/characters/minionb/anims/mb_run.gr2
0xABFAA188	/data/geometry/characters/minionb/anims/mb_runleft.gr2
0x9D1572C5	/data/geometry/characters/minionb/anims/mb_runright.gr2
0x0A17AC90	/data/geometry/characters/minionb/anims/mb_runstrafeleft.gr2
0x94E2060A	/data/geometry/characters/minionb/anims/mb_runstraferight.gr2
0x04209059	/data/geometry/characters/minionb/anims/mb_sendtodistracteda.gr2
0xBE9C4FF5	/data/geometry/characters/minionb/anims/mb_slide.gr2
0x154D38C2	/data/geometry/characters/minionb/anims/mb_stand.gr2
0xB3541A18	/data/geometry/characters/minionb/anims/mb_standjump.gr2
0x7BE322C7	/data/geometry/characters/minionb/anims/mb_standturnleft.gr2
0x619C36D3	/data/geometry/characters/minionb/anims/mb_standturnright.gr2
0xA2080A9A	/data/geometry/characters/minionb/anims/mb_strafeleft.gr2
0x978C9154	/data/geometry/characters/minionb/anims/mb_straferight.gr2
0xAEC68C3F	/data/geometry/characters/minionb/anims/mb_surge.gr2
0x76025D5B	/data/geometry/characters/minionb/anims/mb_swimdead.gr2
0x50DAFA31	/data/geometry/characters/minionb/anims/mb_swimfor.gr2
0xE16C08F7	/data/geometry/characters/minionb/anims/mb_swimidle.gr2
0x0BABC356	/data/geometry/characters/minionb/anims/mb_swimleft.gr2
0x757AF0A4	/data/geometry/characters/minionb/anims/mb_swimright.gr2
0x83148281	/data/geometry/characters/minionb/anims/mb_talk1.gr2
0x0580F02F	/data/geometry/characters/minionb/anims/mb_talk2.gr2
0x8DEB4168	/data/geometry/characters/minionb/anims/mb_visemes.gr2
0x5203F896	/data/geometry/characters/minionb/anims/mb_walk.gr2
0x547E3DD9	/data/geometry/characters/minionb/anims/mb_walkleft.gr2
0x0822BBEB	/data/geometry/characters/minionb/anims/mb_walkright.gr2
0x1960334B	/data/geometry/characters/minionb/minb_base.geo
0xA34EE8CD	/data/geometry/characters/minionc/anims/mc_airback.gr2
0xB11D23DE	/data/geometry/characters/minionc/anims/mc_airfront.gr2
0x4F7EA24C	/data/geometry/characters/minionc/anims/mc_airleft.gr2
0x01F8F06F	/data/geometry/characters/minionc/anims/mc_airright.gr2
0xD2DE8071	/data/geometry/characters/minionc/anims/mc_angry.gr2
0x1F34F0EB	/data/geometry/characters/minionc/anims/mc_bolahit2.gr2
0x3128579C	/data/geometry/characters/minionc/anims/mc_bolobreakfree.gr2
0xB5D2DF69	/data/geometry/characters/minionc/anims/mc_bolostruggle3.gr2
0x34F99A2B	/data/geometry/characters/minionc/anims/mc_bounty.gr2
0x38886A8C	/data/geometry/characters/minionc/anims/mc_bountyidle.gr2
0xBE17D160	/data/geometry/characters/minionc/anims/mc_deadinwater.gr2
0xDD022809	/data/geometry/characters/minionc/anims/mc_die.gr2
0x721DE8B4	/data/geometry/characters/minionc/anims/mc_dodgeleft.gr2
0xCB98E982	/data/geometry/characters/minionc/anims/mc_dodgeright.gr2
0xE10DFC61	/data/geometry/characters/minionc/anims/mc_drown.gr2
0x2533C1AD	/data/geometry/characters/minionc/anims/mc_fallfar.gr2
0xF614B47C	/data/geometry/characters/minionc/anims/mc_fallsplat.gr2
0x7F53119D	/data/geometry/characters/minionc/anims/mc_fireub.gr2
0x87A42AB4	/data/geometry/characters/minionc/anims/mc_flustered.gr2
0xE3163B92	/data/geometry/characters/minionc/anims/mc_getupback.gr2
0x33B237E1	/data/geometry/characters/minionc/anims/mc_getupfront.gr2
0xB16B0609	/data/geometry/characters/minionc/anims/mc_groundback.gr2
0x3A76F05E	/data/geometry/characters/minionc/anims/mc_groundforward.gr2
0x5D5B4C88	/data/geometry/characters/minionc/anims/mc_groundleft.gr2
0x64CAB35A	/data/geometry/characters/minionc/anims/mc_groundright.gr2
0x4227EC78	/data/geometry/characters/minionc/anims/mc_hit.gr2
0x2E6A04A5	/data/geometry/characters/minionc/anims/mc_hit2.gr2
0x9E654BEA	/data/geometry/characters/minionc/anims/mc_idle1_a.gr2
0x18F13944	/data/geometry/characters/minionc/anims/mc_idle1_b.gr2
0xD3ADEAE1	/data/geometry/characters/minionc/anims/mc_idle1_c.gr2
0x62657C6F	/data/geometry/characters/minionc/anims/mc_jumpback.gr2
0xC8240C15	/data/geometry/characters/minionc/anims/mc_melee1.gr2
0x4EB07EBB	/data/geometry/characters/minionc/anims/mc_melee2.gr2
0x85ECAD1E	/data/geometry/characters/minionc/anims/mc_melee3.gr2
0x37CD224E	/data/geometry/characters/minionc/anims/mc_missing.gr2
0x50D3A8E1	/data/geometry/characters/minionc/anims/mc_panicub.gr2
0xF266CD65	/data/geometry/characters/minionc/anims/mc_pointub.gr2
0x57C9F42D	/data/geometry/characters/minionc/anims/mc_prone.gr2
0x18C74D6D	/data/geometry/characters/minionc/anims/mc_proneback.gr2
0xADD71A23	/data/geometry/characters/minionc/anims/mc_pronebackhurt.gr2
0x9580BF97	/data/geometry/characters/minionc/anims/mc_proneforwardhurt.gr2
0x04E18A59	/data/geometry/characters/minionc/anims/mc_pukeub.gr2
0x29C2FA77	/data/geometry/characters/minionc/anims/mc_rangedattack.gr2
0xCE087034	/data/geometry/characters/minionc/anims/mc_rangedready.gr2
0xB2E1E3CC	/data/geometry/characters/minionc/anims/mc_rangedreload.gr2
0xE10ED4C5	/data/geometry/characters/minionc/anims/mc_readyub.gr2
0xAD6F16DC	/data/geometry/characters/minionc/anims/mc_run.gr2
0xAD86AA2A	/data/geometry/characters/minionc/anims/mc_runleft.gr2
0xA5CBCC0A	/data/geometry/characters/minionc/anims/mc_runright.gr2
0xB3F7658D	/data/geometry/characters/minionc/anims/mc_sendtodistracteda.gr2
0x35631723	/data/geometry/characters/minionc/anims/mc_sendtodistractedb.gr2
0x448EC152	/data/geometry/characters/minionc/anims/mc_shocked.gr2
0xBAE38004	/data/geometry/characters/minionc/anims/mc_slide.gr2
0x28F8E072	/data/geometry/characters/minionc/anims/mc_spinattack.gr2
0x1132F733	/data/geometry/characters/minionc/anims/mc_stand.gr2
0x7D83C0A5	/data/geometry/characters/minionc/anims/mc_standturnleft.gr2
0xC2265645	/data/geometry/characters/minionc/anims/mc_standturnright.gr2
0xC2B3674E	/data/geometry/characters/minionc/anims/mc_strafeleft.gr2
0x16523CF4	/data/geometry/characters/minionc/anims/mc_straferight.gr2
0x56A6F193	/data/geometry/characters/minionc/anims/mc_swimfor.gr2
0xD9B2B638	/data/geometry/characters/minionc/anims/mc_swimidle.gr2
0x33757D99	/data/geometry/characters/minionc/anims/mc_swimleft.gr2
0x7E99F13B	/data/geometry/characters/minionc/anims/mc_swimright.gr2
0x876B4D70	/data/geometry/characters/minionc/anims/mc_talk1.gr2
0x8B974ACA	/data/geometry/characters/minionc/anims/mc_visemes.gr2
0xF6EA1C10	/data/geometry/characters/minionc/anims/mc_walk.gr2
0x6CA08316	/data/geometry/characters/minionc/anims/mc_walkleft.gr2
0x03C1BA74	/data/geometry/characters/minionc/anims/mc_walkright.gr2
0x76867D1A	/data/geometry/characters/minionc/minc_base.geo
0x3BE934FB	/data/geometry/characters/native/anims/nativeairback.gr2
0x07041112	/data/geometry/characters/native/anims/nativeairfront.gr2
0xD7D97E7A	/data/geometry/characters/native/anims/nativeairleft.gr2
0xB7E1C2A3	/data/geometry/characters/native/anims/nativeairright.gr2
0xAAF9319F	/data/geometry/characters/native/anims/nativeangry.gr2
0xAE18FEC5	/data/geometry/characters/native/anims/nativebolabreakout2.gr2
0xA92DC227	/data/geometry/characters/native/anims/nativebolahit2.gr2
0x9056B0D4	/data/geometry/characters/native/anims/nativebolastruggle2.gr2
0x23A87449	/data/geometry/characters/native/anims/nativedie.gr2
0x90F433BF	/data/geometry/characters/native/anims/nativedodgeleft.gr2
0x8090DA7F	/data/geometry/characters/native/anims/nativedodgeright.gr2
0xBD941D9B	/data/geometry/characters/native/anims/nativefallfar.gr2
0x6CFC20E9	/data/geometry/characters/native/anims/nativefallnear.gr2
0x14FD6F77	/data/geometry/characters/native/anims/nativefallsplat.gr2
0x654DF1BF	/data/geometry/characters/native/anims/nativeflustered.gr2
0x01FFE099	/data/geometry/characters/native/anims/nativegetupback.gr2
0x78BA041C	/data/geometry/characters/native/anims/nativegetupfront.gr2
0xEDCFAA18	/data/geometry/characters/native/anims/nativegetupleft.gr2
0xC85FD7AD	/data/geometry/characters/native/anims/nativegetupright.gr2
0xFA6335F4	/data/geometry/characters/native/anims/nativegroundback.gr2
0xCC3D21CE	/data/geometry/characters/native/anims/nativegroundfront.gr2
0x16537F75	/data/geometry/characters/native/anims/nativegroundleft.gr2
0x7CD8F27F	/data/geometry/characters/native/anims/nativegroundright.gr2
0x9CA5C44B	/data/geometry/characters/native/anims/nativeidle1bless.gr2
0xBB64CAFD	/data/geometry/characters/native/anims/nativeidle2blink.gr2
0xF260E679	/data/geometry/characters/native/anims/nativeidle2scratch.gr2
0xA478F0DE	/data/geometry/characters/native/anims/nativeinvestigate.gr2
0xAF6AFE78	/data/geometry/characters/native/anims/nativemissing.gr2
0x65F7E67A	/data/geometry/characters/native/anims/nativepanic.gr2
0x7C84385C	/data/geometry/characters/native/anims/nativepoint.gr2
0x55433AE7	/data/geometry/characters/native/anims/nativepronefront.gr2
0x5CCCF889	/data/geometry/characters/native/anims/nativepuke.gr2
0x6F4B6B0F	/data/geometry/characters/native/anims/nativereactdamage.gr2
0x67AD8DA9	/data/geometry/characters/native/anims/nativereactsendto.gr2
0x53C54A9C	/data/geometry/characters/native/anims/nativerun.gr2
0x3521761C	/data/geometry/characters/native/anims/nativerunleft.gr2
0x13D2FEC6	/data/geometry/characters/native/anims/nativerunright.gr2
0xDC291D64	/data/geometry/characters/native/anims/nativeshocked.gr2
0xC2C431EA	/data/geometry/characters/native/anims/nativeslide.gr2
0x691546DD	/data/geometry/characters/native/anims/nativestand.gr2
0x7E2864C8	/data/geometry/characters/native/anims/nativestandturnleft.gr2
0x2D1EE3AA	/data/geometry/characters/native/anims/nativestandturnright.gr2
0xDA99B0E0	/data/geometry/characters/native/anims/nativeswimfore.gr2
0x6FAB84F4	/data/geometry/characters/native/anims/nativeswimidle.gr2
0x856C4F55	/data/geometry/characters/native/anims/nativeswimleft.gr2
0x9C702A30	/data/geometry/characters/native/anims/nativeswimright.gr2
0x17DE9802	/data/geometry/characters/native/anims/nativetalklefthand.gr2
0xF796AAD1	/data/geometry/characters/native/anims/nativetalkpointleft.gr2
0x5E06BBF6	/data/geometry/characters/native/anims/nativetalkrighthand.gr2
0xC44643FA	/data/geometry/characters/native/anims/nativetrotstrafeleft.gr2
0x3CD281E1	/data/geometry/characters/native/anims/nativetrotstraferight.gr2
0x464365E7	/data/geometry/characters/native/anims/nativeupperstand.gr2
0x133096FC	/data/geometry/characters/native/anims/nativevisemes.gr2
0x3FF1F56F	/data/geometry/characters/native/anims/nativewalk.gr2
0x98624609	/data/geometry/characters/native/anims/nativewalkstrafeleft.gr2
0x183A0642	/data/geometry/characters/native/anims/nativewalkstraferight.gr2
0x1ECC2ADE	/data/geometry/characters/native/anims/nativewalkturnl.gr2
0x27104935	/data/geometry/characters/native/anims/nativewalkturnr.gr2
0xCC89130B	/data/geometry/characters/native/rvrnative.geo
0xEDDECD17	/data/geometry/characters/outlaw1/anims/outlw1_angry2.gr2
0x3F51D0A8	/data/geometry/characters/outlaw1/anims/outlw1_backprone.gr2
0x37AD2C94	/data/geometry/characters/outlaw1/anims/outlw1_backpronehurt.gr2
0x313810E2	/data/geometry/characters/outlaw1/anims/outlw1_bounty.gr2
0xBF796ECE	/data/geometry/characters/outlaw1/anims/outlw1_bountyidle.gr2
0x796E7E38	/data/geometry/characters/outlaw1/anims/outlw1_flustered.gr2
0xDAAA48CA	/data/geometry/characters/outlaw1/anims/outlw1_groundleft.gr2
0x9F9E63FF	/data/geometry/characters/outlaw1/anims/outlw1_groundright.gr2
0x759CCAD8	/data/geometry/characters/outlaw1/anims/outlw1_jumpback.gr2
0x97A764C8	/data/geometry/characters/outlaw1/anims/outlw1_knockbackair.gr2
0x586273E2	/data/geometry/characters/outlaw1/anims/outlw1_knockbackgetup.gr2
0x1CC71F8D	/data/geometry/characters/outlaw1/anims/outlw1_knockbackground.gr2
0xA7820690	/data/geometry/characters/outlaw1/anims/outlw1_knockforair.gr2
0xFF79CE4E	/data/geometry/characters/outlaw1/anims/outlw1_knockforgetup.gr2
0x5599099A	/data/geometry/characters/outlaw1/anims/outlw1_meleespin.gr2
0x0BE1F674	/data/geometry/characters/outlaw1/anims/outlw1_run.gr2
0xEA381293	/data/geometry/characters/outlaw1/anims/outlw1_runleft.gr2
0xB2327ABD	/data/geometry/characters/outlaw1/anims/outlw1_runright.gr2
0x762D7386	/data/geometry/characters/outlaw1/anims/outlw1_sendtodistracted1.gr2
0xD95961D3	/data/geometry/characters/outlaw1/anims/outlw1_stand.gr2
0x2E191D2D	/data/geometry/characters/outlaw1/anims/outlw1_swim.gr2
0x248CCB2E	/data/geometry/characters/outlaw1/anims/outlw1_swimleft.gr2
0x8053A5B7	/data/geometry/characters/outlaw1/anims/outlw1_swimright.gr2
0xCC29F273	/data/geometry/characters/outlaw1/anims/outlw1_visemes.gr2
0x379E4F9C	/data/geometry/characters/outlaw2/anims/outlw2_bolastill.gr2
0x7EA591D4	/data/geometry/characters/outlaw2/anims/outlw2_bounty.gr2
0x6B1E0874	/data/geometry/characters/outlaw2/anims/outlw2_bounty2.gr2
0xA8421052	/data/geometry/characters/outlaw2/anims/outlw2_bountyidle.gr2
0x0C12C8FD	/data/geometry/characters/outlaw2/anims/outlw2_bountyidle2.gr2
0x03DCFA6B	/data/geometry/characters/outlaw2/anims/outlw2_visemes.gr2
0x64154A16	/data/geometry/characters/outlaw2/outlw2_base.geo
0xBC5AD564	/data/geometry/characters/outlaw2/outlw2_ng_base.geo
0x642117BF	/data/geometry/characters/outlaw2jail/outlaw2jail.geo
0xC1CA6F07	/data/geometry/characters/outlawsemiauto/outlawsemiauto.geo
0x8A395F8E	/data/geometry/characters/pyro/anims/pyro_fireub.gr2
0x4370A9D2	/data/geometry/characters/pyro/anims/pyro_reloadub.gr2
0x60F9E33E	/data/geometry/characters/pyro/pyro.geo
0x8E54E996	/data/geometry/characters/sewersleg/sewersleg.geo
0x46A8A3D9	/data/geometry/characters/sleg/sleg_base.geo
0xD123450E	/data/geometry/characters/slog/anims/slogairback.gr2
0x6F3ADED7	/data/geometry/characters/slog/anims/slogairfront.gr2
0x3D130F8F	/data/geometry/characters/slog/anims/slogairleft.gr2
0xDFDF0D66	/data/geometry/characters/slog/anims/slogairright.gr2
0x23555F28	/data/geometry/characters/slog/anims/slogbolabreakfree.gr2
0x075D2408	/data/geometry/characters/slog/anims/slogbolahit.gr2
0xFE6D84D0	/data/geometry/characters/slog/anims/slogbolastruggle.gr2
0x575E6C6E	/data/geometry/characters/slog/anims/slogfallfar.gr2
0x04C2EF2C	/data/geometry/characters/slog/anims/slogfallnear.gr2
0x5A9864A0	/data/geometry/characters/slog/anims/slogfallsplat.gr2
0x4F9AEB4E	/data/geometry/characters/slog/anims/sloggetupback.gr2
0xC5402547	/data/geometry/characters/slog/anims/sloggetupfront.gr2
0xA3AAA1CF	/data/geometry/characters/slog/anims/sloggetupleft.gr2
0x75A5F6F6	/data/geometry/characters/slog/anims/sloggetupright.gr2
0x479914AF	/data/geometry/characters/slog/anims/sloggroundback.gr2
0x9BE1D886	/data/geometry/characters/slog/anims/sloggroundfront.gr2
0xABA95E2E	/data/geometry/characters/slog/anims/sloggroundleft.gr2
0x2B040B37	/data/geometry/characters/slog/anims/sloggroundright.gr2
0x72A53C6E	/data/geometry/characters/slog/anims/slogidlechewflea.gr2
0x4D2940ED	/data/geometry/characters/slog/anims/slogjumpattack.gr2
0xBC428166	/data/geometry/characters/slog/anims/slogjumpback.gr2
0xB44B9DB1	/data/geometry/characters/slog/anims/slogproneback.gr2
0x52D90AE2	/data/geometry/characters/slog/anims/slogpronebackhurt.gr2
0x38979247	/data/geometry/characters/slog/anims/slogreactdamage.gr2
0x307174E1	/data/geometry/characters/slog/anims/slogreactsendto.gr2
0x99C3C43B	/data/geometry/characters/slog/anims/slogrun.gr2
0xDFEB07E9	/data/geometry/characters/slog/anims/slogrunleft.gr2
0x7BEC3103	/data/geometry/characters/slog/anims/slogrunright.gr2
0x29E61320	/data/geometry/characters/slog/anims/slogslide.gr2
0x82376417	/data/geometry/characters/slog/anims/slogstand.gr2
0x820C9516	/data/geometry/characters/slog/anims/slogstandleft.gr2
0x8A8B3AB2	/data/geometry/characters/slog/anims/slogstandright.gr2
0x77D161AD	/data/geometry/characters/slog/anims/slogswim.gr2
0x07954B31	/data/geometry/characters/slog/anims/slogswimidle.gr2
0xED528090	/data/geometry/characters/slog/anims/slogswimleft.gr2
0xD21521E7	/data/geometry/characters/slog/anims/slogswimright.gr2
0x1488C4B7	/data/geometry/characters/slog/anims/slogwalk.gr2
0xB2877E1F	/data/geometry/characters/slog/anims/slogwalkleft.gr2
0xAF4D6AA8	/data/geometry/characters/slog/anims/slogwalkright.gr2
0x24FF0D63	/data/geometry/characters/slog/anims/slogwalkstrafeleft.gr2
0x883EEB5C	/data/geometry/characters/slog/anims/slogwalkstraferight.gr2
0x61B651F9	/data/geometry/characters/slog/anims/slogweaponattack.gr2
0xE69BD4BD	/data/geometry/characters/slog/anims/slogweaponready.gr2
0xFA954842	/data/geometry/characters/slog/anims/slogweaponreload.gr2
0x02B25451	/data/geometry/characters/splosivesmcgee/anims/outlw2_airback.gr2
0xDF0EAB3E	/data/geometry/characters/splosivesmcgee/anims/outlw2_airforward.gr2
0xEE821ED0	/data/geometry/characters/splosivesmcgee/anims/outlw2_airleft.gr2
0xB8F1B93E	/data/geometry/characters/splosivesmcgee/anims/outlw2_airright.gr2
0x68010206	/data/geometry/characters/splosivesmcgee/anims/outlw2_angry.gr2
0x74A9BCE8	/data/geometry/characters/splosivesmcgee/anims/outlw2_bolobreakfree.gr2
0x1C0EEEC5	/data/geometry/characters/splosivesmcgee/anims/outlw2_bolohit.gr2
0xBD9B9516	/data/geometry/characters/splosivesmcgee/anims/outlw2_bolostruggle1.gr2
0xF936FED1	/data/geometry/characters/splosivesmcgee/anims/outlw2_die.gr2
0xFB57A598	/data/geometry/characters/splosivesmcgee/anims/outlw2_dodgeleft.gr2
0x1BB66290	/data/geometry/characters/splosivesmcgee/anims/outlw2_dodgeright.gr2
0x8D75C79A	/data/geometry/characters/splosivesmcgee/anims/outlw2_groundleft.gr2
0xCD88878F	/data/geometry/characters/splosivesmcgee/anims/outlw2_groundright.gr2
0x09AD7222	/data/geometry/characters/splosivesmcgee/anims/outlw2_hurt1.gr2
0x8F39008C	/data/geometry/characters/splosivesmcgee/anims/outlw2_hurt2.gr2
0xDB6C353E	/data/geometry/characters/splosivesmcgee/anims/outlw2_jumpback.gr2
0x07B70760	/data/geometry/characters/splosivesmcgee/anims/outlw2_knockbackgetup.gr2
0x593E4A34	/data/geometry/characters/splosivesmcgee/anims/outlw2_knockbackground.gr2
0xB1E1D1DD	/data/geometry/characters/splosivesmcgee/anims/outlw2_knockforgetup.gr2
0x1CC7FF8A	/data/geometry/characters/splosivesmcgee/anims/outlw2_knockforground.gr2
0x2219103A	/data/geometry/characters/splosivesmcgee/anims/outlw2_meleespin.gr2
0x96319ED2	/data/geometry/characters/splosivesmcgee/anims/outlw2_missing.gr2
0xA70FD5E3	/data/geometry/characters/splosivesmcgee/anims/outlw2_panic.gr2
0xED16765A	/data/geometry/characters/splosivesmcgee/anims/outlw2_prone.gr2
0x918D0041	/data/geometry/characters/splosivesmcgee/anims/outlw2_proneback.gr2
0xE856F157	/data/geometry/characters/splosivesmcgee/anims/outlw2_pronebackhurt.gr2
0xCF7B923A	/data/geometry/characters/splosivesmcgee/anims/outlw2_pronehurt.gr2
0xE4D21FB4	/data/geometry/characters/splosivesmcgee/anims/outlw2_puke.gr2
0x49F6A586	/data/geometry/characters/splosivesmcgee/anims/outlw2_runstrafeleft.gr2
0x8CD177DC	/data/geometry/characters/splosivesmcgee/anims/outlw2_runstraferight.gr2
0xABED7544	/data/geometry/characters/splosivesmcgee/anims/outlw2_stand.gr2
0x38022BD1	/data/geometry/characters/splosivesmcgee/anims/outlw2_standturnleft.gr2
0x79AF4705	/data/geometry/characters/splosivesmcgee/anims/outlw2_standturnright.gr2
0xBE622E97	/data/geometry/characters/splosivesmcgee/anims/outlw2_talk.gr2
0xF7B9A7D7	/data/geometry/characters/splosivesmcgee/anims/outlw2_victory.gr2
0xCCD3E2A6	/data/geometry/characters/splosivesmcgee/anims/outlw2_walkstrafeleft.gr2
0x47A55E0A	/data/geometry/characters/splosivesmcgee/anims/outlw2_walkstraferight.gr2
0xE394FCBC	/data/geometry/characters/splosivesmcgee/anims/splo_meleeattackub.gr2
0x7757F968	/data/geometry/characters/splosivesmcgee/anims/splo_rangedattackub.gr2
0xA0F3E196	/data/geometry/characters/splosivesmcgee/anims/splo_rangedreadyub.gr2
0x140DBDF8	/data/geometry/characters/splosivesmcgee/anims/splo_rangedreloadub.gr2
0xD9327074	/data/geometry/characters/splosivesmcgee/anims/splo_run.gr2
0x45B260BB	/data/geometry/characters/splosivesmcgee/anims/splo_runleft.gr2
0x3D8804C4	/data/geometry/characters/splosivesmcgee/anims/splo_runright.gr2
0x3A0D785A	/data/geometry/characters/steef/anims/steefvisemes.gr2
0xC73EAEAC	/data/geometry/characters/steefd/anims/stfd_idle2.gr2
0x4C71F5CE	/data/geometry/characters/steefd/anims/stfd_visemes.gr2
0x9F622B6D	/data/geometry/characters/townsfolk/anims/townsfolkairback.gr2
0xA1F5AECF	/data/geometry/characters/townsfolk/anims/townsfolkairfront.gr2
0x735261EC	/data/geometry/characters/townsfolk/anims/townsfolkairleft.gr2
0x11107D7E	/data/geometry/characters/townsfolk/anims/townsfolkairright.gr2
0x024353A3	/data/geometry/characters/townsfolk/anims/townsfolkattackswingtool.gr2
0x33E7038E	/data/geometry/characters/townsfolk/anims/townsfolkbolabreakfree2.gr2
0x0FDC7DFA	/data/geometry/characters/townsfolk/anims/townsfolkbolahit2.gr2
0x8EF02C47	/data/geometry/characters/townsfolk/anims/townsfolkbolastruggle2.gr2
0xDB3B35F6	/data/geometry/characters/townsfolk/anims/townsfolkcallout.gr2
0x338304A9	/data/geometry/characters/townsfolk/anims/townsfolkcower.gr2
0x191F020D	/data/geometry/characters/townsfolk/anims/townsfolkfallfar.gr2
0xCA0D9F34	/data/geometry/characters/townsfolk/anims/townsfolkfallnear.gr2
0x0AB30F05	/data/geometry/characters/townsfolk/anims/townsfolkfallsplat.gr2
0x1B4D9C75	/data/geometry/characters/townsfolk/anims/townsfolkgateok.gr2
0xA3AF5332	/data/geometry/characters/townsfolk/anims/townsfolkgetupfront.gr2
0x217662DA	/data/geometry/characters/townsfolk/anims/townsfolkgroundback.gr2
0x725DF411	/data/geometry/characters/townsfolk/anims/townsfolkgroundfront.gr2
0xCD46285B	/data/geometry/characters/townsfolk/anims/townsfolkgroundleft.gr2
0xC2B827A0	/data/geometry/characters/townsfolk/anims/townsfolkgroundright.gr2
0xA4AF1EBB	/data/geometry/characters/townsfolk/anims/townsfolkhammering.gr2
0xC4FA06B1	/data/geometry/characters/townsfolk/anims/townsfolkidle1cleanwings.gr2
0xB9E2C6C7	/data/geometry/characters/townsfolk/anims/townsfolkidle2lookaround.gr2
0x0BE1E1EE	/data/geometry/characters/townsfolk/anims/townsfolkmissing.gr2
0x6CFF6B41	/data/geometry/characters/townsfolk/anims/townsfolkpanicub.gr2
0x4275AABC	/data/geometry/characters/townsfolk/anims/townsfolkpoint.gr2
0xB0DA22DD	/data/geometry/characters/townsfolk/anims/townsfolkpronebackhurt.gr2
0x8E566DC9	/data/geometry/characters/townsfolk/anims/townsfolkpronefront.gr2
0x2491EE63	/data/geometry/characters/townsfolk/anims/townsfolkpuke.gr2
0xD12BBED0	/data/geometry/characters/townsfolk/anims/townsfolkreactdamage.gr2
0xD9CD5876	/data/geometry/characters/townsfolk/anims/townsfolkreactsendto.gr2
0xEEA22FDD	/data/geometry/characters/townsfolk/anims/townsfolkrun.gr2
0x91AA698A	/data/geometry/characters/townsfolk/anims/townsfolkrunleft.gr2
0xB523411B	/data/geometry/characters/townsfolk/anims/townsfolkrunright.gr2
0x117A760C	/data/geometry/characters/townsfolk/anims/townsfolkrunstrafeleft.gr2
0xD478BE4F	/data/geometry/characters/townsfolk/anims/townsfolkrunstraferight.gr2
0xEEE78199	/data/geometry/characters/townsfolk/anims/townsfolksendtodistracteda.gr2
0xFC35A30A	/data/geometry/characters/townsfolk/anims/townsfolkslide.gr2
0xDCAA862E	/data/geometry/characters/townsfolk/anims/townsfolksowseed.gr2
0x6493E292	/data/geometry/characters/townsfolk/anims/townsfolksplat.gr2
0x38E03512	/data/geometry/characters/townsfolk/anims/townsfolkstandidle.gr2
0x608EF85B	/data/geometry/characters/townsfolk/anims/townsfolkstandturnleft.gr2
0x21068E96	/data/geometry/characters/townsfolk/anims/townsfolkstandturnright.gr2
0x607A63BD	/data/geometry/characters/townsfolk/anims/townsfolksurprised.gr2
0x24F5469F	/data/geometry/characters/townsfolk/anims/townsfolkswim.gr2
0xC95A3B29	/data/geometry/characters/townsfolk/anims/townsfolkswimidle.gr2
0x239DF088	/data/geometry/characters/townsfolk/anims/townsfolkswimleft.gr2
0x823E4A42	/data/geometry/characters/townsfolk/anims/townsfolkswimright.gr2
0xC1BD6E7E	/data/geometry/characters/townsfolk/anims/townsfolktalk1.gr2
0x47291CD0	/data/geometry/characters/townsfolk/anims/townsfolktalk2.gr2
0x8C75CF75	/data/geometry/characters/townsfolk/anims/townsfolktalk3.gr2
0x9170FFCD	/data/geometry/characters/townsfolk/anims/townsfolktalk4.gr2
0x2B45A968	/data/geometry/characters/townsfolk/anims/townsfolktalkidle.gr2
0x9D5632C9	/data/geometry/characters/townsfolk/anims/townsfolkupperstand.gr2
0xB7BB896A	/data/geometry/characters/townsfolk/anims/townsfolkvisemes.gr2
0x47ACE385	/data/geometry/characters/townsfolk/anims/townsfolkwalk.gr2
0x947A2B35	/data/geometry/characters/townsfolk/anims/townsfolkwalkstrafeleft.gr2
0x0BEA56E1	/data/geometry/characters/townsfolk/anims/townsfolkwalkstraferight.gr2
0x00824AAC	/data/geometry/characters/townsfolk/anims/townsfolkwalkturnl.gr2
0x395E2947	/data/geometry/characters/townsfolk/anims/townsfolkwalkturnr.gr2
0x97380931	/data/geometry/characters/townsfolk/anims/townsfolkyehaw.gr2
0x71C167D3	/data/geometry/characters/townsfolk/townsfolk.geo
0x13F47DC7	/data/geometry/characters/townsfolkfemale/townsfolkfemale.geo
0x9BBC60E1	/data/geometry/characters/townsfolksewerworker/sewerworker.geo
0xA9001C21	/data/geometry/characters/townsfolkstorekeeper/storekeeper.geo
0xC1C24222	/data/geometry/characters/ugenius/ugenius.geo
0xA0B982AF	/data/geometry/characters/vykkerdoc/anims/airbackground.gr2
0x9CDB1B74	/data/geometry/characters/vykkerdoc/anims/airforground.gr2
0x37C5D45F	/data/geometry/characters/vykkerdoc/anims/airleftground.gr2
0xEDC96375	/data/geometry/characters/vykkerdoc/anims/airrightground.gr2
0x39530222	/data/geometry/characters/vykkerdoc/anims/missing.gr2
0x7A8A55A1	/data/geometry/characters/vykkerdoc/anims/run.gr2
0xA3188A46	/data/geometry/characters/vykkerdoc/anims/runleft.gr2
0xBDEB1C0C	/data/geometry/characters/vykkerdoc/anims/runright.gr2
0xF8541CBD	/data/geometry/characters/vykkerdoc/anims/stand.gr2
0x3BF91423	/data/geometry/characters/vykkerdoc/anims/standturnleft.gr2
0xFEFDACD5	/data/geometry/characters/vykkerdoc/anims/standturnright.gr2
0x84A39787	/data/geometry/characters/vykkerdoc/anims/walk.gr2
0x74805310	/data/geometry/characters/vykkerdoc/anims/walkleft.gr2
0x631E1341	/data/geometry/characters/vykkerdoc/anims/walkright.gr2
0x4B810976	/data/geometry/characters/vykkerdoc/anims/walkstrafeleft.gr2
0xDDCAD7E2	/data/geometry/characters/vykkerdoc/anims/walkstraferight.gr2
0x106147D2	/data/geometry/characters/vykkerdoc/vykkerdoc.geo
0xBCFD5056	/data/geometry/collectables/civilized_treasure_chest.geo
0x622BEA29	/data/geometry/collectables/moolah_small.geo
0xEF1AFA43	/data/geometry/decorators/animated/arrow_01/go.gr2
0x764BFF5D	/data/geometry/decorators/animated/bigredbutton/go.gr2
0xD3EFAABD	/data/geometry/decorators/animated/bigredbutton/turnoff.gr2
0x4BAAC23A	/data/geometry/decorators/animated/bigredbutton/turnon.gr2
0xEBD2BA67	/data/geometry/decorators/animated/bigredbutton_npc/go.gr2
0x6D36205C	/data/geometry/decorators/animated/ceilingfan_generalstore/slow_turn.gr2
0x8B11AB7D	/data/geometry/decorators/animated/chickentrailerdoor_animobj_01/close.gr2
0x69005236	/data/geometry/decorators/animated/chickentrailerdoor_animobj_01/open.gr2
0xE609467F	/data/geometry/decorators/animated/cin_plunger/down.gr2
0xDF93B6ED	/data/geometry/decorators/animated/cin_wagon_train/rollin.gr2
0x1A76C8AF	/data/geometry/decorators/animated/cinpacratlift/up.gr2
0x44C92670	/data/geometry/decorators/animated/de_cin_timer/time.gr2
0x2B3172D1	/data/geometry/decorators/animated/de_cin_trans1_1beam01/fall.gr2
0xB2D314D0	/data/geometry/decorators/animated/de_cin_trans1_1beam02/fall.gr2
0x735DCB10	/data/geometry/decorators/animated/de_cin_trans1_1beam03/fall.gr2
0x17E3E2B5	/data/geometry/decorators/animated/de_morterfire/fire.gr2
0xEB5802C4	/data/geometry/decorators/animated/de_towndoor/close.gr2
0x279A62E0	/data/geometry/decorators/animated/de_towndoor/open.gr2
0xED848AB8	/data/geometry/decorators/animated/death_fan_01/fan_spin_01.gr2
0x5AD6DEE0	/data/geometry/decorators/animated/depositslot_moolah/close.gr2
0xDB73DA78	/data/geometry/decorators/animated/depositslot_moolah/open.gr2
0xF9387E36	/data/geometry/decorators/animated/falling_support_01/fall_01.gr2
0xF9C7B4B6	/data/geometry/decorators/animated/fly_01/fly_01.gr2
0x8E083EA4	/data/geometry/decorators/animated/fly_02/circular_buzz.gr2
0x31781142	/data/geometry/decorators/animated/fortune_teller/on.gr2
0xCDA3A6F2	/data/geometry/decorators/animated/gate_02/close_01.gr2
0x18D1FB15	/data/geometry/decorators/animated/gate_02/open_01.gr2
0x9BB1E63D	/data/geometry/decorators/animated/generator_01/glow_spin.gr2
0xA0353C91	/data/geometry/decorators/animated/horizontal_windmill/slow_turn.gr2
0x3E81223A	/data/geometry/decorators/animated/jomom_elevator/down.gr2
0x98D689B0	/data/geometry/decorators/animated/jomom_elevator/up.gr2
0xB0C9CABF	/data/geometry/decorators/animated/lantern_sewer_01/swing.gr2
0x9F04B8F9	/data/geometry/decorators/animated/laptop/activate.gr2
0x60D5D446	/data/geometry/decorators/animated/laptop/open.gr2
0xE16F682F	/data/geometry/decorators/animated/mine_cart_elevator_01/down.gr2
0x1D8B328E	/data/geometry/decorators/animated/mine_cart_elevator_01/up.gr2
0xF9765254	/data/geometry/decorators/animated/moth_01/fly_01.gr2
0x67360F56	/data/geometry/decorators/animated/oil_rig_3/pump.gr2
0x363576A7	/data/geometry/decorators/animated/packratrocketlaunch_moving/moveforward_long_01.gr2
0x638DEB11	/data/geometry/decorators/animated/packratrocketlaunch_moving/moveforward_short_01.gr2
0xD748B260	/data/geometry/decorators/animated/pipe_walkway_01/fall_01.gr2
0x0C2C7288	/data/geometry/decorators/animated/pumpstation_02/spinandpump.gr2
0xFA6290F3	/data/geometry/decorators/animated/ramp_native_lite/fall.gr2
0x10362A20	/data/geometry/decorators/animated/rock_slide_01/slide_01.gr2
0x796E80D0	/data/geometry/decorators/animated/sign_items_available/go.gr2
0xEA4E4A4A	/data/geometry/decorators/animated/slide_light_01/close.gr2
0x9412961F	/data/geometry/decorators/animated/slide_light_01/open.gr2
0xECC9431B	/data/geometry/decorators/animated/steef_statue/fall.gr2
0xC288518E	/data/geometry/decorators/animated/town_door_swing_01/close.gr2
0x57DC083A	/data/geometry/decorators/animated/town_door_swing_01/open.gr2
0xA8E08DC3	/data/geometry/decorators/animated/town_maingate_01/gate_close.gr2
0x4F9ADBFB	/data/geometry/decorators/animated/town_maingate_01/gate_open.gr2
0xC53E4FE5	/data/geometry/decorators/animated/vultures_01/vulture_vortex.gr2
0xC0C14E2B	/data/geometry/decorators/animated/waterwheel_02/jammed_wheelturn.gr2
0xBA706212	/data/geometry/decorators/animated/waterwheel_02/slow_wheelturn.gr2
0x6934A597	/data/geometry/decorators/animateddestructibles/ammocrate_armadillo_10/shake.gr2
0x8128F869	/data/geometry/decorators/animateddestructibles/ammocrate_boombat_10/shake.gr2
0xB73533C5	/data/geometry/decorators/animateddestructibles/ammocrate_spider_10/shake.gr2
0x2256D47D	/data/geometry/decorators/animateddestructibles/light_warning_01/go_01.gr2
0xC8483E9C	/data/geometry/decorators/critter/store_armadillo.geo
0x29DF2933	/data/geometry/decorators/critter/store_bat.geo
0x9BE3852C	/data/geometry/decorators/critter/store_fuzzle.geo
0xD55C0CBC	/data/geometry/decorators/critter/store_spider.geo
0x6FFDE48C	/data/geometry/decorators/critter/store_squirell.geo
0x41AEAC4A	/data/geometry/decorators/damageanim/cin_outlaw1_1_platform/down.gr2
0x749156BF	/data/geometry/decorators/damageanim/cin_outlaw1_1_platform/up.gr2
0x071BA2FA	/data/geometry/decorators/damageanim/crane_jomomma_damage/1to2.gr2
0xCC47715F	/data/geometry/decorators/damageanim/crane_jomomma_damage/1to3.gr2
0xB802EC91	/data/geometry/decorators/damageanim/crane_jomomma_damage/2to1.gr2
0xF5CA4D9A	/data/geometry/decorators/damageanim/crane_jomomma_damage/2to3.gr2
0xAF79F8D2	/data/geometry/decorators/damageanim/crane_jomomma_damage/3to1.gr2
0x29ED8A7C	/data/geometry/decorators/damageanim/crane_jomomma_damage/3to2.gr2
0xF6C2BCD3	/data/geometry/decorators/damageanim/crane_jomomma_damage/piledrive_01.gr2
0x7056CE7D	/data/geometry/decorators/damageanim/crane_jomomma_damage/piledrive_02.gr2
0xBB0A1DD8	/data/geometry/decorators/damageanim/crane_jomomma_damage/piledrive_03.gr2
0x02DD0D87	/data/geometry/decorators/debris/little_rocks_01.geo
0x9F971FE5	/data/geometry/decorators/debris/trash_small_01.geo
0xC99BFE9C	/data/geometry/decorators/debris/underwear.geo
0xCCE4287A	/data/geometry/decorators/fadeable/armadillo_house_01.geo
0x0EF6CD0C	/data/geometry/decorators/fadeable/bat_house_01.geo
0x10F12D5D	/data/geometry/decorators/fadeable/bee_nest_01.geo
0xE8044D80	/data/geometry/decorators/fadeable/fuzzle_bone_pile_01.geo
0xA627210B	/data/geometry/decorators/fadeable/skunk_house_01.geo
0xE5191360	/data/geometry/decorators/fadeable/spider_house_01.geo
0xA24B5CAE	/data/geometry/decorators/fadeable/spider_web_01.geo
0xC83E916D	/data/geometry/decorators/fadeable/squrrel_bush_01.geo
0x37ED199A	/data/geometry/decorators/foliage/agave_01.geo
0xF97FBCF7	/data/geometry/decorators/foliage/bean_plant_01.geo
0x677BACF2	/data/geometry/decorators/foliage/cattail_01.geo
0xD93E45ED	/data/geometry/decorators/foliage/dandilion_01.geo
0x347C05F1	/data/geometry/decorators/foliage/dead_brush_big_01.geo
0xB2E8775F	/data/geometry/decorators/foliage/dead_brush_big_02.geo
0x4E302E0E	/data/geometry/decorators/foliage/dead_bush_01.geo
0xC0031A55	/data/geometry/decorators/foliage/dead_cave_bush_01.geo
0x0514EC9A	/data/geometry/decorators/foliage/dead_corn_01.geo
0xFC7A1432	/data/geometry/decorators/foliage/desert_plant_01.geo
0x67C7A609	/data/geometry/decorators/foliage/fern_01.geo
0x9889D534	/data/geometry/decorators/foliage/fern_01_long_fade.geo
0xE153D4A7	/data/geometry/decorators/foliage/fern_02.geo
0x3F255D77	/data/geometry/decorators/foliage/forest_bunchberry.geo
0xBEEB0EBC	/data/geometry/decorators/foliage/forest_fern_01.geo
0x387F7C12	/data/geometry/decorators/foliage/forest_fern_02.geo
0x14AC5272	/data/geometry/decorators/foliage/grass_thin.geo
0x5081D075	/data/geometry/decorators/foliage/hangin_plant_01.geo
0x864B4E44	/data/geometry/decorators/foliage/huckleberry_01.geo
0xC48EBAE5	/data/geometry/decorators/foliage/huckleberry_tall_01.geo
0x65234A3D	/data/geometry/decorators/foliage/indianpaintbrush.geo
0x3BD9843D	/data/geometry/decorators/foliage/juniper_bush_01.geo
0x5091E899	/data/geometry/decorators/foliage/milkweed_02.geo
0xDF5F72C6	/data/geometry/decorators/foliage/red_daisy_01.geo
0x36FE4ADF	/data/geometry/decorators/foliage/red_grass_01.geo
0x3F56DEBC	/data/geometry/decorators/foliage/red_mushroom_01.geo
0x702EB6F8	/data/geometry/decorators/foliage/sewer_ceiling_plants.geo
0xE0C67B33	/data/geometry/decorators/foliage/strawstrand.geo
0x9E5A1241	/data/geometry/decorators/foliage/yellow_daisy_01.geo
0x3499B3DD	/data/geometry/decorators/storeitems/ammobag_01.geo
0xDC388A7A	/data/geometry/decorators/storeitems/binoculars.geo
0xC50F97A9	/data/geometry/decorators/storeitems/chipmunkattractor.geo
0xBAA5CF8C	/data/geometry/decorators/storeitems/endurancemax1.geo
0xE831FF33	/data/geometry/decorators/storeitems/fuzzleattractor.geo
0x637CB5B4	/data/geometry/decorators/storeitems/spiderclipxtender.geo
0x6FDA3735	/data/geometry/effects/bullet_tracer_01.geo
0xE94E459B	/data/geometry/effects/bullet_tracer_02.geo
0x78DA6C97	/data/geometry/effects/chunks/apple_01.geo
0xDFEF40AB	/data/geometry/effects/chunks/barrel_plank.geo
0x1A9BE1C0	/data/geometry/effects/chunks/barrier_plank.geo
0x7DA29099	/data/geometry/effects/chunks/barrier_plank_02.geo
0x626E2483	/data/geometry/effects/chunks/basic_splinter_01.geo
0x6F0770AC	/data/geometry/effects/chunks/boxplank_01.geo
0xE9930202	/data/geometry/effects/chunks/boxplank_02.geo
0x2FD31CC1	/data/geometry/effects/chunks/camp_bench_01.geo
0xA9476E6F	/data/geometry/effects/chunks/camp_bench_02.geo
0x0BBA2AA4	/data/geometry/effects/chunks/cardboard_box_01.geo
0x8D2E580A	/data/geometry/effects/chunks/cardboard_box_02.geo
0xF4943B02	/data/geometry/effects/chunks/circusboard_01.geo
0x720049AC	/data/geometry/effects/chunks/circusboard_02.geo
0xB95C9A09	/data/geometry/effects/chunks/circusboard_03.geo
0xA459AAB1	/data/geometry/effects/chunks/circusboard_04.geo
0xE9AC6FE7	/data/geometry/effects/chunks/cloth_01.geo
0x6F381D49	/data/geometry/effects/chunks/cloth_02.geo
0xA464CEEC	/data/geometry/effects/chunks/cloth_03.geo
0xB961FE54	/data/geometry/effects/chunks/cloth_04.geo
0x68D245D1	/data/geometry/effects/chunks/clothes_pin_01.geo
0x846EE152	/data/geometry/effects/chunks/corn_01.geo
0xAFBC9D54	/data/geometry/effects/chunks/crate_01.geo
0x2928EFFA	/data/geometry/effects/chunks/crate_02.geo
0xAFF8BD6F	/data/geometry/effects/chunks/crate_sekto_chunk.geo
0x3834DCBA	/data/geometry/effects/chunks/crate_sekto_chunk2.geo
0xB85D1DD1	/data/geometry/effects/chunks/crateshard_01.geo
0xF5533CA9	/data/geometry/effects/chunks/drygoods_01.geo
0x73C74E07	/data/geometry/effects/chunks/drygoods_02.geo
0xB89B9DA2	/data/geometry/effects/chunks/drygoods_03.geo
0x7BD75F2A	/data/geometry/effects/chunks/fence_plank_01.geo
0xFD432D84	/data/geometry/effects/chunks/fence_plank_02.geo
0x361FFE21	/data/geometry/effects/chunks/fence_plank_03.geo
0x497EFF44	/data/geometry/effects/chunks/garden_hoe_01.geo
0xCFEA8DEA	/data/geometry/effects/chunks/garden_hoe_02.geo
0x04B65E4F	/data/geometry/effects/chunks/garden_hoe_03.geo
0xCF222736	/data/geometry/effects/chunks/garden_rake_01.geo
0x49B65598	/data/geometry/effects/chunks/garden_rake_02.geo
0x7B953914	/data/geometry/effects/chunks/garden_sign_01_01.geo
0xFD014BBA	/data/geometry/effects/chunks/garden_sign_01_02.geo
0x365D981F	/data/geometry/effects/chunks/garden_sign_01_03.geo
0x421805D1	/data/geometry/effects/chunks/garden_sign_02_01.geo
0xC22A8145	/data/geometry/effects/chunks/garden_wateringcan_01_01.geo
0x44BEF3EB	/data/geometry/effects/chunks/garden_wateringcan_01_02.geo
0x8FE2204E	/data/geometry/effects/chunks/garden_wateringcan_01_03.geo
0x6665A152	/data/geometry/effects/chunks/glassshard_02.geo
0x7B6091EA	/data/geometry/effects/chunks/glassshard_05.geo
0xFDF4E344	/data/geometry/effects/chunks/glassshard_06.geo
0xE1E37B5B	/data/geometry/effects/chunks/glokgoo01.geo
0x677709F5	/data/geometry/effects/chunks/glokgoo02.geo
0xAC2BDA50	/data/geometry/effects/chunks/glokgoo03.geo
0xF91B12AC	/data/geometry/effects/chunks/goods_box_02.geo
0x3247C109	/data/geometry/effects/chunks/goods_box_03.geo
0xA5CE2612	/data/geometry/effects/chunks/goods_box_particle_03.geo
0xD0E78215	/data/geometry/effects/chunks/goods_stackofcans_01.geo
0x9728A734	/data/geometry/effects/chunks/kitchenchair_piece_01.geo
0xCDB44D0E	/data/geometry/effects/chunks/leaning_plank.geo
0xC2AAA148	/data/geometry/effects/chunks/letter.geo
0x1CF49179	/data/geometry/effects/chunks/mailbox.geo
0x117ED490	/data/geometry/effects/chunks/mine_pick.geo
0x3F023882	/data/geometry/effects/chunks/mine_shovel.geo
0xE1C9E0F0	/data/geometry/effects/chunks/monitor_01.geo
0x675D925E	/data/geometry/effects/chunks/monitor_02.geo
0xAC0141FB	/data/geometry/effects/chunks/monitor_03.geo
0x937C546F	/data/geometry/effects/chunks/native_ax_01.geo
0xAB58C8FA	/data/geometry/effects/chunks/native_lamp_01.geo
0x2DCCBA54	/data/geometry/effects/chunks/native_lamp_02.geo
0xE69069F1	/data/geometry/effects/chunks/native_lamp_03.geo
0xEA29D47D	/data/geometry/effects/chunks/native_leaves_01.geo
0xE0B66B98	/data/geometry/effects/chunks/native_pod_01.geo
0x6AB03E88	/data/geometry/effects/chunks/native_wood_board_01.geo
0x34FACCA3	/data/geometry/effects/chunks/native_wood_bowl_01.geo
0x77B9A858	/data/geometry/effects/chunks/native_wood_shard_01.geo
0x9D01CB3C	/data/geometry/effects/chunks/oldposter_01_01.geo
0x1B95B992	/data/geometry/effects/chunks/oldposter_01_02.geo
0xA48CF7F9	/data/geometry/effects/chunks/oldposter_02_01.geo
0x22188557	/data/geometry/effects/chunks/oldposter_02_02.geo
0xB3F7E3BA	/data/geometry/effects/chunks/oldposter_03_01.geo
0x35639114	/data/geometry/effects/chunks/oldposter_03_02.geo
0xD7968E73	/data/geometry/effects/chunks/oldposter_04_01.geo
0x5102FCDD	/data/geometry/effects/chunks/oldposter_04_02.geo
0xC0ED9A30	/data/geometry/effects/chunks/oldposter_05_01.geo
0x4679E89E	/data/geometry/effects/chunks/oldposter_05_02.geo
0xF960A6F5	/data/geometry/effects/chunks/oldposter_06_01.geo
0x7FF4D45B	/data/geometry/effects/chunks/oldposter_06_02.geo
0xEE1BB2B6	/data/geometry/effects/chunks/oldposter_07_01.geo
0x31A27D67	/data/geometry/effects/chunks/oldposter_08_01.geo
0x26D96924	/data/geometry/effects/chunks/oldposter_09_01.geo
0xA04D1B8A	/data/geometry/effects/chunks/oldposter_09_02.geo
0x46B9219F	/data/geometry/effects/chunks/packratturretbarrel.geo
0xF9F74BB2	/data/geometry/effects/chunks/packratturrethinge.geo
0xAE8D8E0E	/data/geometry/effects/chunks/packratturretpanel1.geo
0x2819FCA0	/data/geometry/effects/chunks/packratturretpanel2.geo
0xE3452F05	/data/geometry/effects/chunks/packratturretpanel3.geo
0x57FC9D75	/data/geometry/effects/chunks/picketfence_plank.geo
0x6B1E1D4D	/data/geometry/effects/chunks/picture_egg_01.geo
0xED8A6FE3	/data/geometry/effects/chunks/picture_egg_02.geo
0x26D6BC46	/data/geometry/effects/chunks/picture_egg_03.geo
0xBB16A311	/data/geometry/effects/chunks/plank_01.geo
0xF6DE021A	/data/geometry/effects/chunks/plank_03.geo
0xEBDB32A2	/data/geometry/effects/chunks/plank_04.geo
0x0560F85D	/data/geometry/effects/chunks/platform_board_01.geo
0x29C47D8F	/data/geometry/effects/chunks/post_01.geo
0xCA95DD6F	/data/geometry/effects/chunks/pot_chunk_01.geo
0x4C01AFC1	/data/geometry/effects/chunks/pot_chunk_02.geo
0x875D7C64	/data/geometry/effects/chunks/pot_chunk_03.geo
0x9A584CDC	/data/geometry/effects/chunks/pot_chunk_04.geo
0x2E69E56D	/data/geometry/effects/chunks/rebar_01.geo
0x9128EF58	/data/geometry/effects/chunks/rock_01.geo
0xCDF5F44B	/data/geometry/effects/chunks/rottenrails_chunk_01.geo
0xE0841617	/data/geometry/effects/chunks/sconce_piece_01.geo
0x40B9B048	/data/geometry/effects/chunks/shelf_01.geo
0x90B6EA01	/data/geometry/effects/chunks/shelf_bar_01.geo
0xC21BCAE8	/data/geometry/effects/chunks/sign_sale_shard_01.geo
0x448FB846	/data/geometry/effects/chunks/sign_sale_shard_02.geo
0x8FD36BE3	/data/geometry/effects/chunks/sign_sale_shard_03.geo
0xB03765FF	/data/geometry/effects/chunks/splinter_01.geo
0xA42B552F	/data/geometry/effects/chunks/templechunk.geo
0xD037C59F	/data/geometry/effects/chunks/towels_01.geo
0xD832443C	/data/geometry/effects/chunks/trash_chickenleg_01.geo
0xDCC71B8C	/data/geometry/effects/chunks/trash_deadfish_01.geo
0xA62F5BA6	/data/geometry/effects/chunks/trash_milkcarton_01.geo
0x155CDA64	/data/geometry/effects/chunks/trash_sodacan_01.geo
0x0581D041	/data/geometry/effects/chunks/trashbag.geo
0xF705F90B	/data/geometry/effects/chunks/trashcan_01.geo
0x7B8DA2EA	/data/geometry/effects/chunks/warningbarrier_01.geo
0xFD19D044	/data/geometry/effects/chunks/warningbarrier_02.geo
0xEA7BF824	/data/geometry/effects/chunks/wheelbarrel.geo
0x45B7F938	/data/geometry/effects/chunks/wheelbarrel_part.geo
0x094B1D6B	/data/geometry/effects/chunks/wolvark_stool_01.geo
0x51111B9B	/data/geometry/effects/chunks/wood_dark_01.geo
0x260A1E8F	/data/geometry/effects/chunks/wood_dark_shard_01.geo
0xA09E6C21	/data/geometry/effects/chunks/wood_dark_shard_02.geo
0xD9171ABA	/data/geometry/effects/chunks/wood_debris_02.geo
0xD27D5029	/data/geometry/effects/chunks/wood_med_01.geo
0x6FB2F3E1	/data/geometry/effects/chunks/wood_splinter_01.geo
0x6892ECE3	/data/geometry/effects/cratecriiters/boombat.geo
0x8AAA2D84	/data/geometry/effects/cratecriiters/thudslug.geo
0xF4FD74B0	/data/geometry/effects/ground_debris/dirt_clod_01.geo
0x7269061E	/data/geometry/effects/ground_debris/dirt_clod_02.geo
0x4CEF4EF6	/data/geometry/effects/mudoken_pops.geo
0x89F16332	/data/geometry/effects/shotgun_tracer.geo
0x0796F3AE	/data/geometry/effects/web_chunks/web_chunk_01.geo
0x00BF8000	/data/geometry/mechanicals/activatordoor.geo
0x4D38BC6B	/data/geometry/mechanicals/activatordoor/close.gr2
0x00BF8000	/data/geometry/mechanicals/bridge_collapse_01.geo
0x60D1AD9E	/data/geometry/mechanicals/bridge_collapse_01/collapse_01.gr2
0x00BF8000	/data/geometry/mechanicals/chickentrailerdoor_01.geo
0x87E92531	/data/geometry/mechanicals/chickentrailerdoor_01/close.gr2
0x3AD6DFBE	/data/geometry/mechanicals/chickentrailerdoor_01/closed.gr2
0x779057B1	/data/geometry/mechanicals/chickentrailerdoor_01/open.gr2
0x7FCE827B	/data/geometry/mechanicals/chickentrailerdoor_01/opened.gr2
0x00447A00	/data/geometry/mechanicals/crane_rock_dropper_01.geo
0x3B62EAB4	/data/geometry/mechanicals/crane_rock_dropper_01/drop_01.gr2
0x41118687	/data/geometry/mechanicals/crane_rock_dropper_01/hold_01.gr2
0x61BCFE51	/data/geometry/mechanicals/crane_rock_dropper_01/open_01.gr2
0x68AA04C9	/data/geometry/mechanicals/crane_rock_dropper_01/reload_01.gr2
0x00447A00	/data/geometry/mechanicals/dam_door_01.geo
0xA6D23955	/data/geometry/mechanicals/dam_door_01/open.gr2
0x3AC2C115	/data/geometry/mechanicals/de_eugenedoor/open.gr2
0x087958B5	/data/geometry/mechanicals/door_metal_01/open.gr2
0x00BF8000	/data/geometry/mechanicals/falling_walkway_facility.geo
0x0B759F13	/data/geometry/mechanicals/falling_walkway_facility/activate.gr2
0x8A9850E3	/data/geometry/mechanicals/farmsecuritydoorsmech/closed.gr2
0x16571FB8	/data/geometry/mechanicals/farmsecuritydoorsmech/doorclose.gr2
0xAAAB8DE2	/data/geometry/mechanicals/farmsecuritydoorsmech/dooropen.gr2
0xCF800D26	/data/geometry/mechanicals/farmsecuritydoorsmech/opened.gr2
0x28E7118C	/data/geometry/mechanicals/jomomma_door/open.gr2
0x1D7BDF82	/data/geometry/mechanicals/native_door_01/close.gr2
0x295909AA	/data/geometry/mechanicals/native_door_01/closed.gr2
0xCD0B8BB1	/data/geometry/mechanicals/native_door_01/open.gr2
0x6C41546F	/data/geometry/mechanicals/native_door_01/opened.gr2
0x00BF8000	/data/geometry/mechanicals/outlaw_door_01.geo
0xED1F1033	/data/geometry/mechanicals/outlaw_door_01/close.gr2
0x95CFEE7F	/data/geometry/mechanicals/outlaw_door_01/closed.gr2
0xA6577E21	/data/geometry/mechanicals/outlaw_door_01/open.gr2
0xD0D7B3BA	/data/geometry/mechanicals/outlaw_door_01/opened.gr2
0x4CA67C13	/data/geometry/mechanicals/outlaw_gate_01/open.gr2
0xF37D4F1D	/data/geometry/mechanicals/outlaw_junk_bridge_01/down.gr2
0x00447A00	/data/geometry/mechanicals/outlaw_junk_bridge_02.geo
0xBD1019A1	/data/geometry/mechanicals/outlaw_junk_bridge_02/open.gr2
0x00447A00	/data/geometry/mechanicals/outlaw_mine_door_01.geo
0x04478735	/data/geometry/mechanicals/outlaw_mine_door_01/open.gr2
0x8D97DD88	/data/geometry/mechanicals/packratgate/open.gr2
0xC0786DDD	/data/geometry/mechanicals/packratlift/down.gr2
0x502A3C3D	/data/geometry/mechanicals/packratliftsmall/up.gr2
0x2B54FAFF	/data/geometry/mechanicals/packratrocketlaunch/activated.gr2
0x8CD4B7CA	/data/geometry/mechanicals/packratrocketlaunch/activating.gr2
0x3C45A706	/data/geometry/mechanicals/packratrocketlaunch/deactivated.gr2
0xD0917C91	/data/geometry/mechanicals/packratrocketlaunch/fire.gr2
0x00BF8000	/data/geometry/mechanicals/reg02_lev02_elev.geo
0xF91F6AFB	/data/geometry/mechanicals/reg02_lev02_elev/up.gr2
0x43DA6145	/data/geometry/mechanicals/slog_drain/close.gr2
0xCD1D6643	/data/geometry/mechanicals/slog_drain/closed.gr2
0xA64D1E9A	/data/geometry/mechanicals/slog_drain/open.gr2
0x88053B86	/data/geometry/mechanicals/slog_drain/opened.gr2
0x3A7E3962	/data/geometry/mechanicals/templeexitdoor/open.gr2
0x00BF8000	/data/geometry/mechanicals/town_door_02.geo
0x1770BB60	/data/geometry/mechanicals/town_door_02/close.gr2
0xBC02462D	/data/geometry/mechanicals/town_door_02/closed.gr2
0x28CF2F11	/data/geometry/mechanicals/town_door_02/open.gr2
0xF91A1BE8	/data/geometry/mechanicals/town_door_02/opened.gr2
0x00BF8000	/data/geometry/mechanicals/tutorial_escalator.geo
0xD8F79FF8	/data/geometry/mechanicals/tutorial_escalator/down.gr2
0x00BF8000	/data/geometry/mechanicals/tutorial_outlaw_door.geo
0x5D5C2B87	/data/geometry/mechanicals/tutorial_outlaw_door/open.gr2
0x00BF8000	/data/geometry/mechanicals/waterfacilitydoor.geo
0xBDE35EF0	/data/geometry/mechanicals/waterfacilitydoor/open.gr2
0x68BC873C	/data/geometry/weapons/glok_goo_cocoon.geo
0x567CCDFA	/data/geometry/weapons/npc/generic_bullet_01.geo
0x6B692ABA	/data/geometry/weapons/npc/outlawmortar.geo
0xF13F04B9	/data/geometry/weapons/npc/outlawshooter.geo
0x8118B40E	/data/geometry/weapons/npc/outlawthrowingknife.geo
0x6A270F5C	/data/geometry/weapons/npc/outlawturret.geo
0x6F65672E	/data/geometry/weapons/player/barearms/barearms.geo
0x66BC9C5F	/data/geometry/weapons/player/immobilize/bomberimmobilizecocoon.geo
0x95FBB271	/data/geometry/weapons/player/immobilize/bomberimmobilizecocoon_mouth.geo
0xD8375B12	/data/geometry/weapons/player/immobilize/minaimmobilizecocoon.geo
0xF6679292	/data/geometry/weapons/player/immobilize/mincimmobilizecocoon.geo
0xFBDCBB3C	/data/geometry/weapons/player/immobilize/mincimmobilizecocoon_mouth.geo
0x4FB5ABAC	/data/geometry/weapons/player/immobilize/nativeimmobilizecocoon.geo
0xF6691FF3	/data/geometry/weapons/player/immobilize/outlaw1immobilizecocoon.geo
0xBD5437C9	/data/geometry/weapons/player/immobilize/outlaw1immobilizecocoon_mouth.geo
0xCF11B2B3	/data/geometry/weapons/player/immobilize/outlaw2immobilizecocoon.geo
0xBF8A30EE	/data/geometry/weapons/player/immobilize/outlaw2immobilizecocoon_mouth.geo
0x6D4D9258	/data/geometry/weapons/player/immobilize/slegimmobilizecoocoon.geo
0xA67A241C	/data/geometry/weapons/player/immobilize/towsnfolkimmobilizecoocoon.geo
0x0D2B4EF6	/data/geometry/weapons/player/immobilize/towsnfolkimmobilizecoocoon_mouth.geo
0x00000003	/data/geometry/weapons/player/sendto/sndtobow.geo
0x4A51BAFE	/data/instances/boss_01_1/geometry/decorators/animated/slide_light_01.geo
0xB97EA326	/data/instances/boss_01_1/geometry/decorators/animated/vultures_01.geo
0x6CB8FD6B	/data/instances/boss_01_1/geometry/decorators/animateddestructibles/light_warning_01.geo
0xA510C10D	/data/instances/boss_01_1/geometry/decorators/civilized/capacitor_01.geo
0x5FD6B772	/data/instances/boss_01_1/geometry/decorators/civilized/concrete_base_01.geo
0x7EED10DA	/data/instances/boss_01_1/geometry/decorators/civilized/insulator_stand_02.geo
0xDD3219BD	/data/instances/boss_01_1/geometry/decorators/civilized/junk_box_01.geo
0x39FD08F1	/data/instances/boss_01_1/geometry/decorators/civilized/junk_pigbox_02.geo
0x746EBF53	/data/instances/boss_01_1/geometry/decorators/civilized/junk_pile_01.geo
0x9CC782ED	/data/instances/boss_01_1/geometry/decorators/civilized/junk_reefer_02.geo
0x23333463	/data/instances/boss_01_1/geometry/decorators/civilized/lampshade.geo
0x7B0B81FC	/data/instances/boss_01_1/geometry/decorators/civilized/power_cell_01.geo
0x2F5796F5	/data/instances/boss_01_1/geometry/decorators/civilized/power_line_wallmount_01.geo
0x229D3D13	/data/instances/boss_01_1/geometry/decorators/civilized/scaffolds_02.geo
0xE04D0C8B	/data/instances/boss_01_1/geometry/decorators/civilized/sewerlamp_01.geo
0xBC614849	/data/instances/boss_01_1/geometry/decorators/civilized/sewerlamp_hanging_01.geo
0xA45703F8	/data/instances/boss_01_1/geometry/decorators/destructible/destructible_crate03.geo
0x7E20CF1D	/data/instances/boss_01_1/geometry/decorators/destructible/light_round_orange.geo
0x5F6E6695	/data/instances/boss_01_1/geometry/decorators/destructible/mine_pick.geo
0xFE5DD1F5	/data/instances/boss_01_1/geometry/decorators/destructible/mine_shovel.geo
0xAC282CC3	/data/instances/boss_01_1/geometry/decorators/destructible/rottenrails_01.geo
0xC6920F1C	/data/instances/boss_01_1/geometry/decorators/destructible/sewerlamp_bulb_yellow_01.geo
0x86C9BA0F	/data/instances/boss_01_1/geometry/decorators/machinery/electric_cage_01.geo
0xB360D027	/data/instances/boss_01_1/geometry/decorators/misc/de_proxy_shotobj.geo
0x7C1FBB93	/data/instances/boss_01_1/geometry/decorators/trees/dead_trunk_01.geo
0xFA8BC93D	/data/instances/boss_01_1/geometry/decorators/trees/dead_trunk_02.geo
0x2CD22A20	/data/instances/boss_01_1/geometry/decorators/trees/dead_trunk_04.geo
0xBC607D45	/data/instances/boss_01_1/geometry/decorators/trees/savanna_tree_01.geo
0x5290814B	/data/instances/boss_01_1/geometry/mechanicals/outlaw_mine_door_01.geo
0x2E5FF5BA	/data/instances/native_02_1/geometry/decorators/animated/fly_01.geo
0x01934556	/data/instances/native_02_1/geometry/decorators/animated/ramp_native_lite.geo
0x10C24B76	/data/instances/native_02_1/geometry/decorators/civilized/bed_low_01.geo
0x872D83D9	/data/instances/native_02_1/geometry/decorators/civilized/birdbath_01.geo
0x7CD05D1B	/data/instances/native_02_1/geometry/decorators/civilized/butcherblock_01.geo
0x07944834	/data/instances/native_02_1/geometry/decorators/civilized/cabinets_low_02.geo
0xCCC89B91	/data/instances/native_02_1/geometry/decorators/civilized/cabinets_low_03.geo
0x511CC48B	/data/instances/native_02_1/geometry/decorators/civilized/couch.geo
0x3A71E585	/data/instances/native_02_1/geometry/decorators/civilized/dumpster.geo
0xDD59F404	/data/instances/native_02_1/geometry/decorators/civilized/file_cabinet_02.geo
0xDF3BB5DB	/data/instances/native_02_1/geometry/decorators/civilized/jumpable_metalcrate_01.geo
0x784A0AD9	/data/instances/native_02_1/geometry/decorators/civilized/lampshade.geo
0x06923C7D	/data/instances/native_02_1/geometry/decorators/civilized/mattress.geo
0x3694A90F	/data/instances/native_02_1/geometry/decorators/civilized/metal_sink_01.geo
0xB000DBA1	/data/instances/native_02_1/geometry/decorators/civilized/metal_sink_02.geo
0x1D74482F	/data/instances/native_02_1/geometry/decorators/civilized/native_altar_stand_01.geo
0x9EC39151	/data/instances/native_02_1/geometry/decorators/civilized/native_shelf_01.geo
0x7940447E	/data/instances/native_02_1/geometry/decorators/civilized/nestcouch_01.geo
0xB86AD50B	/data/instances/native_02_1/geometry/decorators/civilized/nonjumpable_crate_01.geo
0xEA18289C	/data/instances/native_02_1/geometry/decorators/civilized/oildrum.geo
0x95D8903B	/data/instances/native_02_1/geometry/decorators/civilized/pan_01.geo
0xF06DAF59	/data/instances/native_02_1/geometry/decorators/civilized/potbellystove_01.geo
0x8BC3F306	/data/instances/native_02_1/geometry/decorators/civilized/power_line_wallmount_01.geo
0xAE068A31	/data/instances/native_02_1/geometry/decorators/civilized/power_poll_02.geo
0x2106B968	/data/instances/native_02_1/geometry/decorators/civilized/sewerlamp_hanging_01.geo
0xD80E6984	/data/instances/native_02_1/geometry/decorators/civilized/sign_slog_warning.geo
0x34C5A92F	/data/instances/native_02_1/geometry/decorators/civilized/skillet_01.geo
0x77CB8AA3	/data/instances/native_02_1/geometry/decorators/civilized/transformer_01.geo
0x6BC4EF78	/data/instances/native_02_1/geometry/decorators/civilized/wheelbarrel_01.geo
0xF056F58A	/data/instances/native_02_1/geometry/decorators/civilized/white_airconditioner_01.geo
0xB5010A64	/data/instances/native_02_1/geometry/decorators/civilized/white_refrigerator_01.geo
0x339578CA	/data/instances/native_02_1/geometry/decorators/civilized/white_refrigerator_02.geo
0x2F97C073	/data/instances/native_02_1/geometry/decorators/civilized/white_stove_01.geo
0x0524745D	/data/instances/native_02_1/geometry/decorators/destructible/barrel_moolah.geo
0x8E03156C	/data/instances/native_02_1/geometry/decorators/destructible/destructible_barrel_01.geo
0x93D8C04E	/data/instances/native_02_1/geometry/decorators/destructible/destructible_boards_01.geo
0x154CB2E0	/data/instances/native_02_1/geometry/decorators/destructible/destructible_boards_02.geo
0xDE106145	/data/instances/native_02_1/geometry/decorators/destructible/destructible_boards_03.geo
0x34754D02	/data/instances/native_02_1/geometry/decorators/destructible/destructible_picketfence.geo
0xD3D32802	/data/instances/native_02_1/geometry/decorators/destructible/destructible_plank_05.geo
0xAAAAB9D2	/data/instances/native_02_1/geometry/decorators/destructible/destructible_woodenfence.geo
0xBB6FCC26	/data/instances/native_02_1/geometry/decorators/destructible/kitchenchair_01.geo
0x49FF01E2	/data/instances/native_02_1/geometry/decorators/destructible/lightbulbyellow.geo
0x1AB78F0C	/data/instances/native_02_1/geometry/decorators/destructible/native_lamp_01.geo
0x49C40A7A	/data/instances/native_02_1/geometry/decorators/destructible/native_planty_01.geo
0x3EADE812	/data/instances/native_02_1/geometry/decorators/destructible/native_pod_01.geo
0x926DAA63	/data/instances/native_02_1/geometry/decorators/destructible/native_pot_01.geo
0x14F9D8CD	/data/instances/native_02_1/geometry/decorators/destructible/native_pot_02.geo
0xDFA50B68	/data/instances/native_02_1/geometry/decorators/destructible/native_pot_03.geo
0xC2A03BD0	/data/instances/native_02_1/geometry/decorators/destructible/native_pot_04.geo
0x09FCE875	/data/instances/native_02_1/geometry/decorators/destructible/native_pot_05.geo
0x85ABC6AB	/data/instances/native_02_1/geometry/decorators/destructible/native_shelf_01.geo
0x28A4387B	/data/instances/native_02_1/geometry/decorators/destructible/native_shelves_01.geo
0xF58EC94D	/data/instances/native_02_1/geometry/decorators/destructible/native_wood_block_01.geo
0x4C044D55	/data/instances/native_02_1/geometry/decorators/destructible/native_zen_plant_01.geo
0xDA1D5C25	/data/instances/native_02_1/geometry/decorators/destructible/trashcan_01.geo
0xCE6494D1	/data/instances/native_02_1/geometry/decorators/native/fishingpole_cabinet.geo
0xDD4E6178	/data/instances/native_02_1/geometry/decorators/native/house_indoors.geo
0x364FE094	/data/instances/native_02_1/geometry/decorators/natural/sewersludge_01.geo
0x53F006B9	/data/instances/native_02_1/geometry/decorators/trees/cactus_tall_02.geo
0x4B0B7FF5	/data/instances/native_02_1/geometry/mechanicals/native_door_01.geo
0x0FA837FD	/data/instances/nav_01_1/geometry/decorators/activators/surge_trigger_final.geo
0x1E4049F0	/data/instances/nav_01_1/geometry/decorators/animated/bigredbutton.geo
0x88D3A142	/data/instances/nav_01_1/geometry/decorators/animated/fly_01.geo
0x8A67542C	/data/instances/nav_01_1/geometry/decorators/animated/pumpstation_02.geo
0x1F8942C1	/data/instances/nav_01_1/geometry/decorators/animated/town_maingate_01.geo
0x2664EA18	/data/instances/nav_01_1/geometry/decorators/civilized/door_backing.geo
0x042ABD80	/data/instances/nav_01_1/geometry/decorators/civilized/hanging_lampshade_01.geo
0xFEF3DE60	/data/instances/nav_01_1/geometry/decorators/civilized/hanging_worklight_01.geo
0x9EBD5D3F	/data/instances/nav_01_1/geometry/decorators/civilized/insulator_01.geo
0x2607480D	/data/instances/nav_01_1/geometry/decorators/civilized/lampshade.geo
0xE0DBC364	/data/instances/nav_01_1/geometry/decorators/civilized/power_line_wallmount_01.geo
0x63839B80	/data/instances/nav_01_1/geometry/decorators/civilized/power_poll_02.geo
0x7F264E41	/data/instances/nav_01_1/geometry/decorators/civilized/sewerlamp_hanging_01.geo
0xAB723A6E	/data/instances/nav_01_1/geometry/decorators/civilized/sign_direction_deadhen_01.geo
0xB6ABE672	/data/instances/nav_01_1/geometry/decorators/civilized/sign_direction_town_01.geo
0x1C64004E	/data/instances/nav_01_1/geometry/decorators/civilized/signpost_metal_01.geo
0xBB47037D	/data/instances/nav_01_1/geometry/decorators/civilized/small_bridge_01.geo
0x0BD52B6B	/data/instances/nav_01_1/geometry/decorators/civilized/small_bridge_broken_01.geo
0x635700C2	/data/instances/nav_01_1/geometry/decorators/destructible/destructible_barrel_01.geo
0x0CB8B0C3	/data/instances/nav_01_1/geometry/decorators/destructible/destructible_barrel_moolah01.geo
0x0D0E743F	/data/instances/nav_01_1/geometry/decorators/destructible/destructible_crate.geo
0x6BDB5669	/data/instances/nav_01_1/geometry/decorators/destructible/destructible_crate03.geo
0x5DD611B0	/data/instances/nav_01_1/geometry/decorators/destructible/destructible_crate_apples.geo
0x9048FEEE	/data/instances/nav_01_1/geometry/decorators/destructible/destructible_crate_moolah01.geo
0xFBD57612	/data/instances/nav_01_1/geometry/decorators/destructible/destructible_picketfence.geo
0xF6747050	/data/instances/nav_01_1/geometry/decorators/destructible/destructible_small_platform_01.geo
0xC241479E	/data/instances/nav_01_1/geometry/decorators/destructible/dynomite_02.geo
0x1F53436A	/data/instances/nav_01_1/geometry/decorators/destructible/picture_egg_01.geo
0x765F609C	/data/instances/nav_01_1/geometry/decorators/destructible/rf_barrel.geo
0x2264A624	/data/instances/nav_01_1/geometry/decorators/destructible/windowpane_quad_01.geo
0x70918C6E	/data/instances/nav_01_1/geometry/decorators/destructible/windowpane_single_01.geo
0x46D0E645	/data/instances/nav_01_1/geometry/decorators/destructible/wolvark_shelf_units_02.geo
0x8D8C35E0	/data/instances/nav_01_1/geometry/decorators/destructible/wolvark_shelf_units_03.geo
0x52278ACC	/data/instances/nav_01_1/geometry/decorators/destructible/wolvark_stool.geo
0x4B11D7CF	/data/instances/nav_01_1/geometry/decorators/explosive/barrel_explosive.geo
0x9255543C	/data/instances/nav_01_1/geometry/decorators/explosive/big_explode.geo
0x1AE9BEDF	/data/instances/nav_01_1/geometry/decorators/natural/sewersludge_01.geo
0x705C3C03	/data/instances/nav_01_1/geometry/decorators/trees/joshua_tree_01.geo
0x686859EE	/data/instances/nav_01_1/geometry/decorators/trees/savanna_tree_01.geo
0xAC6EC2E1	/data/instances/nav_01_1/geometry/mechanicals/crane_rock_dropper_01.geo
0x4B6A7F9C	/data/instances/nav_01_1/geometry/mechanicals/reg02_lev02_elev.geo
0x753D11FF	/data/instances/nav_01_1/geometry/mechanicals/town_door_02.geo
0x3EFD9335	/data/instances/nav_01_3/geometry/decorators/activators/surge_trigger_final.geo
0x11D1AEDF	/data/instances/nav_01_3/geometry/decorators/animated/fly_01.geo
0xAA9E9CFE	/data/instances/nav_01_3/geometry/decorators/animated/generator_01.geo
0xEE329338	/data/instances/nav_01_3/geometry/decorators/animated/mine_cart_elevator_01.geo
0x8D4F564D	/data/instances/nav_01_3/geometry/decorators/animated/pipe_walkway_01.geo
0xE3A5B27F	/data/instances/nav_01_3/geometry/decorators/civilized/door_backing.geo
0x7259E4AE	/data/instances/nav_01_3/geometry/decorators/civilized/junk_box_01.geo
0xC28D3C99	/data/instances/nav_01_3/geometry/decorators/civilized/junk_oven_02.geo
0x7D5A0488	/data/instances/nav_01_3/geometry/decorators/civilized/junk_pigbox_02.geo
0xD9947F2B	/data/instances/nav_01_3/geometry/decorators/civilized/lampshade.geo
0xB090AE23	/data/instances/nav_01_3/geometry/decorators/civilized/power_poll_02.geo
0x8DED49FD	/data/instances/nav_01_3/geometry/decorators/civilized/sign_direction_water_02.geo
0xDF2BCA83	/data/instances/nav_01_3/geometry/decorators/civilized/transformer_01.geo
0xD49C6607	/data/instances/nav_01_3/geometry/decorators/destructible/barrier_cobbled_02.geo
0x1FC0B5A2	/data/instances/nav_01_3/geometry/decorators/destructible/barrier_cobbled_03.geo
0xD411C663	/data/instances/nav_01_3/geometry/decorators/destructible/destructible_barrel_01.geo
0xC9CA1341	/data/instances/nav_01_3/geometry/decorators/destructible/destructible_boards_01.geo
0x4F5E61EF	/data/instances/nav_01_3/geometry/decorators/destructible/destructible_boards_02.geo
0xAA7BAE91	/data/instances/nav_01_3/geometry/decorators/destructible/destructible_lightbulb.geo
0x3ECE2B79	/data/instances/nav_01_3/geometry/decorators/destructible/destructible_picketfence.geo
0x10966534	/data/instances/nav_01_3/geometry/decorators/destructible/mine_box.geo
0x52DB6066	/data/instances/nav_01_3/geometry/decorators/destructible/mine_pick.geo
0xBAFADD8C	/data/instances/nav_01_3/geometry/decorators/destructible/mine_shovel.geo
0x0A7F0885	/data/instances/nav_01_3/geometry/decorators/destructible/pipe_walkway_support.geo
0xDB420799	/data/instances/nav_01_3/geometry/decorators/destructible/wheelbarrel_02.geo
0x2885655F	/data/instances/nav_01_3/geometry/decorators/destructible/wood_debris_01.geo
0xAE1117F1	/data/instances/nav_01_3/geometry/decorators/destructible/wood_debris_02.geo
0x1AD78608	/data/instances/nav_01_3/geometry/decorators/machinery/coaltower_01.geo
0xACEDB23A	/data/instances/nav_01_3/geometry/decorators/misc/dead_chicken_01.geo
0xA2AE2AC9	/data/instances/nav_01_3/geometry/decorators/trees/joshua_tree_01.geo
0x130B8056	/data/instances/nav_01_3/geometry/decorators/trees/savanna_tree_01.geo
0xF0C53330	/data/instances/nav_01_3/geometry/mechanicals/town_door_02.geo
0x496265A2	/data/instances/nav_02_1/geometry/decorators/animated/bigredbutton.geo
0xB3A62ED5	/data/instances/nav_02_1/geometry/decorators/animated/death_fan_01.geo
0x703F9B4A	/data/instances/nav_02_1/geometry/decorators/animated/fly_02.geo
0x4578EFBC	/data/instances/nav_02_1/geometry/decorators/animated/lantern_sewer_01.geo
0x2B6DDDF2	/data/instances/nav_02_1/geometry/decorators/animated/waterwheel_02.geo
0xCF10C1A3	/data/instances/nav_02_1/geometry/decorators/animateddestructibles/light_warning_01.geo
0x0465F1ED	/data/instances/nav_02_1/geometry/decorators/civilized/bulletin_board_02.geo
0x0FC24C4D	/data/instances/nav_02_1/geometry/decorators/civilized/cargo_container_04.geo
0x98BF4061	/data/instances/nav_02_1/geometry/decorators/civilized/crate_med_lowrez_01.geo
0x730433ED	/data/instances/nav_02_1/geometry/decorators/civilized/crate_small_lowrez_01.geo
0x1B8F4FCB	/data/instances/nav_02_1/geometry/decorators/civilized/insulator_01.geo
0x3BA9CF38	/data/instances/nav_02_1/geometry/decorators/civilized/lantern_flicker_01.geo
0x598EDF39	/data/instances/nav_02_1/geometry/decorators/civilized/lantern_hanging_01.geo
0xDCABF0B6	/data/instances/nav_02_1/geometry/decorators/civilized/lantern_sconce_01.geo
0x6FE6B4E1	/data/instances/nav_02_1/geometry/decorators/civilized/perforated_catwalk.geo
0xDA12B393	/data/instances/nav_02_1/geometry/decorators/civilized/plank_fallen_02.geo
0xF3C147FC	/data/instances/nav_02_1/geometry/decorators/civilized/plume_01.geo
0xF2562F44	/data/instances/nav_02_1/geometry/decorators/civilized/power_lines_01.geo
0x07BC3C10	/data/instances/nav_02_1/geometry/decorators/civilized/rope_marker_02.geo
0x981E9190	/data/instances/nav_02_1/geometry/decorators/civilized/rug_01.geo
0xE44CF0FE	/data/instances/nav_02_1/geometry/decorators/civilized/sign_controlbooth.geo
0xD4C96AD2	/data/instances/nav_02_1/geometry/decorators/civilized/sign_gone_to_town.geo
0x3B13442C	/data/instances/nav_02_1/geometry/decorators/civilized/sign_slog_warning.geo
0xE5CD1D3F	/data/instances/nav_02_1/geometry/decorators/civilized/stone_baseboard_01.geo
0xE7EF4EB5	/data/instances/nav_02_1/geometry/decorators/civilized/stone_baseboard_sm_02.geo
0x881F1D16	/data/instances/nav_02_1/geometry/decorators/civilized/stone_bricks_01.geo
0x0B683A59	/data/instances/nav_02_1/geometry/decorators/destructible/barrel_moolah.geo
0xE8E19B48	/data/instances/nav_02_1/geometry/decorators/destructible/barrier_cobbled.geo
0x86BD2CE9	/data/instances/nav_02_1/geometry/decorators/destructible/cardboard_box_01.geo
0x00295E47	/data/instances/nav_02_1/geometry/decorators/destructible/cardboard_box_02.geo
0x65B57F37	/data/instances/nav_02_1/geometry/decorators/destructible/de_crate_tall.geo
0x890BE1EF	/data/instances/nav_02_1/geometry/decorators/destructible/destructible_crate.geo
0x1252D8CE	/data/instances/nav_02_1/geometry/decorators/destructible/fence_wood_arc_01.geo
0x3E5ADC24	/data/instances/nav_02_1/geometry/decorators/destructible/lantern_flicker_01.geo
0x2FCDE79C	/data/instances/nav_02_1/geometry/decorators/destructible/light_warehouse_01.geo
0x8E919773	/data/instances/nav_02_1/geometry/decorators/destructible/lightbulbgreen.geo
0x12282AF5	/data/instances/nav_02_1/geometry/decorators/destructible/mine_pick.geo
0x769FEC28	/data/instances/nav_02_1/geometry/decorators/destructible/mine_shovel.geo
0x5349FE72	/data/instances/nav_02_1/geometry/decorators/destructible/rottenrails_01.geo
0xD5DD8CDC	/data/instances/nav_02_1/geometry/decorators/destructible/rottenrails_02.geo
0x1E815F79	/data/instances/nav_02_1/geometry/decorators/destructible/rottenrails_03.geo
0xCA266E71	/data/instances/nav_02_1/geometry/decorators/destructible/trapdoor_break.geo
0x22363A2C	/data/instances/nav_02_1/geometry/decorators/destructible/warning_woodenbarrier.geo
0x0CFE96BB	/data/instances/nav_02_1/geometry/decorators/destructible/wolvark_shelf_units_02.geo
0xC7A2451E	/data/instances/nav_02_1/geometry/decorators/destructible/wolvark_shelf_units_03.geo
0x34235FFC	/data/instances/nav_02_1/geometry/decorators/destructible/wolvark_stool.geo
0x2D1502FF	/data/instances/nav_02_1/geometry/decorators/explosive/barrel_explosive.geo
0xF8B2D95A	/data/instances/nav_02_1/geometry/decorators/explosive/de_explosive_effectonly_dirt.geo
0xE4B7FE59	/data/instances/nav_02_1/geometry/decorators/explosive/de_explosive_visibleeffectonly.geo
0xB7D1FF25	/data/instances/nav_02_1/geometry/decorators/explosive/de_triplebarrel_explosive.geo
0xCE28E024	/data/instances/nav_02_1/geometry/decorators/fx/sewer_ray_02.geo
0x49B6DCD7	/data/instances/nav_02_1/geometry/decorators/misc/proxy_trapdoorbreakgeo.geo
0x9FDBAC2B	/data/instances/nav_02_1/geometry/decorators/natural/sewersludge_01.geo
0xA742BC56	/data/instances/nav_02_1/geometry/mechanicals/slog_drain.geo
0x6FA9E679	/data/instances/nav_02_3/geometry/decorators/animated/fly_01.geo
0xFE768007	/data/instances/nav_02_3/geometry/decorators/civilized/dumpster.geo
0xDE4E17AC	/data/instances/nav_02_3/geometry/decorators/civilized/insulator_01.geo
0x88FF0BA0	/data/instances/nav_02_3/geometry/decorators/civilized/jumpable_metalcrate_01.geo
0x241DF128	/data/instances/nav_02_3/geometry/decorators/civilized/junk_debris_01.geo
0xA2898386	/data/instances/nav_02_3/geometry/decorators/civilized/junk_debris_02.geo
0x7FAEA918	/data/instances/nav_02_3/geometry/decorators/civilized/lantern_flicker_01.geo
0x92AAD20C	/data/instances/nav_02_3/geometry/decorators/civilized/power_box_01.geo
0x16397C66	/data/instances/nav_02_3/geometry/decorators/civilized/rug_01.geo
0x1DA9E13D	/data/instances/nav_02_3/geometry/decorators/civilized/wall_alarm.geo
0x9E3FB69D	/data/instances/nav_02_3/geometry/decorators/destructible/destructible_barrel_01.geo
0x2D69C83A	/data/instances/nav_02_3/geometry/decorators/destructible/destructible_barrel_moolah01.geo
0x0BC41AF4	/data/instances/nav_02_3/geometry/decorators/destructible/destructible_crate_corn.geo
0xF5C4B2DA	/data/instances/nav_02_3/geometry/decorators/destructible/destructible_crate_moolah01.geo
0x64985248	/data/instances/nav_02_3/geometry/decorators/destructible/garden_hoe_01.geo
0x9E9B1E04	/data/instances/nav_02_3/geometry/decorators/destructible/garden_rake_01.geo
0x2794CD7D	/data/instances/nav_02_3/geometry/decorators/destructible/garden_sign_01.geo
0xA100BFD3	/data/instances/nav_02_3/geometry/decorators/destructible/garden_sign_02.geo
0xF9134C3A	/data/instances/nav_02_3/geometry/decorators/destructible/garden_wateringcan_01.geo
0x39930D4F	/data/instances/nav_02_3/geometry/decorators/destructible/mine_shovel.geo
0xECEACDE9	/data/instances/nav_02_3/geometry/decorators/destructible/wheelbarrel.geo
0x369D81A6	/data/instances/nav_02_3/geometry/decorators/machinery/junk_big_06.geo
0xFDC15203	/data/instances/nav_02_3/geometry/decorators/machinery/junk_big_07.geo
0x1298E931	/data/instances/nav_02_3/geometry/decorators/machinery/junkyard_battery_01.geo
0xD9170CB7	/data/instances/nav_02_3/geometry/decorators/machinery/piston_machine_01.geo
0xDD7BF52B	/data/instances/nav_02_3/geometry/decorators/nonfadeabledebris/tractor_shovel_01.geo
0x99736158	/data/instances/nav_02_3/geometry/decorators/trees/cactus_tall_01.geo
0xE8F57EA3	/data/instances/nav_02_3/geometry/mechanicals/outlaw_gate_01.geo
0x7138A976	/data/instances/nav_02_3/geometry/mechanicals/packratrocketlaunch.geo
0x167C1B26	/data/instances/outlaw_01_1/geometry/decorators/animated/bigredbutton.geo
0x7CCB6A62	/data/instances/outlaw_01_1/geometry/decorators/animated/bigredbutton_npc.geo
0x34F78A67	/data/instances/outlaw_01_1/geometry/decorators/animated/chickentrailerdoor_animobj_01.geo
0xA69F86D9	/data/instances/outlaw_01_1/geometry/decorators/animated/cin_plunger.geo
0x42B40F29	/data/instances/outlaw_01_1/geometry/decorators/animated/cin_wagon_train.geo
0x4393E331	/data/instances/outlaw_01_1/geometry/decorators/animated/fly_01.geo
0xD017BF96	/data/instances/outlaw_01_1/geometry/decorators/animated/rock_slide_01.geo
0x7998223C	/data/instances/outlaw_01_1/geometry/decorators/civilized/chickencab.geo
0x019D13EA	/data/instances/outlaw_01_1/geometry/decorators/civilized/chickentrailer.geo
0x3CC31D25	/data/instances/outlaw_01_1/geometry/decorators/civilized/de_fallenbridgedebris.geo
0x480F0606	/data/instances/outlaw_01_1/geometry/decorators/civilized/explosive_plunger_01.geo
0x65A90B97	/data/instances/outlaw_01_1/geometry/decorators/civilized/hanging_lampshade_01.geo
0x9F706877	/data/instances/outlaw_01_1/geometry/decorators/civilized/hanging_worklight_01.geo
0x082C76FE	/data/instances/outlaw_01_1/geometry/decorators/civilized/insulator_01.geo
0x9F25E003	/data/instances/outlaw_01_1/geometry/decorators/civilized/jumpable_metalcrate_01.geo
0x2E1EAD05	/data/instances/outlaw_01_1/geometry/decorators/civilized/outlaw_spawn_cave_01.geo
0x038BB7B5	/data/instances/outlaw_01_1/geometry/decorators/civilized/power_line_wallmount_01.geo
0x1EA5F856	/data/instances/outlaw_01_1/geometry/decorators/civilized/sewerlamp_hanging_01.geo
0xCCB99787	/data/instances/outlaw_01_1/geometry/decorators/damageanim/cin_outlaw1_1_platform.geo
0x6E49721F	/data/instances/outlaw_01_1/geometry/decorators/destructible/barrel_moolah.geo
0x877261F8	/data/instances/outlaw_01_1/geometry/decorators/destructible/cin_wagontrain.geo
0x173075B0	/data/instances/outlaw_01_1/geometry/decorators/destructible/de_railing_npcdamageable.geo
0x305AE5D6	/data/instances/outlaw_01_1/geometry/decorators/destructible/destructible_barrel_01.geo
0xE8D94FE8	/data/instances/outlaw_01_1/geometry/decorators/destructible/destructible_crate.geo
0x7745B208	/data/instances/outlaw_01_1/geometry/decorators/destructible/destructible_crate_apples.geo
0xBFF8C8C1	/data/instances/outlaw_01_1/geometry/decorators/destructible/destructible_crate_corn.geo
0xBFA4FE24	/data/instances/outlaw_01_1/geometry/decorators/destructible/destructible_crate_drygoods.geo
0xED77A690	/data/instances/outlaw_01_1/geometry/decorators/destructible/mine_box_03.geo
0x018B13C0	/data/instances/outlaw_01_1/geometry/decorators/destructible/mine_pick.geo
0xF319D2E9	/data/instances/outlaw_01_1/geometry/decorators/destructible/mine_shovel.geo
0xC7B39DF3	/data/instances/outlaw_01_1/geometry/decorators/destructible/windowpane_quad_01.geo
0x93C1F8BF	/data/instances/outlaw_01_1/geometry/decorators/destructible/windowpane_single_01.geo
0x8C78951E	/data/instances/outlaw_01_1/geometry/decorators/natural/sewersludge_01.geo
0x5F82BBFC	/data/instances/outlaw_01_1/geometry/decorators/trees/joshua_tree_01.geo
0x60540B38	/data/instances/outlaw_01_1/geometry/decorators/trees/savanna_tree_01.geo
0x441171A3	/data/instances/outlaw_01_1/geometry/mechanicals/bridge_collapse_01.geo
0x00BF97E6	/data/instances/outlaw_01_1/geometry/mechanicals/chickentrailerdoor_01.geo
0xF6C8D7BA	/data/instances/outlaw_01_1/geometry/mechanicals/outlaw_door_01.geo
0x57531E6C	/data/instances/outlaw_01_1/geometry/mechanicals/outlaw_mine_door_01.geo
0x5F7E2522	/data/instances/outlaw_01_3/geometry/decorators/activators/surge_trigger_final.geo
0x97DB89E9	/data/instances/outlaw_01_3/geometry/decorators/animated/death_fan_01.geo
0xDEEA8BE3	/data/instances/outlaw_01_3/geometry/decorators/animated/falling_support_01.geo
0xCDED2E99	/data/instances/outlaw_01_3/geometry/decorators/civilized/insulator_01.geo
0x7A65B678	/data/instances/outlaw_01_3/geometry/decorators/civilized/junk_box_01.geo
0x7BB5EA8A	/data/instances/outlaw_01_3/geometry/decorators/civilized/junk_pigbox_02.geo
0xEF4A9261	/data/instances/outlaw_01_3/geometry/decorators/civilized/junk_pile_01.geo
0xDE8F6096	/data/instances/outlaw_01_3/geometry/decorators/civilized/junk_reefer_02.geo
0xF16656A0	/data/instances/outlaw_01_3/geometry/decorators/civilized/lampshade.geo
0x2FF05C9E	/data/instances/outlaw_01_3/geometry/decorators/civilized/sewerlamp_hanging_01.geo
0xC65D39E7	/data/instances/outlaw_01_3/geometry/decorators/destructible/destructible_crate03.geo
0x364FDE4D	/data/instances/outlaw_01_3/geometry/decorators/destructible/destructible_pole_01.geo
0x1BDC8523	/data/instances/outlaw_01_3/geometry/decorators/destructible/destructible_railing_01_large.geo
0x1655DC95	/data/instances/outlaw_01_3/geometry/decorators/destructible/destructible_railing_01_med.geo
0xBA3C1AD0	/data/instances/outlaw_01_3/geometry/decorators/destructible/light_round_orange.geo
0xC44A4BA7	/data/instances/outlaw_01_3/geometry/decorators/destructible/mine_pick.geo
0xBC15338E	/data/instances/outlaw_01_3/geometry/decorators/destructible/mine_shovel.geo
0x2BA6CD0C	/data/instances/outlaw_01_3/geometry/decorators/destructible/rottenrails_01.geo
0x8E0BA74C	/data/instances/outlaw_01_3/geometry/decorators/destructible/wolvark_highfence.geo
0x528740F3	/data/instances/outlaw_01_3/geometry/decorators/destructible/wolvark_medfence.geo
0xAE4AD950	/data/instances/outlaw_01_3/geometry/decorators/trees/dead_trunk_01.geo
0x28DEABFE	/data/instances/outlaw_01_3/geometry/decorators/trees/dead_trunk_02.geo
0xFE8748E3	/data/instances/outlaw_01_3/geometry/decorators/trees/dead_trunk_04.geo
0x8D70AD36	/data/instances/outlaw_01_3/geometry/decorators/trees/joshua_tree_01.geo
0x1B37D280	/data/instances/outlaw_01_3/geometry/decorators/trees/savanna_tree_01.geo
0xD4850EE8	/data/instances/outlaw_01_3/geometry/mechanicals/falling_walkway_facility.geo
0x85A108A6	/data/instances/outlaw_01_3/geometry/mechanicals/outlaw_mine_door_01.geo
0x99E96A72	/data/instances/outlaw_01_3/geometry/mechanicals/waterfacilitydoor.geo
0xD5FF8FF9	/data/instances/outlaw_02_1/geometry/decorators/activators/surge_trigger_final.geo
0x415E3774	/data/instances/outlaw_02_1/geometry/decorators/animated/bigredbutton.geo
0x00A0EF0D	/data/instances/outlaw_02_1/geometry/decorators/animated/cinpacratlift.geo
0x4F9AF92F	/data/instances/outlaw_02_1/geometry/decorators/animated/de_proxy_bone.geo
0x3DEBAB97	/data/instances/outlaw_02_1/geometry/decorators/animated/fly_01.geo
0x8EE33BC2	/data/instances/outlaw_02_1/geometry/decorators/animated/generator_01.geo
0x02FBAE93	/data/instances/outlaw_02_1/geometry/decorators/animated/laptop.geo
0x41E50E61	/data/instances/outlaw_02_1/geometry/decorators/animated/packratrocketlaunch_moving.geo
0x238BE46F	/data/instances/outlaw_02_1/geometry/decorators/civilized/de_forcefield_blockerproxy.geo
0xF6BEBFB0	/data/instances/outlaw_02_1/geometry/decorators/civilized/de_forcefield_blockerproxy_interior.geo
0x3D481E10	/data/instances/outlaw_02_1/geometry/decorators/civilized/de_redlight_bulb.geo
0xB0F6FC80	/data/instances/outlaw_02_1/geometry/decorators/civilized/de_redlight_housing.geo
0x8D1E640A	/data/instances/outlaw_02_1/geometry/decorators/civilized/insulator_01.geo
0x19723742	/data/instances/outlaw_02_1/geometry/decorators/civilized/jumpable_metalcrate_01.geo
0x56244392	/data/instances/outlaw_02_1/geometry/decorators/civilized/junk_box_01.geo
0xD0B0313C	/data/instances/outlaw_02_1/geometry/decorators/civilized/junk_box_02.geo
0x1BECE299	/data/instances/outlaw_02_1/geometry/decorators/civilized/junk_box_03.geo
0x6DFEFE4D	/data/instances/outlaw_02_1/geometry/decorators/civilized/junk_debris_01.geo
0x4EFB55C2	/data/instances/outlaw_02_1/geometry/decorators/civilized/junk_duct_01.geo
0x927B2F65	/data/instances/outlaw_02_1/geometry/decorators/civilized/junk_oven_01.geo
0x14EF5DCB	/data/instances/outlaw_02_1/geometry/decorators/civilized/junk_oven_02.geo
0x3144A980	/data/instances/outlaw_02_1/geometry/decorators/civilized/junk_pigbox_01.geo
0xB7D0DB2E	/data/instances/outlaw_02_1/geometry/decorators/civilized/junk_pigbox_02.geo
0xAFB9D8F2	/data/instances/outlaw_02_1/geometry/decorators/civilized/junk_pile_01.geo
0x292DAA5C	/data/instances/outlaw_02_1/geometry/decorators/civilized/junk_pile_02.geo
0x947E239C	/data/instances/outlaw_02_1/geometry/decorators/civilized/junk_reefer_01.geo
0x12EA5132	/data/instances/outlaw_02_1/geometry/decorators/civilized/junk_reefer_02.geo
0x46E11D34	/data/instances/outlaw_02_1/geometry/decorators/civilized/oildrum.geo
0x3F90638E	/data/instances/outlaw_02_1/geometry/decorators/civilized/outlaw_spawn_cave_small.geo
0x02D69164	/data/instances/outlaw_02_1/geometry/decorators/civilized/power_line_wallmount_01.geo
0xA571F645	/data/instances/outlaw_02_1/geometry/decorators/civilized/sewerlamp_hanging_01.geo
0x084DA72F	/data/instances/outlaw_02_1/geometry/decorators/destructible/barrel_moolah.geo
0x26792708	/data/instances/outlaw_02_1/geometry/decorators/destructible/barrier_cobbled_no_sign.geo
0x56DCDA8C	/data/instances/outlaw_02_1/geometry/decorators/destructible/board_01.geo
0xF7C90111	/data/instances/outlaw_02_1/geometry/decorators/destructible/crate_sekto_01.geo
0x7A749528	/data/instances/outlaw_02_1/geometry/decorators/destructible/destructible_barrel_01.geo
0x67AF400A	/data/instances/outlaw_02_1/geometry/decorators/destructible/destructible_boards_01.geo
0xE13B32A4	/data/instances/outlaw_02_1/geometry/decorators/destructible/destructible_boards_02.geo
0x2A67E101	/data/instances/outlaw_02_1/geometry/decorators/destructible/destructible_boards_03.geo
0x6CDCDA38	/data/instances/outlaw_02_1/geometry/decorators/destructible/destructible_crate.geo
0x5796D63B	/data/instances/outlaw_02_1/geometry/decorators/destructible/destructible_railing_01.geo
0x8EF20C2D	/data/instances/outlaw_02_1/geometry/decorators/destructible/fence_junkyard_01.geo
0x65FC59A9	/data/instances/outlaw_02_1/geometry/decorators/destructible/rf_barrel.geo
0x53C1CEFB	/data/instances/outlaw_02_1/geometry/decorators/destructible/sign_oldposter_01.geo
0xD555BC55	/data/instances/outlaw_02_1/geometry/decorators/destructible/sign_oldposter_02.geo
0x1E096FF0	/data/instances/outlaw_02_1/geometry/decorators/destructible/sign_oldposter_03.geo
0x2E309F89	/data/instances/outlaw_02_1/geometry/decorators/explosive/barrel_explosive.geo
0x7BF920D7	/data/instances/outlaw_02_1/geometry/decorators/machinery/compressor_01.geo
0x58C73A70	/data/instances/outlaw_02_1/geometry/decorators/machinery/junk_big_01.geo
0xDE5348DE	/data/instances/outlaw_02_1/geometry/decorators/machinery/junk_big_02.geo
0x150F9B7B	/data/instances/outlaw_02_1/geometry/decorators/machinery/junk_big_03.geo
0x080AABC3	/data/instances/outlaw_02_1/geometry/decorators/machinery/junk_big_04.geo
0xC3567866	/data/instances/outlaw_02_1/geometry/decorators/machinery/junk_big_05.geo
0x45C20AC8	/data/instances/outlaw_02_1/geometry/decorators/machinery/junk_big_06.geo
0x8E9ED96D	/data/instances/outlaw_02_1/geometry/decorators/machinery/junk_big_07.geo
0x7FC86BB8	/data/instances/outlaw_02_1/geometry/decorators/machinery/junk_big_08.geo
0x0C57ED91	/data/instances/outlaw_02_1/geometry/decorators/machinery/junk_big_massive.geo
0x911389EB	/data/instances/outlaw_02_1/geometry/decorators/machinery/junk_mech_07.geo
0xE13D6142	/data/instances/outlaw_02_1/geometry/decorators/machinery/junk_mech_11.geo
0x0D6EE32F	/data/instances/outlaw_02_1/geometry/decorators/machinery/junk_mech_19.geo
0x29DD1D47	/data/instances/outlaw_02_1/geometry/decorators/misc/de_packratelevator_npccollide.geo
0x38768A08	/data/instances/outlaw_02_1/geometry/decorators/misc/de_proxy_shotobj.geo
0xD9FBD7F0	/data/instances/outlaw_02_1/geometry/decorators/misc/proxy_navcollidegeo.geo
0x2A6386EC	/data/instances/outlaw_02_1/geometry/decorators/misc/proxygeo.geo
0x094A87EA	/data/instances/outlaw_02_1/geometry/decorators/natural/sewersludge_01.geo
0xE2CB82C3	/data/instances/outlaw_02_1/geometry/decorators/trees/cactus_tall_02.geo
0xD139CE6E	/data/instances/outlaw_02_1/geometry/mechanicals/activatordoor.geo
0xBAB7334D	/data/instances/outlaw_02_1/geometry/mechanicals/outlaw_gate_01.geo
0x2FD4D803	/data/instances/outlaw_02_1/geometry/mechanicals/outlaw_junk_bridge_01.geo
0xF3486E78	/data/instances/outlaw_02_1/geometry/mechanicals/packrat_shieldsphere.geo
0x918AA971	/data/instances/outlaw_02_1/geometry/mechanicals/packratgate.geo
0xF8F170C0	/data/instances/outlaw_02_1/geometry/mechanicals/packratlift.geo
0xC18432A0	/data/instances/outlaw_02_1/geometry/mechanicals/packratliftsmall.geo
0x8C143843	/data/instances/outlaw_02_1/geometry/mechanicals/packratrocketlaunch.geo
0xFC00F955	/data/instances/outlaw_02_2/geometry/decorators/activators/surge_trigger_final.geo
0x078C0210	/data/instances/outlaw_02_2/geometry/decorators/animated/bigredbutton.geo
0x05038E5B	/data/instances/outlaw_02_2/geometry/decorators/animated/de_proxy_bone.geo
0x05D020E4	/data/instances/outlaw_02_2/geometry/decorators/animated/fly_01.geo
0xF0DCD967	/data/instances/outlaw_02_2/geometry/decorators/animated/jomom_elevator.geo
0xD794C850	/data/instances/outlaw_02_2/geometry/decorators/animateddestructibles/ammocrate_armadillo.geo
0xA9C52627	/data/instances/outlaw_02_2/geometry/decorators/animateddestructibles/ammocrate_boombat.geo
0x8D1F012B	/data/instances/outlaw_02_2/geometry/decorators/animateddestructibles/ammocrate_spider.geo
0xC787137E	/data/instances/outlaw_02_2/geometry/decorators/civilized/insulator_01.geo
0xBC35D5BA	/data/instances/outlaw_02_2/geometry/decorators/civilized/outlaw_spawn_cave_01.geo
0x86D304B4	/data/instances/outlaw_02_2/geometry/decorators/civilized/power_line_wallmount_01.geo
0x8C8E80E9	/data/instances/outlaw_02_2/geometry/decorators/civilized/sewerlamp_hanging_01.geo
0x3F51F625	/data/instances/outlaw_02_2/geometry/decorators/civilized/stone_bricks_01.geo
0xC6430231	/data/instances/outlaw_02_2/geometry/decorators/damageanim/crane_jomomma_damage.geo
0xFE70AD36	/data/instances/outlaw_02_2/geometry/decorators/destructible/barrier_cobbled_small_01.geo
0x100EEFE8	/data/instances/outlaw_02_2/geometry/decorators/destructible/board_01.geo
0x43D7A308	/data/instances/outlaw_02_2/geometry/decorators/destructible/cardboard_box_02.geo
0x888B70AD	/data/instances/outlaw_02_2/geometry/decorators/destructible/cardboard_box_03.geo
0x7B29B3F9	/data/instances/outlaw_02_2/geometry/decorators/destructible/destructible_barrel_01.geo
0xB395CA8D	/data/instances/outlaw_02_2/geometry/decorators/destructible/destructible_crate.geo
0xCE207640	/data/instances/outlaw_02_2/geometry/decorators/destructible/mine_pick.geo
0x853D6390	/data/instances/outlaw_02_2/geometry/decorators/destructible/monitor_03.geo
0x98385328	/data/instances/outlaw_02_2/geometry/decorators/destructible/monitor_04.geo
0x5364808D	/data/instances/outlaw_02_2/geometry/decorators/destructible/monitor_05.geo
0xAA6ABA90	/data/instances/outlaw_02_2/geometry/decorators/destructible/warning_barrier_01.geo
0xFFB7C4A5	/data/instances/outlaw_02_2/geometry/decorators/destructible/window_shipwreck_01.geo
0xAD594F4A	/data/instances/outlaw_02_2/geometry/decorators/explosive/barrel_explosive.geo
0xC2869CF6	/data/instances/outlaw_02_2/geometry/decorators/machinery/engine_01.geo
0xA6703754	/data/instances/outlaw_02_2/geometry/decorators/machinery/vehicle_crane_01.geo
0x0F8D1272	/data/instances/outlaw_02_2/geometry/decorators/machinery/vehicle_train_01.geo
0x43D3F09E	/data/instances/outlaw_02_2/geometry/decorators/natural/sewersludge_01.geo
0x8FA6607E	/data/instances/outlaw_02_2/geometry/decorators/nonfadeabledebris/junkyard_rope_01.geo
0x4683F02E	/data/instances/outlaw_02_2/geometry/decorators/nonfadeabledebris/wheel_cog_01.geo
0xDFD4EDC2	/data/instances/outlaw_02_2/geometry/decorators/trees/cactus_tall_01.geo
0xF78400B8	/data/instances/outlaw_02_2/geometry/decorators/trees/canopy_tree_01.geo
0xC113445C	/data/instances/outlaw_02_2/geometry/mechanicals/dam_door_01.geo
0x878304FF	/data/instances/outlaw_02_2/geometry/mechanicals/jomomma_door.geo
0xB08B146F	/data/instances/outlaw_02_2/geometry/mechanicals/outlaw_door_01.geo
0x48DF3C6D	/data/instances/outlaw_02_3/geometry/decorators/civilized/insulator_01.geo
0x4C008A3B	/data/instances/outlaw_02_3/geometry/decorators/civilized/power_line_wallmount_01.geo
0xAF5AAAC5	/data/instances/outlaw_02_3/geometry/decorators/destructible/opple_crate_01.geo
0xBD7EF258	/data/instances/outlaw_02_3/geometry/decorators/fx/burnt_wood_01.geo
0xC9AA42B1	/data/instances/outlaw_02_3/geometry/decorators/misc/dead_chicken_01.geo
0x3B3890D1	/data/instances/outlaw_02_3/geometry/mechanicals/farmsecuritydoorsmech.geo
0xFBEAD11D	/data/instances/outlaw_02_4/geometry/decorators/animated/cin_plunger.geo
0x518F0068	/data/instances/outlaw_02_4/geometry/decorators/animated/steef_statue.geo
0x52689EDD	/data/instances/outlaw_02_4/geometry/decorators/animateddestructibles/ammocrate_armadillo.geo
0xE52766F6	/data/instances/outlaw_02_4/geometry/decorators/civilized/blue_nonjumpable_crate_01.geo
0xA28DB4D5	/data/instances/outlaw_02_4/geometry/decorators/civilized/dumpster.geo
0xC32FBB15	/data/instances/outlaw_02_4/geometry/decorators/civilized/hangin_work_lamp_01.geo
0x0E7F2336	/data/instances/outlaw_02_4/geometry/decorators/civilized/jumpable_metalcrate_01.geo
0x461C01D2	/data/instances/outlaw_02_4/geometry/decorators/civilized/nonjumpable_crate_01.geo
0xF53FFCD5	/data/instances/outlaw_02_4/geometry/decorators/civilized/power_line_wall_cheap_01.geo
0x55A92955	/data/instances/outlaw_02_4/geometry/decorators/civilized/power_line_wallmount_01.geo
0x871DC265	/data/instances/outlaw_02_4/geometry/decorators/civilized/power_pole_03.geo
0xE431F2B6	/data/instances/outlaw_02_4/geometry/decorators/civilized/sewerlamp_01.geo
0xDF706DB1	/data/instances/outlaw_02_4/geometry/decorators/civilized/sewerlamp_hanging_01.geo
0x996D4102	/data/instances/outlaw_02_4/geometry/decorators/civilized/tractor_01.geo
0xD0FA7886	/data/instances/outlaw_02_4/geometry/decorators/destructible/barrier_cobbled.geo
0x9DAA8520	/data/instances/outlaw_02_4/geometry/decorators/destructible/board_01.geo
0xD81F7411	/data/instances/outlaw_02_4/geometry/decorators/destructible/cactus_01.geo
0x7993FE5B	/data/instances/outlaw_02_4/geometry/decorators/destructible/destructible_barrel_01.geo
0x64482B79	/data/instances/outlaw_02_4/geometry/decorators/destructible/destructible_boards_01.geo
0xE2DC59D7	/data/instances/outlaw_02_4/geometry/decorators/destructible/destructible_boards_02.geo
0x29808A72	/data/instances/outlaw_02_4/geometry/decorators/destructible/destructible_boards_03.geo
0x3034B59B	/data/instances/outlaw_02_4/geometry/decorators/destructible/destructible_gate_01.geo
0x898C963A	/data/instances/outlaw_02_4/geometry/decorators/destructible/destructible_hanging_lamp_01.geo
0xD687C8F4	/data/instances/outlaw_02_4/geometry/decorators/destructible/destructible_npccrate.geo
0x40C28EBE	/data/instances/outlaw_02_4/geometry/decorators/destructible/destructible_platform_01.geo
0xC656FC10	/data/instances/outlaw_02_4/geometry/decorators/destructible/destructible_platform_02.geo
0x0D0A2FB5	/data/instances/outlaw_02_4/geometry/decorators/destructible/destructible_platform_03.geo
0x100F1F0D	/data/instances/outlaw_02_4/geometry/decorators/destructible/destructible_platform_04.geo
0x43A5D7A5	/data/instances/outlaw_02_4/geometry/decorators/destructible/destructible_post_01.geo
0xEFA68176	/data/instances/outlaw_02_4/geometry/decorators/destructible/destructible_scaffolds_02.geo
0x24FA52D3	/data/instances/outlaw_02_4/geometry/decorators/destructible/destructible_scaffolds_03.geo
0x39FF626B	/data/instances/outlaw_02_4/geometry/decorators/destructible/destructible_scaffolds_04.geo
0xF2A3B1CE	/data/instances/outlaw_02_4/geometry/decorators/destructible/destructible_scaffolds_05.geo
0x95743AAC	/data/instances/outlaw_02_4/geometry/decorators/destructible/dynomite_01.geo
0x0907C14D	/data/instances/outlaw_02_4/geometry/decorators/destructible/light_round_blue.geo
0x4C8B0C5F	/data/instances/outlaw_02_4/geometry/decorators/destructible/light_round_red.geo
0x5B1298A8	/data/instances/outlaw_02_4/geometry/decorators/destructible/mine_pick.geo
0xA93FC121	/data/instances/outlaw_02_4/geometry/decorators/destructible/steefstatuedoorcovering.geo
0xDD90B84D	/data/instances/outlaw_02_4/geometry/decorators/destructible/wolvark_lowfence.geo
0x70FBE88D	/data/instances/outlaw_02_4/geometry/decorators/explosive/barrel_explosive.geo
0x829F5421	/data/instances/outlaw_02_4/geometry/decorators/machinery/compressor_01.geo
0x0CB474CB	/data/instances/outlaw_02_4/geometry/decorators/misc/dead_chicken_01.geo
0x73B3D0DD	/data/instances/outlaw_02_4/geometry/decorators/trees/cactus_tall_01.geo
0xF527A273	/data/instances/outlaw_02_4/geometry/decorators/trees/cactus_tall_02.geo
0x60666248	/data/instances/outlaw_02_4/geometry/mechanicals/crane_rock_dropper_01.geo
0x3CB75ABB	/data/instances/outlaw_02_4/geometry/mechanicals/de_eugenedoor.geo
0x9C4A83B7	/data/instances/outlaw_02_4/geometry/mechanicals/templeexitdoor.geo
0x8B5A20C4	/data/instances/town_01_1/geometry/decorators/activators/surge_trigger_final.geo
0x02ECEBA5	/data/instances/town_01_1/geometry/decorators/animated/ceilingfan_generalstore.geo
0xD965FDB8	/data/instances/town_01_1/geometry/decorators/animated/chickentrailerdoor_animobj_01.geo
0x95AF9598	/data/instances/town_01_1/geometry/decorators/animated/fly_01.geo
0x133BE736	/data/instances/town_01_1/geometry/decorators/animated/fly_02.geo
0x4D524144	/data/instances/town_01_1/geometry/decorators/animated/fortune_teller.geo
0xD29E706C	/data/instances/town_01_1/geometry/decorators/animated/generator_01.geo
0x4961816E	/data/instances/town_01_1/geometry/decorators/animated/horizontal_windmill.geo
0x43BF8E5A	/data/instances/town_01_1/geometry/decorators/animated/moth_01.geo
0xA418A822	/data/instances/town_01_1/geometry/decorators/animated/sign_items_available.geo
0x33A15331	/data/instances/town_01_1/geometry/decorators/animated/town_door_swing_01.geo
0x6F185A18	/data/instances/town_01_1/geometry/decorators/animated/town_maingate_01.geo
0xDFBDCCC7	/data/instances/town_01_1/geometry/decorators/animated/vultures_01.geo
0x28B82A8C	/data/instances/town_01_1/geometry/decorators/animateddestructibles/ammocrate_armadillo.geo
0x160027FC	/data/instances/town_01_1/geometry/decorators/animateddestructibles/ammocrate_boombat.geo
0x04F517F7	/data/instances/town_01_1/geometry/decorators/civilized/beaker_green_01.geo
0x82616559	/data/instances/town_01_1/geometry/decorators/civilized/beaker_green_02.geo
0x493DB6FC	/data/instances/town_01_1/geometry/decorators/civilized/beaker_green_03.geo
0x54388644	/data/instances/town_01_1/geometry/decorators/civilized/beaker_green_04.geo
0x80DE4AB3	/data/instances/town_01_1/geometry/decorators/civilized/beaker_orange_01.geo
0x064A381D	/data/instances/town_01_1/geometry/decorators/civilized/beaker_orange_02.geo
0xCD16EBB8	/data/instances/town_01_1/geometry/decorators/civilized/beaker_orange_03.geo
0xD013DB00	/data/instances/town_01_1/geometry/decorators/civilized/beaker_orange_04.geo
0x1B4F08A5	/data/instances/town_01_1/geometry/decorators/civilized/beaker_orange_05.geo
0x9D202E19	/data/instances/town_01_1/geometry/decorators/civilized/billboard_01.geo
0x1BB45CB7	/data/instances/town_01_1/geometry/decorators/civilized/billboard_02.geo
0xD0E88F12	/data/instances/town_01_1/geometry/decorators/civilized/billboard_03.geo
0xCF9C40E9	/data/instances/town_01_1/geometry/decorators/civilized/bounty_store_burned.geo
0xC6120264	/data/instances/town_01_1/geometry/decorators/civilized/bounty_store_burned_debris_01.geo
0x6ADBC776	/data/instances/town_01_1/geometry/decorators/civilized/bounty_store_exterior.geo
0xC6240C83	/data/instances/town_01_1/geometry/decorators/civilized/burned_building_01.geo
0xAA10EA84	/data/instances/town_01_1/geometry/decorators/civilized/cabinets_low_04.geo
0xD1F5B811	/data/instances/town_01_1/geometry/decorators/civilized/cabinetupper_01.geo
0x88BCCACA	/data/instances/town_01_1/geometry/decorators/civilized/chicken_scratch.geo
0x1A98D2FA	/data/instances/town_01_1/geometry/decorators/civilized/chickencab.geo
0x6597FA56	/data/instances/town_01_1/geometry/decorators/civilized/chickentrailer.geo
0x66C463E3	/data/instances/town_01_1/geometry/decorators/civilized/compass_small.geo
0x4B2D6187	/data/instances/town_01_1/geometry/decorators/civilized/desk_lamp_01.geo
0x74786C2B	/data/instances/town_01_1/geometry/decorators/civilized/door_backing.geo
0x9DFF47AC	/data/instances/town_01_1/geometry/decorators/civilized/dumpster.geo
0x392A54C4	/data/instances/town_01_1/geometry/decorators/civilized/false_interior_doc_01.geo
0x2010C707	/data/instances/town_01_1/geometry/decorators/civilized/file_cabinet_01.geo
0xA684B5A9	/data/instances/town_01_1/geometry/decorators/civilized/file_cabinet_02.geo
0xF23D8418	/data/instances/town_01_1/geometry/decorators/civilized/generalstore_01.geo
0x14AB05E8	/data/instances/town_01_1/geometry/decorators/civilized/generalstore_glowproxy.geo
0x80D8AAB9	/data/instances/town_01_1/geometry/decorators/civilized/hanging_lampshade_01.geo
0x0D5DAA27	/data/instances/town_01_1/geometry/decorators/civilized/indoor_hanging_lamp_01.geo
0xCCA1DB0C	/data/instances/town_01_1/geometry/decorators/civilized/insulator_01.geo
0xAB05816F	/data/instances/town_01_1/geometry/decorators/civilized/jail_01.geo
0xE12F0A1C	/data/instances/town_01_1/geometry/decorators/civilized/jail_window_01.geo
0xE6671FB9	/data/instances/town_01_1/geometry/decorators/civilized/lampshade.geo
0x8A9C222E	/data/instances/town_01_1/geometry/decorators/civilized/locker_01.geo
0x0C085080	/data/instances/town_01_1/geometry/decorators/civilized/locker_02.geo
0xC7548325	/data/instances/town_01_1/geometry/decorators/civilized/locker_03.geo
0x97991296	/data/instances/town_01_1/geometry/decorators/civilized/locker_06.geo
0xA11C9E54	/data/instances/town_01_1/geometry/decorators/civilized/mattress.geo
0xB40CE977	/data/instances/town_01_1/geometry/decorators/civilized/metal_sink_01.geo
0x9B56E608	/data/instances/town_01_1/geometry/decorators/civilized/pan_01.geo
0x8CA680C2	/data/instances/town_01_1/geometry/decorators/civilized/posters.geo
0xE0256BE7	/data/instances/town_01_1/geometry/decorators/civilized/potbellystove_01.geo
0xE22C7D06	/data/instances/town_01_1/geometry/decorators/civilized/power_line_wallmount_01.geo
0x2C9ECA49	/data/instances/town_01_1/geometry/decorators/civilized/power_poll_02.geo
0x0C14690B	/data/instances/town_01_1/geometry/decorators/civilized/rug_03.geo
0x2BA9DD20	/data/instances/town_01_1/geometry/decorators/civilized/sign_buzzarton.geo
0x01CDAC0C	/data/instances/town_01_1/geometry/decorators/civilized/sign_closed_01.geo
0xA6A5F596	/data/instances/town_01_1/geometry/decorators/civilized/sign_direction_deadhen_01.geo
0xBA8C3DBA	/data/instances/town_01_1/geometry/decorators/civilized/sign_direction_opple_01.geo
0x47589E6E	/data/instances/town_01_1/geometry/decorators/civilized/sign_direction_water_01.geo
0xCF75BF9A	/data/instances/town_01_1/geometry/decorators/civilized/sign_docoffice_01.geo
0x37B818EE	/data/instances/town_01_1/geometry/decorators/civilized/sign_northgate_01.geo
0x3CD81213	/data/instances/town_01_1/geometry/decorators/civilized/sign_outoforder_01.geo
0xF3FE14B3	/data/instances/town_01_1/geometry/decorators/civilized/sign_waterfacility.geo
0x27282CDC	/data/instances/town_01_1/geometry/decorators/civilized/storage_cabinet_01.geo
0xF2C22C5A	/data/instances/town_01_1/geometry/decorators/civilized/transformer_01.geo
0xD32E695D	/data/instances/town_01_1/geometry/decorators/civilized/white_freezer_01.geo
0x7454CB4E	/data/instances/town_01_1/geometry/decorators/civilized/white_refrigerator_01.geo
0xF2C0B9E0	/data/instances/town_01_1/geometry/decorators/civilized/white_refrigerator_02.geo
0x4822B397	/data/instances/town_01_1/geometry/decorators/civilized/white_shelf_01.geo
0xAA9E668A	/data/instances/town_01_1/geometry/decorators/civilized/white_stove_01.geo
0x0A798745	/data/instances/town_01_1/geometry/decorators/civilized/white_woodcabinet_01.geo
0x8CEDF5EB	/data/instances/town_01_1/geometry/decorators/civilized/white_woodcabinet_02.geo
0xBD5DF480	/data/instances/town_01_1/geometry/decorators/civilized/white_woodcabinet_noglass_02.geo
0x1A7A8C42	/data/instances/town_01_1/geometry/decorators/civilized/window_shutters_01.geo
0xF8D85628	/data/instances/town_01_1/geometry/decorators/civilized/wood_cabinet_noglass_01.geo
0x7E4C2486	/data/instances/town_01_1/geometry/decorators/civilized/wood_cabinet_noglass_02.geo
0xD079F614	/data/instances/town_01_1/geometry/decorators/civilized/woodboxlarge_01.geo
0x62A5EBC6	/data/instances/town_01_1/geometry/decorators/destructible/cardboard_box_01.geo
0xE4319968	/data/instances/town_01_1/geometry/decorators/destructible/cardboard_box_02.geo
0xDBFD6818	/data/instances/town_01_1/geometry/decorators/destructible/clothes_hanging_01.geo
0x5D691AB6	/data/instances/town_01_1/geometry/decorators/destructible/clothes_hanging_02.geo
0x9635C913	/data/instances/town_01_1/geometry/decorators/destructible/clothes_hanging_03.geo
0x8B30F9AB	/data/instances/town_01_1/geometry/decorators/destructible/clothes_hanging_04.geo
0x6E80CF3A	/data/instances/town_01_1/geometry/decorators/destructible/destructible_barrel_01.geo
0xF5CF68B6	/data/instances/town_01_1/geometry/decorators/destructible/destructible_boards_02.geo
0xE8D23028	/data/instances/town_01_1/geometry/decorators/destructible/destructible_crate.geo
0x692CE80B	/data/instances/town_01_1/geometry/decorators/destructible/destructible_crate03.geo
0xA91FC4C5	/data/instances/town_01_1/geometry/decorators/destructible/destructible_crate_moolah01.geo
0xC1106F00	/data/instances/town_01_1/geometry/decorators/destructible/destructible_mailbox.geo
0x5AAE95F0	/data/instances/town_01_1/geometry/decorators/destructible/destructible_picketfence.geo
0xC4716120	/data/instances/town_01_1/geometry/decorators/destructible/destructible_woodenfence.geo
0x99F42C44	/data/instances/town_01_1/geometry/decorators/destructible/farmhousewalllamps.geo
0x37336658	/data/instances/town_01_1/geometry/decorators/destructible/garden_sign_01.geo
0xF6602C6F	/data/instances/town_01_1/geometry/decorators/destructible/goods_box_02.geo
0x3D3CFFCA	/data/instances/town_01_1/geometry/decorators/destructible/goods_box_03.geo
0x140B2721	/data/instances/town_01_1/geometry/decorators/destructible/goods_stackofcans_01.geo
0x4E14365B	/data/instances/town_01_1/geometry/decorators/destructible/light_warehouse_01.geo
0xE70556E6	/data/instances/town_01_1/geometry/decorators/destructible/monitor_03.geo
0xE2E6558B	/data/instances/town_01_1/geometry/decorators/destructible/opple_crate_01.geo
0x2A008F5A	/data/instances/town_01_1/geometry/decorators/destructible/picture_egg_01.geo
0xAC94FDF4	/data/instances/town_01_1/geometry/decorators/destructible/picture_egg_02.geo
0x67C82E51	/data/instances/town_01_1/geometry/decorators/destructible/picture_egg_03.geo
0x2443E6AF	/data/instances/town_01_1/geometry/decorators/destructible/rf_barrel.geo
0x40ACC0CD	/data/instances/town_01_1/geometry/decorators/destructible/sign_oldposter_03.geo
0x5DA9F075	/data/instances/town_01_1/geometry/decorators/destructible/sign_oldposter_04.geo
0x96F523D0	/data/instances/town_01_1/geometry/decorators/destructible/sign_oldposter_05.geo
0x1061517E	/data/instances/town_01_1/geometry/decorators/destructible/sign_oldposter_06.geo
0xDB3D82DB	/data/instances/town_01_1/geometry/decorators/destructible/sign_oldposter_07.geo
0x2A6B300E	/data/instances/town_01_1/geometry/decorators/destructible/sign_oldposter_08.geo
0xE137E3AB	/data/instances/town_01_1/geometry/decorators/destructible/sign_oldposter_09.geo
0xB1F0A5AF	/data/instances/town_01_1/geometry/decorators/destructible/sign_sale_299.geo
0x87161806	/data/instances/town_01_1/geometry/decorators/destructible/trash_bag_pile_01.geo
0x01826AA8	/data/instances/town_01_1/geometry/decorators/destructible/trash_bag_pile_02.geo
0x33118845	/data/instances/town_01_1/geometry/decorators/explosive/barrel_explosive.geo
0xC214474A	/data/instances/town_01_1/geometry/decorators/explosive/de_explosive_onlyrumbleandsound.geo
0x32C1D3C9	/data/instances/town_01_1/geometry/decorators/misc/dead_chicken_01.geo
0x0CCBD2C8	/data/instances/town_01_1/geometry/decorators/trees/dead_tree_01.geo
0x3C824B3A	/data/instances/town_01_1/geometry/decorators/trees/joshua_tree_01.geo
0x6B0B6CC4	/data/instances/town_01_1/geometry/decorators/trees/savanna_tree_01.geo
0x4737BCD9	/data/instances/town_01_1/geometry/mechanicals/town_door_02.geo
0xE5D0B73B	/data/instances/town_02_1/geometry/decorators/animated/de_towndoor.geo
0xB3EEA651	/data/instances/town_02_1/geometry/decorators/animated/gate_02.geo
0x0CA948C7	/data/instances/town_02_1/geometry/decorators/animated/oil_rig_3.geo
0x22FE3DDD	/data/instances/town_02_1/geometry/decorators/civilized/file_cabinet_01.geo
0xA46A4F73	/data/instances/town_02_1/geometry/decorators/civilized/file_cabinet_02.geo
0xCC4E174A	/data/instances/town_02_1/geometry/decorators/civilized/locker_01.geo
0x4ADA65E4	/data/instances/town_02_1/geometry/decorators/civilized/locker_02.geo
0x8186B641	/data/instances/town_02_1/geometry/decorators/civilized/locker_03.geo
0xD14B27F2	/data/instances/town_02_1/geometry/decorators/civilized/locker_06.geo
0x0CFC2C77	/data/instances/town_02_1/geometry/decorators/civilized/posters.geo
0x8621BED7	/data/instances/town_02_1/geometry/decorators/civilized/potbellystove_01.geo
0x8657E329	/data/instances/town_02_1/geometry/decorators/civilized/sign_distance_mongovalley_01.geo
0xF98570F9	/data/instances/town_02_1/geometry/decorators/civilized/wood_cabinet_noglass_01.geo
0x7F110257	/data/instances/town_02_1/geometry/decorators/civilized/wood_cabinet_noglass_02.geo
0x8A2BC98D	/data/instances/town_02_1/geometry/decorators/destructible/picture_egg_02.geo
0x41771A28	/data/instances/town_02_1/geometry/decorators/destructible/picture_egg_03.geo
0x81CB7205	/data/instances/town_02_1/geometry/decorators/trees/cactus_tall_02.geo
0x33561B8D	/data/instances/town_02_1/geometry/mechanicals/door_metal_01.geo
0x62642210	/data/instances/trans_01_1/geometry/decorators/animated/de_cin_timer.geo
0x36C4EADE	/data/instances/trans_01_1/geometry/decorators/animated/de_cin_trans1_1beam01.geo
0xB0509870	/data/instances/trans_01_1/geometry/decorators/animated/de_cin_trans1_1beam02.geo
0x7B0C4BD5	/data/instances/trans_01_1/geometry/decorators/animated/de_cin_trans1_1beam03.geo
0x2349BE27	/data/instances/trans_01_1/geometry/decorators/animated/de_morterfire.geo
0x96D97078	/data/instances/trans_01_1/geometry/decorators/animated/fly_01.geo
0xA10BD100	/data/instances/trans_01_1/geometry/decorators/civilized/de_mortarcannon.geo
0xACFECDF9	/data/instances/trans_01_1/geometry/decorators/civilized/door_backing.geo
0x14277ADE	/data/instances/trans_01_1/geometry/decorators/civilized/insulator_01.geo
0xF723022F	/data/instances/trans_01_1/geometry/decorators/civilized/mattress.geo
0xDA8FCE7B	/data/instances/trans_01_1/geometry/decorators/civilized/metal_sink_02.geo
0xD64C7B28	/data/instances/trans_01_1/geometry/decorators/civilized/nonjumpable_crate_01.geo
0x9E9A4D55	/data/instances/trans_01_1/geometry/decorators/civilized/posters.geo
0x1B7451AF	/data/instances/trans_01_1/geometry/decorators/civilized/potbellystove_01.geo
0x36F38033	/data/instances/trans_01_1/geometry/decorators/civilized/power_line_wallmount_01.geo
0xD36872A9	/data/instances/trans_01_1/geometry/decorators/civilized/power_pole_with_orange_lights_01.geo
0x55FC0007	/data/instances/trans_01_1/geometry/decorators/civilized/power_pole_with_orange_lights_02.geo
0xB0906275	/data/instances/trans_01_1/geometry/decorators/civilized/stove_pipe_01.geo
0xEE3D8AAB	/data/instances/trans_01_1/geometry/decorators/destructible/barrel_moolah.geo
0x1AD161BD	/data/instances/trans_01_1/geometry/decorators/destructible/camp_bench_01.geo
0x9C451313	/data/instances/trans_01_1/geometry/decorators/destructible/camp_bench_02.geo
0xD75B1467	/data/instances/trans_01_1/geometry/decorators/destructible/chick_scarecrow_01.geo
0x4E1C4EB8	/data/instances/trans_01_1/geometry/decorators/destructible/dest_bridge_floor_01.geo
0x46C1C866	/data/instances/trans_01_1/geometry/decorators/destructible/dest_bridge_roof_01.geo
0xF20DA5ED	/data/instances/trans_01_1/geometry/decorators/destructible/dest_bridge_wall_01.geo
0x7499D743	/data/instances/trans_01_1/geometry/decorators/destructible/dest_bridge_wall_02.geo
0x93FB10CD	/data/instances/trans_01_1/geometry/decorators/destructible/destructible_barrel_01.geo
0x518BF4E5	/data/instances/trans_01_1/geometry/decorators/destructible/destructible_barrel_moolah01.geo
0x08B4B741	/data/instances/trans_01_1/geometry/decorators/destructible/destructible_boards_02.geo
0xBDF3153E	/data/instances/trans_01_1/geometry/decorators/destructible/destructible_crate03.geo
0x8E994E63	/data/instances/trans_01_1/geometry/decorators/destructible/destructible_crate_apples.geo
0xBC9A8C08	/data/instances/trans_01_1/geometry/decorators/destructible/destructible_crate_corn.geo
0x85C6737C	/data/instances/trans_01_1/geometry/decorators/destructible/destructible_picketfence.geo
0xCE936F0C	/data/instances/trans_01_1/geometry/decorators/destructible/destructible_plank_04.geo
0x05CFBCA9	/data/instances/trans_01_1/geometry/decorators/destructible/destructible_plank_05.geo
0x835BCE07	/data/instances/trans_01_1/geometry/decorators/destructible/destructible_plank_06.geo
0xD8D98AF2	/data/instances/trans_01_1/geometry/decorators/misc/proxygeo.geo
0x34D55F47	/data/instances/trans_01_1/geometry/decorators/nonfadeabledebris/tire_01.geo
0xB2412DE9	/data/instances/trans_01_1/geometry/decorators/nonfadeabledebris/tire_02.geo
0xD0BF537B	/data/instances/trans_01_1/geometry/decorators/nonfadeabledebris/tractor_shovel_01.geo
0x0E710413	/data/instances/trans_01_1/geometry/decorators/trees/cactus_tall_01.geo
0x5AF44EB3	/data/instances/trans_01_1/geometry/decorators/trees/dead_tree_01.geo
0x7F3538F6	/data/instances/trans_01_1/geometry/decorators/trees/joshua_tree_01.geo
0x703E79FC	/data/instances/trans_01_1/geometry/decorators/trees/savanna_tree_01.geo
0x3A0DFC0B	/data/instances/trans_01_1/geometry/mechanicals/town_door_02.geo
0x9D22B2F6	/data/instances/tutorial/geometry/decorators/activators/surge_trigger_final.geo
0x22F74635	/data/instances/tutorial/geometry/decorators/animated/arrow_01.geo
0x7FEEEE33	/data/instances/tutorial/geometry/decorators/animated/ceilingfan_generalstore.geo
0x7207D079	/data/instances/tutorial/geometry/decorators/animated/depositslot_moolah.geo
0xA0A03892	/data/instances/tutorial/geometry/decorators/animated/fly_01.geo
0x1847D06C	/data/instances/tutorial/geometry/decorators/civilized/bounty_store_exterior.geo
0xF86B2189	/data/instances/tutorial/geometry/decorators/civilized/bulletin_board_02.geo
0x273AC699	/data/instances/tutorial/geometry/decorators/civilized/capacitor_01.geo
0x0C3EB55B	/data/instances/tutorial/geometry/decorators/civilized/construction_wall_03.geo
0xA7D4E14A	/data/instances/tutorial/geometry/decorators/civilized/crane.geo
0x3324F48C	/data/instances/tutorial/geometry/decorators/civilized/crane_02.geo
0xF8782729	/data/instances/tutorial/geometry/decorators/civilized/crane_03.geo
0x6041F530	/data/instances/tutorial/geometry/decorators/civilized/crate_small_lowrez_01.geo
0x56E33414	/data/instances/tutorial/geometry/decorators/civilized/crudcannon_broken.geo
0x804A444B	/data/instances/tutorial/geometry/decorators/civilized/forkliftraised.geo
0x705FAFB1	/data/instances/tutorial/geometry/decorators/civilized/indoor_hanging_lamp_01.geo
0x8F48D91E	/data/instances/tutorial/geometry/decorators/civilized/jail_01.geo
0xA216EBED	/data/instances/tutorial/geometry/decorators/civilized/jumpable_metalcrate_01.geo
0xC336F024	/data/instances/tutorial/geometry/decorators/civilized/lampshade.geo
0xCEB29D3E	/data/instances/tutorial/geometry/decorators/civilized/oildrum.geo
0x86C0D400	/data/instances/tutorial/geometry/decorators/civilized/palette_01.geo
0xA7172A27	/data/instances/tutorial/geometry/decorators/civilized/power_line_wallmount_01.geo
0x63885C89	/data/instances/tutorial/geometry/decorators/civilized/power_lines_01.geo
0x0436A027	/data/instances/tutorial/geometry/decorators/civilized/power_pole_03.geo
0x212E4E48	/data/instances/tutorial/geometry/decorators/civilized/rug_01.geo
0x6CE6EF43	/data/instances/tutorial/geometry/decorators/civilized/rug_03.geo
0x62670B1F	/data/instances/tutorial/geometry/decorators/civilized/sewerlamp_01.geo
0x6A39BA1F	/data/instances/tutorial/geometry/decorators/civilized/shelf_01.geo
0xECADC8B1	/data/instances/tutorial/geometry/decorators/civilized/shelf_02.geo
0x27F11B14	/data/instances/tutorial/geometry/decorators/civilized/shelf_03.geo
0x97F93241	/data/instances/tutorial/geometry/decorators/civilized/squirrel_mound_01.geo
0xA99138ED	/data/instances/tutorial/geometry/decorators/civilized/tractor_01.geo
0x0ED70FB0	/data/instances/tutorial/geometry/decorators/civilized/tutorial_escalator.geo
0xC1E628B7	/data/instances/tutorial/geometry/decorators/civilized/wood_stack_01.geo
0xBC302202	/data/instances/tutorial/geometry/decorators/destructible/barrel_moolah.geo
0x01FFAC90	/data/instances/tutorial/geometry/decorators/destructible/cardboard_box_01.geo
0x876BDE3E	/data/instances/tutorial/geometry/decorators/destructible/cardboard_box_02.geo
0x4C370D9B	/data/instances/tutorial/geometry/decorators/destructible/cardboard_box_03.geo
0x51323D23	/data/instances/tutorial/geometry/decorators/destructible/cardboard_box_04.geo
0x7C0ED436	/data/instances/tutorial/geometry/decorators/destructible/destructible_boards_01.geo
0xFA9AA698	/data/instances/tutorial/geometry/decorators/destructible/destructible_boards_02.geo
0x2F9FCCEF	/data/instances/tutorial/geometry/decorators/destructible/destructible_circus_platform_02.geo
0x97352BEE	/data/instances/tutorial/geometry/decorators/destructible/destructible_keepoutfence.geo
0x02CEB31E	/data/instances/tutorial/geometry/decorators/destructible/destructible_medfence.geo
0x575504AF	/data/instances/tutorial/geometry/decorators/destructible/destructible_npccrate.geo
0x3C882141	/data/instances/tutorial/geometry/decorators/destructible/light_warehouse_01.geo
0xC5E2A777	/data/instances/tutorial/geometry/decorators/destructible/picture_egg_01.geo
0x9C1B4831	/data/instances/tutorial/geometry/decorators/destructible/trash_bag_01.geo
0x1A8F3A9F	/data/instances/tutorial/geometry/decorators/destructible/trash_bag_02.geo
0x916E8A34	/data/instances/tutorial/geometry/decorators/destructible/trash_bag_pile_01.geo
0x17FAF89A	/data/instances/tutorial/geometry/decorators/destructible/trash_bag_pile_02.geo
0x32385F43	/data/instances/tutorial/geometry/decorators/destructible/wheelbarrel.geo
0xB524F529	/data/instances/tutorial/geometry/decorators/destructible/windowpane_quad_01.geo
0x375D652D	/data/instances/tutorial/geometry/decorators/destructible/windowpane_single_01.geo
0x4452E793	/data/instances/tutorial/geometry/decorators/destructible/wolvark_shelf_units_02.geo
0x8F0E3436	/data/instances/tutorial/geometry/decorators/destructible/wolvark_shelf_units_03.geo
0x9A4D1AA4	/data/instances/tutorial/geometry/decorators/explosive/barrel_explosive.geo
0x98233152	/data/instances/tutorial/geometry/decorators/fx/sewer_ray_02.geo
0xC9CD9485	/data/instances/tutorial/geometry/decorators/machinery/engine_01.geo
0x1DB44786	/data/instances/tutorial/geometry/decorators/machinery/junk_big_05.geo
0x9823786D	/data/instances/tutorial/geometry/decorators/machinery/junk_mech_02.geo
0x4E7A9B70	/data/instances/tutorial/geometry/decorators/machinery/junk_mech_04.geo
0x5493831A	/data/instances/tutorial/geometry/decorators/machinery/junk_mech_19.geo
0xB8FC65C7	/data/instances/tutorial/geometry/decorators/nonfadeabledebris/tire_01.geo
0x3E681769	/data/instances/tutorial/geometry/decorators/nonfadeabledebris/tire_02.geo
0x229142A2	/data/instances/tutorial/geometry/decorators/nonfadeabledebris/tractor_shovel_01.geo
0xA7EBC211	/data/instances/tutorial/geometry/decorators/trees/bamboo_01.geo
0x320B95D7	/data/instances/tutorial/geometry/decorators/trees/joshua_tree_01.geo
0xE994188A	/data/instances/tutorial/geometry/decorators/trees/savanna_tree_01.geo
0xA1F1AC2E	/data/instances/tutorial/geometry/decorators/trees/swamp_tree_01.geo
0x66696969	/data/instances/tutorial/geometry/mechanicals/activatordoor.geo
0x7F8376A6	/data/instances/tutorial/geometry/mechanicals/dam_door_01.geo
0xF0BDCA98	/data/instances/tutorial/geometry/mechanicals/outlaw_junk_bridge_02.geo
0x803938A6	/data/instances/tutorial/geometry/mechanicals/tutorial_escalator.geo
0xBBB292E0	/data/instances/tutorial/geometry/mechanicals/tutorial_outlaw_door.geo
0x3B8663DF	/data/levels/region_00/cinematics/tut_01/c01.gr2
0x9328F8A8	/data/levels/region_00/region_00_lights_prefs_area_0_0.geo
0x7E83B4B6	/data/levels/region_00/scripts/level.foo
0x40322D4F	/data/levels/region_00/scripts/steef.foo
0x01B4324A	/data/levels/region_00/scripts/tut_ammotutorial.foo
0x698AA4EE	/data/levels/region_00/scripts/tut_breederscript.foo
0x94E6CD81	/data/levels/region_00/scripts/tut_chippunk_platformcollapse.foo
0x51DB948F	/data/levels/region_00/scripts/tut_cine_chippunk.foo
0xBDE6232C	/data/levels/region_00/scripts/tut_cine_endoftutorial.foo
0x35A141AF	/data/levels/region_00/scripts/tut_cine_fuzzledooropen.foo
0xC7BF83FD	/data/levels/region_00/scripts/tut_cine_meleeattack.foo
0xD011063A	/data/levels/region_00/scripts/tut_cine_posthuntbridge.foo
0x03441710	/data/levels/region_00/scripts/tut_cine_spider.foo
0x400615D9	/data/levels/region_00/scripts/tut_escalatormanager.foo
0x2EB79366	/data/levels/region_00/scripts/tut_fadetoregion01.foo
0x545C7C0C	/data/levels/region_00/scripts/tut_funnyconversation.foo
0xDE85B1F9	/data/levels/region_00/scripts/tut_guylostkeys.foo
0xF95B029C	/data/levels/region_00/scripts/tut_hunting.foo
0x91CED044	/data/levels/region_00/scripts/tut_intro.foo
0xB39DC1B6	/data/levels/region_00/scripts/tut_listen_chippunkarena.foo
0xFDDDEEC0	/data/levels/region_00/scripts/tut_listen_firsthallway.foo
0x5C63C450	/data/levels/region_00/scripts/tut_listen_handoverhand.foo
0x81C35232	/data/levels/region_00/scripts/tut_listen_jumproom.foo
0x0EB81E4D	/data/levels/region_00/scripts/tut_opendoorafterbola.foo
0xA4E9C2A0	/data/levels/region_00/scripts/tut_patrol2.foo
0x401E761E	/data/levels/region_00/scripts/tut_patrol2_simple.foo
0xA8434ED0	/data/levels/region_00/scripts/tut_patrol_simple.foo
0x4BCFE35C	/data/levels/region_00/scripts/tut_playerfellchasm.foo
0xF418B327	/data/levels/region_00/scripts/tut_runoutlookatplayer.foo
0x5D7DF9B6	/data/levels/region_00/scripts/tut_runtopoint_lookatplayer.foo
0xCE8E50FB	/data/levels/region_00/scripts/tut_sleep2.foo
0x9798FCC0	/data/levels/region_00/scripts/tut_spidercomboguy1.foo
0x110C8E6E	/data/levels/region_00/scripts/tut_spidercomboguy2.foo
0x19620BD9	/data/levels/region_00/scripts/tut_yellowstars.foo
0x3F48F058	/data/levels/region_00/tutorial_area_0_0.geo
0xF41423FD	/data/levels/region_00/tutorial_area_0_1.geo
0x72805153	/data/levels/region_00/tutorial_area_0_2.geo
0xB9DC82F6	/data/levels/region_00/tutorial_area_0_3.geo
0x07AE54F5	/data/levels/region_00/tutorial_area_10_0.geo
0xCCF28750	/data/levels/region_00/tutorial_area_10_1.geo
0x4A66F5FE	/data/levels/region_00/tutorial_area_10_2.geo
0x813A265B	/data/levels/region_00/tutorial_area_10_3.geo
0xCB04546B	/data/levels/region_00/tutorial_area_11_0.geo
0x005887CE	/data/levels/region_00/tutorial_area_11_1.geo
0xF3E2F0C6	/data/levels/region_00/tutorial_area_1_0.geo
0x7D6DF725	/data/levels/region_00/tutorial_area_2_0.geo
0xB1C7F7BB	/data/levels/region_00/tutorial_area_3_0.geo
0x7A9B241E	/data/levels/region_00/tutorial_area_3_1.geo
0xBB02FEA2	/data/levels/region_00/tutorial_area_4_0.geo
0x705E2D07	/data/levels/region_00/tutorial_area_4_1.geo
0x77A8FE3C	/data/levels/region_00/tutorial_area_5_0.geo
0xF927F9DF	/data/levels/region_00/tutorial_area_6_0.geo
0x327B2A7A	/data/levels/region_00/tutorial_area_6_1.geo
0x358DF941	/data/levels/region_00/tutorial_area_7_0.geo
0xECADEBED	/data/levels/region_00/tutorial_area_8_0.geo
0x2007EB73	/data/levels/region_00/tutorial_area_9_0.geo
0xEB5B38D6	/data/levels/region_00/tutorial_area_9_1.geo
0x5E0F0693	/data/levels/region_00/tutorial_proxy_10_0.geo
0xE943BFED	/data/levels/region_01/boss_01_1_area_0_0.geo
0x221F6C48	/data/levels/region_01/boss_01_1_area_0_1.geo
0x7E447F3F	/data/levels/region_01/boss_01_1_area_12_0.geo
0xB518AC9A	/data/levels/region_01/boss_01_1_area_12_1.geo
0xAB66B890	/data/levels/region_01/boss_01_1_area_2_0.geo
0x67CCB80E	/data/levels/region_01/boss_01_1_area_3_0.geo
0xAC906BAB	/data/levels/region_01/boss_01_1_area_3_1.geo
0x6D09B117	/data/levels/region_01/boss_01_1_area_4_0.geo
0xA65562B2	/data/levels/region_01/boss_01_1_area_4_1.geo
0x20C1101C	/data/levels/region_01/boss_01_1_area_4_2.geo
0xA1A3B189	/data/levels/region_01/boss_01_1_area_5_0.geo
0x6AFF622C	/data/levels/region_01/boss_01_1_area_5_1.geo
0xEC6B1082	/data/levels/region_01/boss_01_1_area_5_2.geo
0x2F2CB66A	/data/levels/region_01/boss_01_1_area_6_0.geo
0xE47065CF	/data/levels/region_01/boss_01_1_area_6_1.geo
0xE386B6F4	/data/levels/region_01/boss_01_1_area_7_0.geo
0xAD459D98	/data/levels/region_01/boss_01_1_proxy_1_0.geo
0xCED91D8E	/data/levels/region_01/cinematics/demooutlaw1_3a/c01/c01_outlw1_outlaw1.gr2
0xC05D2185	/data/levels/region_01/cinematics/demooutlaw1_3a/c01a/c01a_outlw1_outlaw1.gr2
0x49144E9E	/data/levels/region_01/cinematics/demooutlaw1_3a/c01b/c01b_outlw1_outlaw1.gr2
0x33C0DE8E	/data/levels/region_01/cinematics/demooutlaw1_3a/c02/c02_stf_d_stf_d.gr2
0x77A77675	/data/levels/region_01/cinematics/demooutlaw1_3a/c03/c03_minb1_minionb.gr2
0x37E501F1	/data/levels/region_01/cinematics/demooutlaw1_3a/c03/c03_minb_minionb.gr2
0xBA7B3AAE	/data/levels/region_01/cinematics/demooutlaw1_3a/c03/c03_outlw1_outlaw1.gr2
0x25224252	/data/levels/region_01/cinematics/demooutlaw1_3b/c02/c02_outlw1_outlaw1.gr2
0x22230922	/data/levels/region_01/cinematics/nav1_1d/c01/c01_mina1_miniona.gr2
0xE05AA8B9	/data/levels/region_01/cinematics/nav1_1d/c01/c01_mina_miniona.gr2
0xE7AD1770	/data/levels/region_01/cinematics/outlaw1_1a/c02/c02_cutr1_minionb.gr2
0x9BCC32AB	/data/levels/region_01/cinematics/outlaw1_1a/c02/c02_cutr2_minionb.gr2
0xC7BEB355	/data/levels/region_01/cinematics/outlaw1_1a/c03/c03_cutr_minionb.gr2
0xFB39A0B0	/data/levels/region_01/cinematics/outlaw1_1a/c04/c04_cutr_minionb.gr2
0xB7A8CA3C	/data/levels/region_01/cinematics/outlaw1_1a/c05/c05_cutr_minionb.gr2
0x975B1751	/data/levels/region_01/cinematics/outlaw1_1b/c01/c01_twnsflk_townsfolk.gr2
0xBD971FEC	/data/levels/region_01/cinematics/outlaw1_1b/c02/c02_stf_d_stf_d.gr2
0x4D0B2164	/data/levels/region_01/cinematics/outlaw1_1b/c03/c03_twnsflk_townsfolk.gr2
0x781AE540	/data/levels/region_01/cinematics/outlaw1_1b/c04/c04_twnsflk_townsfolk.gr2
0xF88A7D7A	/data/levels/region_01/cinematics/outlaw1_1b/c05/c05_twnsflk_townsfolk.gr2
0x6E84C4EB	/data/levels/region_01/cinematics/outlaw1_1b/c06/c06_mina_miniona.gr2
0x12E489CB	/data/levels/region_01/cinematics/outlaw1_1b/c07/c07_stf_d_stf_d.gr2
0xB95040D8	/data/levels/region_01/cinematics/outlaw1_1b/c08/c08_cutr1_minionb.gr2
0xA8817FA1	/data/levels/region_01/cinematics/outlaw1_1b/c08/c08_cutr_minionb.gr2
0x178AE321	/data/levels/region_01/cinematics/outlaw1_1b/c08/c08_mina_miniona.gr2
0x668112FB	/data/levels/region_01/cinematics/outlaw1_1c/c01/c01_twnsflk_townsfolk.gr2
0xBCD124CE	/data/levels/region_01/cinematics/outlaw1_1c/c03/c03_twnsflk_townsfolk.gr2
0xED3170F3	/data/levels/region_01/cinematics/outlaw1_3d/c01/c01_mina_miniona.gr2
0x08A4C50C	/data/levels/region_01/cinematics/outlaw1_3d/c01/c01_outlw1_outlaw1.gr2
0x3882CF67	/data/levels/region_01/cinematics/outlaw1_3d/c02/c02_mina_miniona.gr2
0x4657F1BC	/data/levels/region_01/cinematics/outlaw1_3d/c02/c02_outlw1_outlaw1.gr2
0x7413A5EB	/data/levels/region_01/cinematics/outlaw1_3d/c03/c03_mina_miniona.gr2
0xDBB198DC	/data/levels/region_01/cinematics/outlaw1_3d/c04/c04_outlw1_outlaw1.gr2
0x0405DC82	/data/levels/region_01/cinematics/outlaw1_3d/c05/c05_mina_miniona.gr2
0xD1B66316	/data/levels/region_01/cinematics/outlaw1_3d/c06/c06_mina_miniona.gr2
0xAF13BFFC	/data/levels/region_01/cinematics/outlaw1_3d/c06/c06_outlw1_outlaw1.gr2
0xB667FF9C	/data/levels/region_01/cinematics/town1_1b/c01/c01_stf_d_stf_d.gr2
0x67A6D3AB	/data/levels/region_01/cinematics/town1_1b/c02/c02_outlw2_outlaw2.gr2
0x054728F3	/data/levels/region_01/cinematics/town1_1bountystore1a/c01/c01_stf_d_stf_d.gr2
0x517A590B	/data/levels/region_01/cinematics/town1_1c/c01/c01_stf_d_stf_d.gr2
0x185ADBBA	/data/levels/region_01/cinematics/town1_1c/c01/c01_twnsflk_townsfolk.gr2
0x89B9222D	/data/levels/region_01/cinematics/town1_1d/c01/c01_stf_d_stf_d.gr2
0x7303524D	/data/levels/region_01/cinematics/trans_1_1a/c01/c01_minb1_minionb.gr2
0x41516050	/data/levels/region_01/cinematics/trans_1_1a/c01/c01_minb_minionb.gr2
0x84B4B6AF	/data/levels/region_01/cinematics/trans_1_1a/c02/c02_minb1_minionb.gr2
0x94E2DFC4	/data/levels/region_01/cinematics/trans_1_1a/c02/c02_minb_minionb.gr2
0x81A8D3CB	/data/levels/region_01/cinematics/trans_1_1a/c03/c03_stf_d_stf_d.gr2
0x536F2EDB	/data/levels/region_01/level_01_lights_prefs_area_0_0.geo
0x5C5429C4	/data/levels/region_01/nav_01_1_area_0_0.geo
0x9708FA61	/data/levels/region_01/nav_01_1_area_0_1.geo
0xBC51903E	/data/levels/region_01/nav_01_1_area_12_0.geo
0x90FE295A	/data/levels/region_01/nav_01_1_area_1_0.geo
0x5BA2FAFF	/data/levels/region_01/nav_01_1_area_1_1.geo
0x1E712EB9	/data/levels/region_01/nav_01_1_area_2_0.geo
0xD2DB2E27	/data/levels/region_01/nav_01_1_area_3_0.geo
0xD81E273E	/data/levels/region_01/nav_01_1_area_4_0.geo
0x1342F49B	/data/levels/region_01/nav_01_1_area_4_1.geo
0x14B427A0	/data/levels/region_01/nav_01_1_area_5_0.geo
0xDFE8F405	/data/levels/region_01/nav_01_1_area_5_1.geo
0x9A3B2043	/data/levels/region_01/nav_01_1_area_6_0.geo
0x8FB13271	/data/levels/region_01/nav_01_1_area_8_0.geo
0xF4D29855	/data/levels/region_01/nav_01_3_area_0_0.geo
0xF75BB5C3	/data/levels/region_01/nav_01_3_area_13_0.geo
0xFD9EBCDA	/data/levels/region_01/nav_01_3_area_14_0.geo
0x7311BB39	/data/levels/region_01/nav_01_3_area_17_0.geo
0x387898CB	/data/levels/region_01/nav_01_3_area_1_0.geo
0xB6F79F28	/data/levels/region_01/nav_01_3_area_2_0.geo
0x7DAB4C8D	/data/levels/region_01/nav_01_3_area_2_1.geo
0xFB3F3E23	/data/levels/region_01/nav_01_3_area_2_2.geo
0x7A5D9FB6	/data/levels/region_01/nav_01_3_area_3_0.geo
0xB1014C13	/data/levels/region_01/nav_01_3_area_3_1.geo
0x709896AF	/data/levels/region_01/nav_01_3_area_4_0.geo
0xBBC4450A	/data/levels/region_01/nav_01_3_area_4_1.geo
0xBC329631	/data/levels/region_01/nav_01_3_area_5_0.geo
0x776E4594	/data/levels/region_01/nav_01_3_area_5_1.geo
0x32BD91D2	/data/levels/region_01/nav_01_3_area_6_0.geo
0xF9E14277	/data/levels/region_01/nav_01_3_area_6_1.geo
0xFE17914C	/data/levels/region_01/nav_01_3_area_7_0.geo
0x354B42E9	/data/levels/region_01/nav_01_3_area_7_1.geo
0xB3DF3047	/data/levels/region_01/nav_01_3_area_7_2.geo
0xBF459F04	/data/levels/region_01/outlaw_01_1_area_0_0.geo
0x74194CA1	/data/levels/region_01/outlaw_01_1_area_0_1.geo
0x73EF9F9A	/data/levels/region_01/outlaw_01_1_area_1_0.geo
0xB8B34C3F	/data/levels/region_01/outlaw_01_1_area_1_1.geo
0xFD609879	/data/levels/region_01/outlaw_01_1_area_2_0.geo
0x363C4BDC	/data/levels/region_01/outlaw_01_1_area_2_1.geo
0x31CA98E7	/data/levels/region_01/outlaw_01_1_area_3_0.geo
0xFA964B42	/data/levels/region_01/outlaw_01_1_area_3_1.geo
0x3B0F91FE	/data/levels/region_01/outlaw_01_1_area_4_0.geo
0xF053425B	/data/levels/region_01/outlaw_01_1_area_4_1.geo
0xF7A59160	/data/levels/region_01/outlaw_01_1_area_5_0.geo
0xA00A842F	/data/levels/region_01/outlaw_01_1_area_9_0.geo
0x17C32E95	/data/levels/region_01/outlaw_01_3_area_0_0.geo
0xDC9FFD30	/data/levels/region_01/outlaw_01_3_area_0_1.geo
0xDB692E0B	/data/levels/region_01/outlaw_01_3_area_1_0.geo
0x1035FDAE	/data/levels/region_01/outlaw_01_3_area_1_1.geo
0x96A18F00	/data/levels/region_01/outlaw_01_3_area_1_2.geo
0x55E629E8	/data/levels/region_01/outlaw_01_3_area_2_0.geo
0x9EBAFA4D	/data/levels/region_01/outlaw_01_3_area_2_1.geo
0x182E88E3	/data/levels/region_01/outlaw_01_3_area_2_2.geo
0x994C2976	/data/levels/region_01/outlaw_01_3_area_3_0.geo
0x5210FAD3	/data/levels/region_01/outlaw_01_3_area_3_1.geo
0x9389206F	/data/levels/region_01/outlaw_01_3_area_4_0.geo
0x1D06278C	/data/levels/region_01/outlaw_01_3_area_7_0.geo
0xD65AF429	/data/levels/region_01/outlaw_01_3_area_7_1.geo
0x2E378014	/data/levels/region_01/scripts/animate_here.foo
0x10A66110	/data/levels/region_01/scripts/cinematic_maingate.foo
0x2F5BACC5	/data/levels/region_01/scripts/cinematic_maingate_trigger.foo
0x9C4EDF9D	/data/levels/region_01/scripts/demo_01_3a_doorlooten.foo
0xBE439218	/data/levels/region_01/scripts/demo_01_3a_showlooten.foo
0x6AC6BBE6	/data/levels/region_01/scripts/empty_job.foo
0x04B413C4	/data/levels/region_01/scripts/gs_clerk_speech.foo
0x099B541D	/data/levels/region_01/scripts/gunfight_posse.foo
0x37A60644	/data/levels/region_01/scripts/kick_em.foo
0x1BE48FF0	/data/levels/region_01/scripts/level.foo
0xC73CCAC2	/data/levels/region_01/scripts/nav01_3_shootatstranger1.foo
0x4623FBE6	/data/levels/region_01/scripts/nav1_1_ammobolamite01.foo
0xC0B78948	/data/levels/region_01/scripts/nav1_1_ammobolamite02.foo
0x68E666DF	/data/levels/region_01/scripts/nav1_3_ammothudslugs.foo
0x0F8C58B9	/data/levels/region_01/scripts/nav_01_3_townsfolkgs.foo
0x844AB5CC	/data/levels/region_01/scripts/nav_1_1_angrycutter.foo
0x74481278	/data/levels/region_01/scripts/nav_1_1_angrycutter2.foo
0xDE3BB3AC	/data/levels/region_01/scripts/nav_1_1_bridgecinematic.foo
0xB8496531	/data/levels/region_01/scripts/nav_1_1_bridgefixer.foo
0x7560B9CD	/data/levels/region_01/scripts/nav_1_1_bumblingoutlaws.foo
0xA346009D	/data/levels/region_01/scripts/nav_1_1_clackerspiderhelp.foo
0x3ADEA3A7	/data/levels/region_01/scripts/nav_1_1_cutterconv.foo
0x331C67D0	/data/levels/region_01/scripts/nav_1_1_emptyfree.foo
0x15CB7288	/data/levels/region_01/scripts/nav_1_1_emptyjob.foo
0x9BFB564D	/data/levels/region_01/scripts/nav_1_1_faceaway.foo
0x42B550C6	/data/levels/region_01/scripts/nav_1_1_lookatpoint.foo
0xA1E125DD	/data/levels/region_01/scripts/nav_1_1_maingateopen.foo
0x9779B5CA	/data/levels/region_01/scripts/nav_1_1_maingateopen2.foo
0x308F56CD	/data/levels/region_01/scripts/nav_1_1_patrolspc.foo
0xEF990752	/data/levels/region_01/scripts/nav_1_1_townsfolk_01.foo
0x8043F629	/data/levels/region_01/scripts/nav_1_3_elevator.foo
0x79820019	/data/levels/region_01/scripts/nav_1_3_fireatsteef1.foo
0xFF1672B7	/data/levels/region_01/scripts/nav_1_3_fireatsteef2.foo
0x344AA112	/data/levels/region_01/scripts/nav_1_3_fireatsteef3.foo
0x226D9C6B	/data/levels/region_01/scripts/nav_1_3_fireatsteefd.foo
0xBE1F16F0	/data/levels/region_01/scripts/nav_1_3_getemstranger.foo
0xADAB544B	/data/levels/region_01/scripts/nv1_bridge_achievment.foo
0x0A48933F	/data/levels/region_01/scripts/oa1_3_ammoboombat.foo
0x50189A6D	/data/levels/region_01/scripts/oa1_3_cine_lootendoor.foo
0x68E75DE9	/data/levels/region_01/scripts/oa1_3_dukebodycount.foo
0xC004BB6A	/data/levels/region_01/scripts/oa1_3_mortarcount.foo
0x9A5C22A5	/data/levels/region_01/scripts/oa1_ammofuzzle.foo
0xACA2F4B5	/data/levels/region_01/scripts/oa1_bossfire.foo
0xFE12C1A6	/data/levels/region_01/scripts/oa1_cautioustownsfolk_01.foo
0x7886B308	/data/levels/region_01/scripts/oa1_cautioustownsfolk_02.foo
0xE62476DD	/data/levels/region_01/scripts/oa1_chargethroughdoor_03.foo
0xFB214665	/data/levels/region_01/scripts/oa1_chargethroughdoor_04.foo
0x8F300017	/data/levels/region_01/scripts/oa1_cine_bosscuttersflee.foo
0x9FA62B89	/data/levels/region_01/scripts/oa1_cine_enterboss.foo
0xBF000383	/data/levels/region_01/scripts/oa1_cine_firstrockslide.foo
0xB04C1BD3	/data/levels/region_01/scripts/oa1_cine_firstrockslide_trigger.foo
0x870DC7A1	/data/levels/region_01/scripts/oa1_cine_gotfilthyhandsfloyd.foo
0x932F4035	/data/levels/region_01/scripts/oa1_cine_showtownsfolk.foo
0x22F6AED7	/data/levels/region_01/scripts/oa1_cine_townsfolkopensdoor.foo
0x8A500ADA	/data/levels/region_01/scripts/oa1_countenemies_wave1.foo
0x84E7D8D0	/data/levels/region_01/scripts/oa1_cutter_beatonthing_01.foo
0x0273AA7E	/data/levels/region_01/scripts/oa1_cutter_beatonthing_02.foo
0xC92F79DB	/data/levels/region_01/scripts/oa1_cutter_beatonthing_03.foo
0xD42A4963	/data/levels/region_01/scripts/oa1_cutter_beatonthing_04.foo
0x532FD3A3	/data/levels/region_01/scripts/oa1_emb_bs_01.foo
0xBE898C0B	/data/levels/region_01/scripts/oa1_emb_reinforceoutlaw_01.foo
0x381DFEA5	/data/levels/region_01/scripts/oa1_emb_reinforceoutlaw_02.foo
0x687DAA60	/data/levels/region_01/scripts/oa1_emb_round1_specialshooter.foo
0xCBAD151C	/data/levels/region_01/scripts/oa1_emb_round1guy.foo
0xF22029D9	/data/levels/region_01/scripts/oa1_emb_round2guy.foo
0x9D27C047	/data/levels/region_01/scripts/oa1_filthyhandsfloyd_emb.foo
0xF6E044D2	/data/levels/region_01/scripts/oa1_finaltownsfolk_wavethree.foo
0x25E1E3AD	/data/levels/region_01/scripts/oa1_finaltownsfolk_wavetwo.foo
0x13E6662B	/data/levels/region_01/scripts/oa1_finaltownsfolkpickaxe_01.foo
0x95721485	/data/levels/region_01/scripts/oa1_finaltownsfolkpickaxe_02.foo
0x61ACF794	/data/levels/region_01/scripts/oa1_finaltownsfolktotown_01.foo
0xE738853A	/data/levels/region_01/scripts/oa1_finaltownsfolktotown_02.foo
0xB2BC0790	/data/levels/region_01/scripts/oa1_firstcuttercharge_01.foo
0x3428753E	/data/levels/region_01/scripts/oa1_firstcuttercharge_02.foo
0x576BF2EA	/data/levels/region_01/scripts/oa1_guarddemolitions.foo
0x6C2300E0	/data/levels/region_01/scripts/oa1_midtownsfolkintowagons.foo
0x232250A4	/data/levels/region_01/scripts/oa1_nailerscharge_01.foo
0xA5B6220A	/data/levels/region_01/scripts/oa1_nailerscharge_02.foo
0x857478E3	/data/levels/region_01/scripts/oa1_needtobountyboss.foo
0xE94C6B3F	/data/levels/region_01/scripts/oa1_outlaw_patrolwagons.foo
0x5F5EE36C	/data/levels/region_01/scripts/oa1_outlaw_patrolwagons_02.foo
0x940230C9	/data/levels/region_01/scripts/oa1_outlaw_patrolwagons_03.foo
0x2E3E907B	/data/levels/region_01/scripts/oa1_outlawruntowagons_01.foo
0xC4108B06	/data/levels/region_01/scripts/oa1_playfhftaunts_01.foo
0x835F9A3E	/data/levels/region_01/scripts/oa1_postshowtownsfolk.foo
0xC0F76013	/data/levels/region_01/scripts/oa1_pretownsfolkcheck.foo
0xF049DB7D	/data/levels/region_01/scripts/oa1_shooter_shootwagon_01.foo
0x76DDA9D3	/data/levels/region_01/scripts/oa1_shooter_shootwagon_02.foo
0x380D464F	/data/levels/region_01/scripts/oa1_shootingoutlaw_01.foo
0xF3EB174F	/data/levels/region_01/scripts/oa1_showtownsfolk.foo
0xBF6EF574	/data/levels/region_01/scripts/oa1_spawncuttersimmediately_01.foo
0x19AB3735	/data/levels/region_01/scripts/oa1_spawnextrashooter.foo
0xC7E56825	/data/levels/region_01/scripts/oa1_spawnfirstcutters_01.foo
0xD5EF43E7	/data/levels/region_01/scripts/oa1_spawnoutlaw_02.foo
0x7DE28C07	/data/levels/region_01/scripts/oa1_spawntownsfolk_01.foo
0xFB76FEA9	/data/levels/region_01/scripts/oa1_spawntownsfolk_02.foo
0xF92D1844	/data/levels/region_01/scripts/oa1_spawnwhichreinforcements.foo
0x0B1733D1	/data/levels/region_01/scripts/oa1_startopendoorcine.foo
0x209035EA	/data/levels/region_01/scripts/oa1_thirdrockslidefalls.foo
0xDB9E3AAD	/data/levels/region_01/scripts/oa1_townsfolk_runtowagon_01.foo
0x5D0A4803	/data/levels/region_01/scripts/oa1_townsfolk_runtowagon_02.foo
0x96569BA6	/data/levels/region_01/scripts/oa1_townsfolk_runtowagon_03.foo
0x8B53AB1E	/data/levels/region_01/scripts/oa1_townsfolk_runtowagon_04.foo
0x400F78BB	/data/levels/region_01/scripts/oa1_townsfolk_runtowagon_05.foo
0xC69B0A15	/data/levels/region_01/scripts/oa1_townsfolk_runtowagon_06.foo
0x0DC7D9B0	/data/levels/region_01/scripts/oa1_townsfolk_runtowagon_07.foo
0xB6B5E2BC	/data/levels/region_01/scripts/oa1_townsfolk_runtowagon_10.foo
0x64580D59	/data/levels/region_01/scripts/oa1_townsfolk_runtowagon_8.foo
0xAF04DEFC	/data/levels/region_01/scripts/oa1_townsfolk_runtowagon_9.foo
0xB5CF43AD	/data/levels/region_01/scripts/oa1_townsfolkdialog_cautious01.foo
0xD78BB022	/data/levels/region_01/scripts/oa1_townsfolkdialog_herring01.foo
0x56E58B3E	/data/levels/region_01/scripts/oa1_townsfolkdialog_okay01.foo
0x42D5C4BF	/data/levels/region_01/scripts/oa1_townsfolkdialog_redeem01.foo
0x085AE5D4	/data/levels/region_01/scripts/oa1_townsfolkdialog_redeem_mine01.foo
0x672BB401	/data/levels/region_01/scripts/oa1_townsfolkdialog_rocks01.foo
0x97315377	/data/levels/region_01/scripts/oa1_townsfolkdialog_sales01.foo
0xBD6ACA15	/data/levels/region_01/scripts/oa1_townsfolkdialog_totown01.foo
0x3BFEB8BB	/data/levels/region_01/scripts/oa1_townsfolkdialog_totown02.foo
0x6588DC2C	/data/levels/region_01/scripts/oa1_trackshooterstate.foo
0xF95715E0	/data/levels/region_01/scripts/oa1_waittospawncutters.foo
0xAD4A7C9C	/data/levels/region_01/scripts/oa1_wanderatwagons.foo
0xDF21B56F	/data/levels/region_01/scripts/oa1_whimperinwagons.foo
0x52E1433F	/data/levels/region_01/scripts/oa1_whimperinwagons_02.foo
0x713E113F	/data/levels/region_01/scripts/oa_01_1_teleport.foo
0x5BD404CD	/data/levels/region_01/scripts/oa_01_3_cin_gotlooten.foo
0x95C618BB	/data/levels/region_01/scripts/oa_01_3_cin_lootenentnew.foo
0x008DB952	/data/levels/region_01/scripts/oa_01_3_empty.foo
0x4C1391AD	/data/levels/region_01/scripts/oa_01_3_lootenduke.foo
0xB77A7C4D	/data/levels/region_01/scripts/oa_01_3_patrol.foo
0xDACDFE8E	/data/levels/region_01/scripts/oa_01_3_patrolb.foo
0x827E20A1	/data/levels/region_01/scripts/oa_01_3_powertime.foo
0x67AB4CFB	/data/levels/region_01/scripts/oa_01_3_victory.foo
0xD7B04E1D	/data/levels/region_01/scripts/oa_01_3_zapper.foo
0xBAE46889	/data/levels/region_01/scripts/oa_01_3_zapper2.foo
0x71B8BB2C	/data/levels/region_01/scripts/oa_01_3_zapper3.foo
0x6CBD8B94	/data/levels/region_01/scripts/oa_01_3_zapper4.foo
0xA7E15831	/data/levels/region_01/scripts/oa_01_3_zapper5.foo
0xAFE065DC	/data/levels/region_01/scripts/oa_01_3_zotbox.foo
0xF8037E91	/data/levels/region_01/scripts/oa_01_3_zotbox02.foo
0x335FAD34	/data/levels/region_01/scripts/oa_01_3_zotbox03.foo
0x2E5A9D8C	/data/levels/region_01/scripts/oa_01_3_zotbox04.foo
0xE5064E29	/data/levels/region_01/scripts/oa_01_3_zotbox05.foo
0x26A90BA4	/data/levels/region_01/scripts/patrol2.foo
0x25551609	/data/levels/region_01/scripts/steef.foo
0x5151CD60	/data/levels/region_01/scripts/tn1_admirerers.foo
0x351822B0	/data/levels/region_01/scripts/tn1_admirers1.foo
0xB38C501E	/data/levels/region_01/scripts/tn1_admirers2.foo
0x78D083BB	/data/levels/region_01/scripts/tn1_admirers3.foo
0x65D5B303	/data/levels/region_01/scripts/tn1_admirers4.foo
0xA10510F3	/data/levels/region_01/scripts/tn1_bosschatter.foo
0x040DB41D	/data/levels/region_01/scripts/tn1_bountycheck.foo
0x8F803971	/data/levels/region_01/scripts/tn1_bountycount.foo
0xAD90F298	/data/levels/region_01/scripts/tn1_deserters.foo
0x21CA2DCF	/data/levels/region_01/scripts/tn1_deserters1.foo
0xA1CF0B57	/data/levels/region_01/scripts/tn1_doc_panicjob.foo
0x59E5A736	/data/levels/region_01/scripts/tn1_generalstoreseeya.foo
0x42FF70FD	/data/levels/region_01/scripts/tn1_generatorfix.foo
0x244E77BA	/data/levels/region_01/scripts/tn1_gsboilzjail.foo
0x2FE3490C	/data/levels/region_01/scripts/tn1_gsdukejail.foo
0x89D3E85D	/data/levels/region_01/scripts/tn1_gsfloydjail.foo
0xE88611A2	/data/levels/region_01/scripts/tn1_jailconversations.foo
0x7582643D	/data/levels/region_01/scripts/tn1_maingate_trigger.foo
0x7248FE9A	/data/levels/region_01/scripts/tn1_movies.foo
0xBE6B5B9B	/data/levels/region_01/scripts/tn1_postboilzanimate.foo
0x3CD7FB25	/data/levels/region_01/scripts/tn1_postboilzjob.foo
0xB3C275E9	/data/levels/region_01/scripts/tn1_townsfolk_deserter.foo
0xEB7E3F84	/data/levels/region_01/scripts/tn1_townsfolk_helpful.foo
0x91359281	/data/levels/region_01/scripts/tn1_townsfolkfinal.foo
0x9B00DC0D	/data/levels/region_01/scripts/tn1_tripcounter.foo
0x73B9DB18	/data/levels/region_01/scripts/tn1_tutorialtext2.foo
0x94D03A4F	/data/levels/region_01/scripts/tn1_victorydance.foo
0x641FEBC9	/data/levels/region_01/scripts/town_01_1_bossreveal.foo
0xBAF3DCA9	/data/levels/region_01/scripts/town_01_1_panicchicks.foo
0x665952A7	/data/levels/region_01/scripts/town_01_1bountystore01.foo
0xE0CD2009	/data/levels/region_01/scripts/town_01_1bountystore02.foo
0x15D3BEA4	/data/levels/region_01/scripts/town_01_1bountystoreboilz.foo
0x8D1BEEA0	/data/levels/region_01/scripts/town_01_1bountystoreduke.foo
0xD49F9B05	/data/levels/region_01/scripts/town_01_1bountystorefhf.foo
0x75FE05BB	/data/levels/region_01/scripts/town_cine_01_1exit.foo
0x8B88DB62	/data/levels/region_01/scripts/town_door_activate_01.foo
0x0D1CA9CC	/data/levels/region_01/scripts/town_door_activate_02.foo
0xC6407A69	/data/levels/region_01/scripts/town_door_activate_03.foo
0xDB454AD1	/data/levels/region_01/scripts/town_door_activate_04.foo
0x10199974	/data/levels/region_01/scripts/town_door_activate_05.foo
0x968DEBDA	/data/levels/region_01/scripts/town_door_activate_06.foo
0x3301AF6D	/data/levels/region_01/scripts/town_door_exitbountystore.foo
0x1433A75F	/data/levels/region_01/scripts/town_door_jail_activate_01.foo
0x92A7D5F1	/data/levels/region_01/scripts/town_door_jail_activate_02.foo
0x7C2587E4	/data/levels/region_01/scripts/tr1_cine_transitiononebridge_fight.foo
0x2FB20316	/data/levels/region_01/scripts/tr1_gohome_01.foo
0xC8D6CBCE	/data/levels/region_01/scripts/tr1_sowseeds_01.foo
0xA360420C	/data/levels/region_01/scripts/tr1_townsfolkdialog_bounties01.foo
0x00F6D1EA	/data/levels/region_01/scripts/tr1_townsfolkdialog_chores01.foo
0x957B622E	/data/levels/region_01/scripts/tr1_usehammer_01.foo
0x13EF1080	/data/levels/region_01/scripts/tr1_usehammer_02.foo
0x6CB77587	/data/levels/region_01/scripts/tr1_workonroof.foo
0x4195E2E8	/data/levels/region_01/town_01_1_area_0_0.geo
0x8D3FE276	/data/levels/region_01/town_01_1_area_1_0.geo
0x466331D3	/data/levels/region_01/town_01_1_area_1_1.geo
0x03B0E595	/data/levels/region_01/town_01_1_area_2_0.geo
0xCF1AE50B	/data/levels/region_01/town_01_1_area_3_0.geo
0xC5DFEC12	/data/levels/region_01/town_01_1_area_4_0.geo
0x4B50EBF1	/data/levels/region_01/town_01_1_area_7_0.geo
0x9270F95D	/data/levels/region_01/town_01_1_area_8_0.geo
0x5EDAF9C3	/data/levels/region_01/town_01_1_area_9_0.geo
0x59CDB1B0	/data/levels/region_01/town_01_1_proxy_5_0.geo
0xD742B653	/data/levels/region_01/town_01_1_proxy_6_0.geo
0x5C02F5C2	/data/levels/region_01/trans_01_1_area_0_0.geo
0x975E2667	/data/levels/region_01/trans_01_1_area_0_1.geo
0xCB2F6704	/data/levels/region_01/trans_01_1_area_10_0.geo
0x90A8F55C	/data/levels/region_01/trans_01_1_area_1_0.geo
0x1E27F2BF	/data/levels/region_01/trans_01_1_area_2_0.geo
0xD28DF221	/data/levels/region_01/trans_01_1_area_3_0.geo
0xD848FB38	/data/levels/region_01/trans_01_1_area_4_0.geo
0x14E2FBA6	/data/levels/region_01/trans_01_1_area_5_0.geo
0xA0B8FA04	/data/levels/region_02/cinematics/outlaw_2_1a/c04/c04_minb_minionb.gr2
0x670D76C9	/data/levels/region_02/cinematics/outlaw_2_1b/c01/c01_stf_d_stf_d.gr2
0x22F05D0E	/data/levels/region_02/cinematics/outlaw_2_1c/c01/c01_mina_miniona.gr2
0x0DB6B5EF	/data/levels/region_02/cinematics/outlaw_2_1c/c02/c02_minb_minionb.gr2
0x4127DF63	/data/levels/region_02/cinematics/outlaw_2_1c/c03/c03_minb_minionb.gr2
0x7DA0CC86	/data/levels/region_02/cinematics/outlaw_2_1c/c04/c04_minb_minionb.gr2
0x5190090D	/data/levels/region_02/cinematics/outlaw_2_2a/c01/c01_minc_minionc.gr2
0x4668D440	/data/levels/region_02/cinematics/outlaw_2_3a/c01/c01_minb1_minionb.gr2
0x0676C6C3	/data/levels/region_02/cinematics/outlaw_2_3a/c01/c01_minb_minionb.gr2
0x4842ADB3	/data/levels/region_02/cinematics/outlaw_2_3a/c01/c01_stf_d_stf_d.gr2
0xC1A26251	/data/levels/region_02/cinematics/outlaw_2_3a/c02/c02_2_minb1_minionb.gr2
0x23DB285B	/data/levels/region_02/cinematics/outlaw_2_3a/c02/c02_2_minb_minionb.gr2
0x4F17BC75	/data/levels/region_02/cinematics/outlaw_2_3b/c01/c01_mina_miniona.gr2
0x25AF9F61	/data/levels/region_02/cinematics/outlaw_2_3b/c02/c02_cutr_minionb.gr2
0x24E82F52	/data/levels/region_02/cinematics/outlaw_2_3b/c02/c02_mina1_miniona.gr2
0x9AA403E1	/data/levels/region_02/cinematics/outlaw_2_3b/c02/c02_mina_miniona.gr2
0x85CB9DFA	/data/levels/region_02/cinematics/outlaw_2_3d/c01/c01_stf_d_stf_d.gr2
0x765F24B5	/data/levels/region_02/cinematics/outlaw_2_3d/c01/c01_twnsflk1_townsfolk.gr2
0xA9E1843A	/data/levels/region_02/cinematics/outlaw_2_3d/c01/c01_twnsflk_townsfolk.gr2
0x5635EDD8	/data/levels/region_02/cinematics/outlaw_2_3d/c02/c02_stf_d_stf_d.gr2
0x2036B0A0	/data/levels/region_02/cinematics/outlaw_2_3d/c03/c03_twnsflk1_townsfolk.gr2
0x62D63B6D	/data/levels/region_02/cinematics/outlaw_2_3e/c01/c01_stf_d_stf_d.gr2
0x2D2A9D64	/data/levels/region_02/cinematics/outlaw_2_3e/c02/c02_mcgt_mcgt.gr2
0xB1284B4F	/data/levels/region_02/cinematics/outlaw_2_3e/c02/c02_stf_d_stf_d.gr2
0xE62537B3	/data/levels/region_02/cinematics/outlaw_2_3e/c03/c03_mcgt_mcgt.gr2
0x4952996E	/data/levels/region_02/cinematics/outlaw_2_3e/c03/c03_stf_d_stf_d.gr2
0x9A97EB35	/data/levels/region_02/cinematics/outlaw_2_4a/c01/c01_stf_d_stf_d.gr2
0xF3ACC76C	/data/levels/region_02/cinematics/outlaw_2_4a/c02/c02_twnsflk_townsfolk.gr2
0xB1134936	/data/levels/region_02/cinematics/outlaw_2_4a/c03/c03_stf_d_stf_d.gr2
0x733C5F56	/data/levels/region_02/cinematics/outlaw_2_4a/c03/c03_twnsflk_townsfolk.gr2
0x35E47D12	/data/levels/region_02/cinematics/outlaw_2_4a/c04/c04_stf_d_stf_d.gr2
0x607361DC	/data/levels/region_02/cinematics/outlaw_2_4b/c01/c01_twnsflk_townsfolk.gr2
0xA9AAA42C	/data/levels/region_02/cinematics/town_2_1a/c02/c02_mina_miniona.gr2
0x8D32BD33	/data/levels/region_02/cinematics/town_2_1a/c02/c02_stf_d_stf_d.gr2
0x75486F12	/data/levels/region_02/cinematics/town_2_1a/c03/c03_stf_d_stf_d.gr2
0xD9BCDD45	/data/levels/region_02/cinematics/town_2_1a/c04/c04_mina_miniona.gr2
0xF1BF5B36	/data/levels/region_02/cinematics/town_2_1a/c04/c04_stf_d_stf_d.gr2
0x09C58917	/data/levels/region_02/cinematics/town_2_1a/c05/c05_stf_d_stf_d.gr2
0xAF2F26F2	/data/levels/region_02/native_02_1_area_0_0.geo
0x3B3341B2	/data/levels/region_02/native_02_1_area_12_0.geo
0x6385266C	/data/levels/region_02/native_02_1_area_1_0.geo
0xA8D9F5C9	/data/levels/region_02/native_02_1_area_1_1.geo
0xED0A218F	/data/levels/region_02/native_02_1_area_2_0.geo
0x2656F22A	/data/levels/region_02/native_02_1_area_2_1.geo
0x21A02111	/data/levels/region_02/native_02_1_area_3_0.geo
0xEAFCF2B4	/data/levels/region_02/native_02_1_area_3_1.geo
0x2B652808	/data/levels/region_02/native_02_1_area_4_0.geo
0xE039FBAD	/data/levels/region_02/native_02_1_area_4_1.geo
0xE7CF2896	/data/levels/region_02/native_02_1_area_5_0.geo
0x2C93FB33	/data/levels/region_02/native_02_1_area_5_1.geo
0x57D0DB68	/data/levels/region_02/nav_02_1_area_0_0.geo
0x9C8C08CD	/data/levels/region_02/nav_02_1_area_0_1.geo
0x211FFC72	/data/levels/region_02/nav_02_1_area_10_0.geo
0xEA432FD7	/data/levels/region_02/nav_02_1_area_10_1.geo
0x9B7ADBF6	/data/levels/region_02/nav_02_1_area_1_0.geo
0x50260853	/data/levels/region_02/nav_02_1_area_1_1.geo
0xD438C029	/data/levels/region_02/nav_02_1_area_21_0.geo
0x5AB7C7CA	/data/levels/region_02/nav_02_1_area_22_0.geo
0x15F5DC15	/data/levels/region_02/nav_02_1_area_2_0.geo
0xDEA90FB0	/data/levels/region_02/nav_02_1_area_2_1.geo
0x583D7D1E	/data/levels/region_02/nav_02_1_area_2_2.geo
0x9361AEBB	/data/levels/region_02/nav_02_1_area_2_3.geo
0xD95FDC8B	/data/levels/region_02/nav_02_1_area_3_0.geo
0x12030F2E	/data/levels/region_02/nav_02_1_area_3_1.geo
0x94977D80	/data/levels/region_02/nav_02_1_area_3_2.geo
0x5FCBAE25	/data/levels/region_02/nav_02_1_area_3_3.geo
0xD39AD592	/data/levels/region_02/nav_02_1_area_4_0.geo
0x18C60637	/data/levels/region_02/nav_02_1_area_4_1.geo
0x1F30D50C	/data/levels/region_02/nav_02_1_area_5_0.geo
0xD46C06A9	/data/levels/region_02/nav_02_1_area_5_1.geo
0x52F87407	/data/levels/region_02/nav_02_1_area_5_2.geo
0x99A4A7A2	/data/levels/region_02/nav_02_1_area_5_3.geo
0x91BFD2EF	/data/levels/region_02/nav_02_1_area_6_0.geo
0x5AE3014A	/data/levels/region_02/nav_02_1_area_6_1.geo
0x5D15D271	/data/levels/region_02/nav_02_1_area_7_0.geo
0x964901D4	/data/levels/region_02/nav_02_1_area_7_1.geo
0x10DD737A	/data/levels/region_02/nav_02_1_area_7_2.geo
0x8435C0DD	/data/levels/region_02/nav_02_1_area_8_0.geo
0x4F691378	/data/levels/region_02/nav_02_1_area_8_1.geo
0xC9FD61D6	/data/levels/region_02/nav_02_1_area_8_2.geo
0x02A1B273	/data/levels/region_02/nav_02_1_area_8_3.geo
0x489FC043	/data/levels/region_02/nav_02_1_area_9_0.geo
0x83C313E6	/data/levels/region_02/nav_02_1_area_9_1.geo
0xFF566AF9	/data/levels/region_02/nav_02_3_area_0_0.geo
0x340AB95C	/data/levels/region_02/nav_02_3_area_0_1.geo
0x33FC6A67	/data/levels/region_02/nav_02_3_area_1_0.geo
0xBD736D84	/data/levels/region_02/nav_02_3_area_2_0.geo
0x71D96D1A	/data/levels/region_02/nav_02_3_area_3_0.geo
0x7B1C6403	/data/levels/region_02/nav_02_3_area_4_0.geo
0x5F4BE943	/data/levels/region_02/outlaw_02_1_area_0_0.geo
0x94173AE6	/data/levels/region_02/outlaw_02_1_area_0_1.geo
0xC580A11A	/data/levels/region_02/outlaw_02_1_area_10_0.geo
0x0EDC72BF	/data/levels/region_02/outlaw_02_1_area_10_1.geo
0x092AA184	/data/levels/region_02/outlaw_02_1_area_11_0.geo
0xC2767221	/data/levels/region_02/outlaw_02_1_area_11_1.geo
0x87A5A667	/data/levels/region_02/outlaw_02_1_area_12_0.geo
0x4CF975C2	/data/levels/region_02/outlaw_02_1_area_12_1.geo
0x03EFA89D	/data/levels/region_02/outlaw_02_1_area_16_0.geo
0x93E1E9DD	/data/levels/region_02/outlaw_02_1_area_1_0.geo
0x58BD3A78	/data/levels/region_02/outlaw_02_1_area_1_1.geo
0x1D6EEE3E	/data/levels/region_02/outlaw_02_1_area_2_0.geo
0xD6323D9B	/data/levels/region_02/outlaw_02_1_area_2_1.geo
0x50A64F35	/data/levels/region_02/outlaw_02_1_area_2_2.geo
0xD1C4EEA0	/data/levels/region_02/outlaw_02_1_area_3_0.geo
0x1A983D05	/data/levels/region_02/outlaw_02_1_area_3_1.geo
0xDB01E7B9	/data/levels/region_02/outlaw_02_1_area_4_0.geo
0x105D341C	/data/levels/region_02/outlaw_02_1_area_4_1.geo
0x17ABE727	/data/levels/region_02/outlaw_02_1_area_5_0.geo
0xDCF73482	/data/levels/region_02/outlaw_02_1_area_5_1.geo
0x9924E0C4	/data/levels/region_02/outlaw_02_1_area_6_0.geo
0x52783361	/data/levels/region_02/outlaw_02_1_area_6_1.geo
0x558EE05A	/data/levels/region_02/outlaw_02_1_area_7_0.geo
0x8CAEF2F6	/data/levels/region_02/outlaw_02_1_area_8_0.geo
0x47F22153	/data/levels/region_02/outlaw_02_1_area_8_1.geo
0x4004F268	/data/levels/region_02/outlaw_02_1_area_9_0.geo
0x8B5821CD	/data/levels/region_02/outlaw_02_1_area_9_1.geo
0x4E36833A	/data/levels/region_02/outlaw_02_2_area_0_0.geo
0x856A509F	/data/levels/region_02/outlaw_02_2_area_0_1.geo
0x829C83A4	/data/levels/region_02/outlaw_02_2_area_1_0.geo
0x49C05001	/data/levels/region_02/outlaw_02_2_area_1_1.geo
0x0C138447	/data/levels/region_02/outlaw_02_2_area_2_0.geo
0xC74F57E2	/data/levels/region_02/outlaw_02_2_area_2_1.geo
0xC0B984D9	/data/levels/region_02/outlaw_02_2_area_3_0.geo
0x0BE5577C	/data/levels/region_02/outlaw_02_2_area_3_1.geo
0xCA7C8DC0	/data/levels/region_02/outlaw_02_2_area_4_0.geo
0x01205E65	/data/levels/region_02/outlaw_02_2_area_4_1.geo
0x87B42CCB	/data/levels/region_02/outlaw_02_2_area_4_2.geo
0x06D68D5E	/data/levels/region_02/outlaw_02_2_area_5_0.geo
0xCD8A5EFB	/data/levels/region_02/outlaw_02_2_area_5_1.geo
0x4B1E2C55	/data/levels/region_02/outlaw_02_2_area_5_2.geo
0x8E8A84E7	/data/levels/region_02/outlaw_02_3_area_11_0.geo
0xBF2D56B6	/data/levels/region_02/outlaw_02_3_area_5_0.geo
0x31A25155	/data/levels/region_02/outlaw_02_3_area_6_0.geo
0x6CCC57C8	/data/levels/region_02/outlaw_02_4_area_0_0.geo
0xA790846D	/data/levels/region_02/outlaw_02_4_area_0_1.geo
0x6C3C67B9	/data/levels/region_02/outlaw_02_4_area_18_0.geo
0xA0665756	/data/levels/region_02/outlaw_02_4_area_1_0.geo
0x6B3A84F3	/data/levels/region_02/outlaw_02_4_area_1_1.geo
0x2EE950B5	/data/levels/region_02/outlaw_02_4_area_2_0.geo
0xE243502B	/data/levels/region_02/outlaw_02_4_area_3_0.geo
0xE8865932	/data/levels/region_02/outlaw_02_4_area_4_0.geo
0x242C59AC	/data/levels/region_02/outlaw_02_4_area_5_0.geo
0xAAA35E4F	/data/levels/region_02/outlaw_02_4_area_6_0.geo
0x61FF8DEA	/data/levels/region_02/outlaw_02_4_area_6_1.geo
0x66095ED1	/data/levels/region_02/outlaw_02_4_area_7_0.geo
0xBF294C7D	/data/levels/region_02/outlaw_02_4_area_8_0.geo
0x73834CE3	/data/levels/region_02/outlaw_02_4_area_9_0.geo
0xBE8DADEE	/data/levels/region_02/scripts/n1_cine_sewertownsfolk_trigger.foo
0x5FC7EF05	/data/levels/region_02/scripts/oa1_packrat_emb.foo
0xAD6F4B1D	/data/levels/region_02/scripts/oa1_spawnlast_pyro_01.foo
0x2BFB39B3	/data/levels/region_02/scripts/oa1_spawnlast_pyro_02.foo
0xAC881A72	/data/levels/region_02/scripts/oa1_spawnlast_shooters.foo
0x4C4356A6	/data/levels/region_02/scripts/oa2_piledriver.foo
0x82554AA1	/data/levels/region_02/scripts/oa2_townsfolk_daughterconv.foo
0xECC870B0	/data/levels/region_02/scripts/oa2_townsfolk_talk2farmer.foo
0xF2406711	/data/levels/region_02/scripts/tn2_chattyclerk.foo
0x8545E827	/data/levels/region_02/scripts/tn2_eugenespeech.foo
0x241CCE28	/data/levels/region_02/scripts/tn2_sewerworkergs.foo
0x98D86A94	/data/levels/region_02/town_02_1_area_11_0.geo
0x16576D77	/data/levels/region_02/town_02_1_area_12_0.geo
0x921D638D	/data/levels/region_02/town_02_1_area_16_0.geo
0x5EB76313	/data/levels/region_02/town_02_1_area_17_0.geo
0x879771BF	/data/levels/region_02/town_02_1_area_18_0.geo
0xEB480FA1	/data/levels/region_02/town_02_1_area_1_0.geo
0x6DFF56CF	/data/levels/region_02/town_02_1_area_20_0.geo
0xA3A801C5	/data/levels/region_02/town_02_1_area_4_0.geo
0x6F02015B	/data/levels/region_02/town_02_1_area_5_0.geo
0x2D270626	/data/levels/region_02/town_02_1_area_7_0.geo
0xE67BD583	/data/levels/region_02/town_02_1_area_7_1.geo
0x38AD1414	/data/levels/region_02/town_02_1_area_9_0.geo
0x3BA04A39	/data/levels/region_02/trans_02_1_area_6_0.geo
0x00000003	/data/prefs/artifacts/ammobagsmall.txt
0x00000001	/data/prefs/artifacts/attracterchipmunk.txt
0x00000001	/data/prefs/artifacts/attracterfuzzle.txt
0x00000001	/data/prefs/artifacts/binoculars.txt
0x00000005	/data/prefs/artifacts/damagedynamite.txt
0x00000001	/data/prefs/artifacts/endurancemaxboost1.txt
0x00000032	/data/prefs/artifacts/immobilizespiderbola.txt
0x00000003	/data/prefs/artifacts/immobilizespiderbolaextendersmall.txt
0x00000032	/data/prefs/artifacts/trapfuzzle.txt
0x083796D7	/data/prefs/motionanimconfig/critters/armadilloweapon.txt
0x083796D7	/data/prefs/motionanimconfig/critters/beegunweapon.txt
0x083796D7	/data/prefs/motionanimconfig/critters/fuzzleattack.txt
0x083796D7	/data/prefs/motionanimconfig/critters/fuzzleweapon.txt
0x083796D7	/data/prefs/motionanimconfig/critters/hivequeenweapon.txt
0x083796D7	/data/prefs/motionanimconfig/critters/skunkweapon.txt
0x083796D7	/data/prefs/motionanimconfig/critters/spiderweapon.txt
0x083796D7	/data/prefs/motionanimconfig/critters/squirrelweapon.txt
0x083796D7	/data/prefs/motionanimconfig/critters/sulphurbatweapon.txt
0x40800000	/data/prefs/motionanimconfig/outlawboss_movieboss.txt
0x3F800000	/data/prefs/motionanimconfig/outlawboss_splosivesmcgree.txt
0x40800000	/data/prefs/motionanimconfig/outlawcutter.txt
0x40800000	/data/prefs/motionanimconfig/outlawmortar.txt
0x40800000	/data/prefs/motionanimconfig/outlawshooter.txt
0x40800000	/data/prefs/motionanimconfig/outlawsniper.txt
0x40800000	/data/prefs/motionanimconfig/steef.txt
0x40800000	/data/prefs/motionanimconfig/stranger.txt
0x40200000	/data/prefs/motionanimconfig/townsfolkfemale.txt
0x40800000	/data/prefs/motionanimconfig/vykkerdoc.txt
0x7478742E	/data/prefs/motionanimconfig/weapons/scope.txt
0x74668510	/data/scripts/jobs/gameplay/combatgoto_1.foo
0xDF81C135	/data/scripts/jobs/gameplay/npc_all_chargeat01.foo
0x672B193B	/data/scripts/jobs/gameplay/patrol_3ping_wait_3.foo
0x95B0335A	/data/textures/attachments/bonnet.bmp
0xF1459E4C	/data/textures/attachments/bountycan.bmp
0x0BC15F95	/data/textures/attachments/brownhat.bmp
0xBD17A214	/data/textures/attachments/cutter_bladescolormap.bmp
0x914931FB	/data/textures/attachments/fryingpan.bmp
0x088D8356	/data/textures/attachments/hammer.bmp
0xE3C20CDE	/data/textures/attachments/hat_gi.tga
0xC0CD17C3	/data/textures/attachments/knuckles.bmp
0x6F9781B7	/data/textures/attachments/laptop.bmp
0x42462270	/data/textures/attachments/mortar_colormap.tga
0x08D91825	/data/textures/attachments/mortarhat.tga
0x720EEA60	/data/textures/attachments/outlaw_flamethrower.bmp
0x593244E5	/data/textures/attachments/outlaw_flamethrower.tga
0x6C248637	/data/textures/attachments/outlaw_rifle.tga
0x45B0165E	/data/textures/attachments/outlaw_semiauto.tga
0x149BA916	/data/textures/attachments/outlaw_skullhat.tga
0xF26A8434	/data/textures/attachments/outlaw_sniperrifle.bmp
0xD9562AB1	/data/textures/attachments/outlaw_sniperrifle.tga
0x1335D632	/data/textures/attachments/seedbag.bmp
0x863C3ACF	/data/textures/attachments/slicerblades.tga
0xA4CFF7E1	/data/textures/attachments/snipergoggles4.tga
0xFFF06D79	/data/textures/attachments/spikehelm02.bmp
0x2F673A55	/data/textures/attachments/surgerybid.bmp
0x5DAFF0AD	/data/textures/attachments/surgerybidback.bmp
0xB77DD8EC	/data/textures/attachments/thirdpersonxbow_colormap.bmp
0x37A8DE00	/data/textures/attachments/truckhat.bmp
0x854A5622	/data/textures/attachments/truckhatbgreen.bmp
0xA3CBE297	/data/textures/attachments/truckhatblue.bmp
0x6807E10C	/data/textures/attachments/yellowhelmet.bmp
0x80903895	/data/textures/character/badmortar/badmortar_colormap.tga
0x592A5675	/data/textures/character/badmortar/badmortargear_colormap.tga
0x09F12772	/data/textures/character/bomber/bomber_colormap.tga
0xE5AB51AF	/data/textures/character/bomber/bombpack_color.tga
0x782D1551	/data/textures/character/critters/armadillo_bug/abug_hair_01.tga
0xCB4D2D5E	/data/textures/character/critters/armadillo_bug/armadillo_onbow_colormap.bmp
0x25F9D1DC	/data/textures/character/critters/fuzzle/fuzz_df.tga
0xE327CABD	/data/textures/character/critters/fuzzle/fuzz_gloss.tga
0xF2E7548D	/data/textures/character/critters/fuzzle/fuzzle_hair_01.tga
0xDF650CAE	/data/textures/character/critters/spider/spider_colormap.bmp
0x22F1551A	/data/textures/character/critters/spider/spider_gloss.bmp
0xE8E801A3	/data/textures/character/critters/squirrel/squirrel_color.bmp
0x3D23BFE0	/data/textures/character/critters/squirrel/squirrel_gloss.bmp
0x8DAA95DF	/data/textures/character/critters/squirrel/squirrel_hair2_gloss.tga
0x1CAF7F26	/data/textures/character/critters/squirrel/squirrel_hair_01.tga
0x9A3B0D88	/data/textures/character/critters/squirrel/squirrel_hair_02.tga
0x75F6D068	/data/textures/character/critters/squirrel/squirrel_hair_gloss.tga
0x536EAE77	/data/textures/character/critters/sulphurbat/bat_eye_01.tga
0xFD1B3133	/data/textures/character/critters/sulphurbat/bat_hair_01.tga
0x895E6567	/data/textures/character/critters/sulphurbat/bat_hair_01_gloss.tga
0x3712EBAC	/data/textures/character/critters/sulphurbat/bat_wing.tga
0x355E8811	/data/textures/character/critters/sulphurbat/sulphurbat_colormap.bmp
0xFE78799A	/data/textures/character/cutter/cutter_colormap.tga
0x9FAF66C9	/data/textures/character/cutter/knives_sheathe.bmp
0xB493C84C	/data/textures/character/cutter/knives_sheathe.tga
0x980D4427	/data/textures/character/farmerfoster/farmerfoster_colormap.bmp
0x465D565B	/data/textures/character/filthyhandsfloyd/floyd_colormap.bmp
0x39112FB8	/data/textures/character/filthyhandsfloyd/floydhat_colormap.bmp
0xC0458D15	/data/textures/character/filthyhandsfloyd/floydjail_colormap.bmp
0xE080E830	/data/textures/character/filthyhandsfloyd/floydrifle_colormap.bmp
0x654012B8	/data/textures/character/hunter/hunter_colormap.tga
0xB69D82BA	/data/textures/character/icons/boilz_booty.tga
0x155D5C03	/data/textures/character/icons/empty_icon.tga
0x26F24227	/data/textures/character/icons/filthyhandsfloyd.tga
0xBB77C7EF	/data/textures/character/icons/jomomma.tga
0xA8A54BDF	/data/textures/character/icons/lootenduke.tga
0xD6CA4644	/data/textures/character/icons/meagly_mcgraw2.tga
0x1EBDE792	/data/textures/character/icons/minion_cutter.tga
0x0BE820F2	/data/textures/character/icons/minion_cyborg.tga
0xFB12802C	/data/textures/character/icons/minion_mortar.tga
0x09BD04BF	/data/textures/character/icons/minion_nailer.tga
0x7A8FE763	/data/textures/character/icons/minion_shooter.tga
0xB6C0F29A	/data/textures/character/icons/minion_sniper.tga
0x4837E36B	/data/textures/character/icons/minion_suic.tga
0x398DF43A	/data/textures/character/icons/outlawsemiauto.tga
0x7AFE026A	/data/textures/character/icons/pack_rat_palooka.tga
0x2A2FDE57	/data/textures/character/icons/tiny.tga
0xD1551638	/data/textures/character/jomomma/jomomma_colormap.bmp
0x27DC1751	/data/textures/character/leftylugnutz/leftygear_colormap.bmp
0xB461A84E	/data/textures/character/lootenduke/leadergun_colormap.bmp
0xF254EC35	/data/textures/character/lootenduke/lootenduke_colomap.bmp
0x6C638354	/data/textures/character/lootenduke/lootendukejail_colomap.bmp
0x3C6066B4	/data/textures/character/meaglymcgraw/carriage_colormap.bmp
0xAB52E3B7	/data/textures/character/meaglymcgraw/mcgrawhat_colormap.bmp
0x5F4114B9	/data/textures/character/meaglymcgraw/meaglymcgraw_colormap.bmp
0xA1FEFAD6	/data/textures/character/meaglymcgraw/tiiny_colormap.bmp
0xF49BC5DD	/data/textures/character/miniona/miniona_colormap.tga
0x8AEA5BBC	/data/textures/character/minionb/minb_colormap.tga
0xFF08A167	/data/textures/character/minionb/mortar_colormap.bmp
0x5676BB12	/data/textures/character/minionc/minc_colormap.tga
0xE7E03481	/data/textures/character/native/eye.tga
0x3F29DFAF	/data/textures/character/native/native_colormap.bmp
0xD94C888D	/data/textures/character/native/nativemisc.bmp
0x0B7C05F8	/data/textures/character/outlaw2/outlaw2_jailcolormap.bmp
0xF5796DE1	/data/textures/character/outlaw2/outlaw2colormap.bmp
0xE1BF8A68	/data/textures/character/outlawsemiauto/outlawsemiauto_colormap.tga
0xD3D5AF81	/data/textures/character/outlawsemiauto/semiautoarts_colormap.tga
0xA99C54DD	/data/textures/character/pyro/pyro_colormap.tga
0xAB8FC509	/data/textures/character/pyro/pyrotank_colormap.tga
0x721C0986	/data/textures/character/sewersleg/giantsleg_colormap.tga
0x84A71C18	/data/textures/character/sewersleg/sewersleg_colormap.tga
0x258F8E07	/data/textures/character/townsfolk/townsfolk_clr.bmp
0x29874C90	/data/textures/character/townsfolk/townsfolk_gi.bmp
0xA6867177	/data/textures/character/townsfolkfemale/townsfolkfemale_colormap.bmp
0x86C5A1D1	/data/textures/character/townsfolksewerworker/twnsflk_sewerworker_colormap.bmp
0xB89B58D6	/data/textures/character/townsfolksewerworker/twnsflk_swrworkrhat_colormap.bmp
0x701BFD6B	/data/textures/character/townsfolkstorekeeper/townsfolkstorekeeper_colormap.bmp
0xD22E596F	/data/textures/character/townsfolkstorekeeper/wing_df.tga
0x6FD59A56	/data/textures/character/townsfolkstorekeeper/winglod.tga
0xEF29DBDE	/data/textures/character/ugenius/ugenius_colormap.bmp
0x5355E5FB	/data/textures/character/vykkerdoc/gear_colormap.bmp
0x6B65E9E2	/data/textures/character/vykkerdoc/glass_colormap.tga
0x286AC400	/data/textures/character/vykkerdoc/vykker_colormap.bmp
0xD4938FE5	/data/textures/collectables/energybar.bmp
0xEA35BF4D	/data/textures/collectables/icons/treasurechest.tga
0x2C0EDF61	/data/textures/collectables/money_sack_01.bmp
0xC4DE6DF3	/data/textures/cubemaps/eye_refl_cubeface0.bmp
0x12878EEE	/data/textures/cubemaps/eye_refl_cubeface6.bmp
0x9342DEB3	/data/textures/cubemaps/screenshot01_cubeface0.bmp
0xBA8A6A41	/data/textures/cubemaps/screenshot02_cubeface0.bmp
0x1621F32B	/data/textures/designerart/black_solid.bmp
0xA3BBA2B0	/data/textures/designerart/blue.bmp
0x6798BEDB	/data/textures/designerart/gray.bmp
0x4DAA2C92	/data/textures/detailmaps/default.bmp
0x1C8B346C	/data/textures/detailmaps/fabric_01.bmp
0x2F2A14A2	/data/textures/detailmaps/leaf_01.bmp
0x06E3F525	/data/textures/detailmaps/metal_02.bmp
0xE88FA13C	/data/textures/detailmaps/region_02/r2_concrete_01.bmp
0x6E1BD392	/data/textures/detailmaps/region_02/r2_concrete_02.bmp
0xD6433AA2	/data/textures/detailmaps/region_02/r2_dirt_01.bmp
0x53EFEE0B	/data/textures/detailmaps/region_02/r2_generic_01.bmp
0xA396E32B	/data/textures/detailmaps/region_02/r2_metal_01.bmp
0x25029185	/data/textures/detailmaps/region_02/r2_metal_02.bmp
0x66C6DF8B	/data/textures/detailmaps/region_02/r2_rock_01.bmp
0xA47B7CB5	/data/textures/detailmaps/region_02/r2_wood_plank_horz_01.bmp
0x6B3FC141	/data/textures/detailmaps/region_02/r2_wood_plank_vert_01.bmp
0x48231712	/data/textures/detailmaps/wood_plank_01.bmp
0x1C93B406	/data/textures/detailmaps/wood_plank_horz_01.bmp
0xD3D709F2	/data/textures/detailmaps/wood_plank_vert_01.bmp
0x6D2F5A6B	/data/textures/effects/alpha_puff_03.tga
0x8B07DCE3	/data/textures/effects/ammo_squibs.bmp
0xB60C1A3A	/data/textures/effects/blowing_dust_01.tga
0x766ED907	/data/textures/effects/blue_blink_01.bmp
0x7F0ADE2C	/data/textures/effects/blue_streak.bmp
0x78242A6C	/data/textures/effects/broken_glass_blue.tga
0x50A7FE8B	/data/textures/effects/broken_glass_blue2.tga
0xA855F9CE	/data/textures/effects/explosion_back_01.bmp
0xEC97CDDC	/data/textures/effects/explosion_puff_02.tga
0x88DD8C1B	/data/textures/effects/falling_aspen_01.tga
0x8E00B84E	/data/textures/effects/falling_leaf_01.tga
0x4255E9EE	/data/textures/effects/fire_ball_02.bmp
0x89093A4B	/data/textures/effects/fire_ball_03.bmp
0xBF30A476	/data/textures/effects/fire_ball_04.tga
0x259A6F31	/data/textures/effects/fire_flames_01.bmp
0x13639C13	/data/textures/effects/glass_med.tga
0xC8262561	/data/textures/effects/glasspane_distortion_01.bmp
0xB470CBCB	/data/textures/effects/glok_goo_coccon_color.bmp
0xD166E803	/data/textures/effects/glok_goo_coccon_color_outside.tga
0x87345AB3	/data/textures/effects/glow_warning_01.bmp
0x18DAC7E0	/data/textures/effects/green_blink_01.bmp
0x383920F1	/data/textures/effects/ground_debris_01.bmp
0x03769534	/data/textures/effects/heat_distortion.tga
0x513D8C40	/data/textures/effects/lantern_flicker_01.bmp
0xD7A9FEEE	/data/textures/effects/lantern_flicker_02.bmp
0x1CF52D4B	/data/textures/effects/lantern_flicker_03.bmp
0x712EBAFA	/data/textures/effects/light_flicker_04.bmp
0xB49C20F9	/data/textures/effects/light_rays_warning.tga
0x23086F63	/data/textures/effects/milkweed_seed_01.tga
0x97B50ED4	/data/textures/effects/monitor_fuzz_01.bmp
0x29A24007	/data/textures/effects/monitor_stuff_01.bmp
0xA813565A	/data/textures/effects/palette_01.bmp
0x3DA9A2E7	/data/textures/effects/pallet_01_aa.bmp
0xE8880041	/data/textures/effects/plasma_red.bmp
0x2D6CBB07	/data/textures/effects/spark_02.tga
0x162B45E3	/data/textures/effects/spider_web_chunk_01.tga
0x6BAA1EEF	/data/textures/effects/starcloud_01.bmp
0xAEDA3FCB	/data/textures/effects/vulture_01.bmp
0xAFACCE8E	/data/textures/effects/webbing_bits.bmp
0xA023FC31	/data/textures/effects/webbing_color.bmp
0x0646CD55	/data/textures/fx/forcefield_ripple.bmp
0x0267C10D	/data/textures/ground/brown_ruinsground_01.bmp
0x3EE37CCB	/data/textures/ground/cracked_dirt_03.bmp
0x5256837C	/data/textures/ground/graygreen_sewerground_01.bmp
0x1F9E2277	/data/textures/ground/graygreen_sewerground_03.bmp
0x614687A5	/data/textures/ground/jail_floor_01.bmp
0xB6FDB739	/data/textures/ground/lightbrown_dirt_01.bmp
0x846BD994	/data/textures/ground/red_pebbles_01.bmp
0xC793E7A4	/data/textures/ground/region_04_ground_02.bmp
0xE901F8B1	/data/textures/gui/ammo_select_pill.tga
0x07BD2F6D	/data/textures/gui/text_a_button.tga
0xBA7743A3	/data/textures/gui/text_b_button.tga
0xBCE1A07A	/data/textures/gui/text_back_button.tga
0xD0FC3FB1	/data/textures/gui/text_black_button.tga
0xBEFAC038	/data/textures/gui/text_lstick_button.tga
0xA2599BBA	/data/textures/gui/text_ltrigger_button.tga
0xD4BBF89D	/data/textures/gui/text_normal_dpad.tga
0x57826E1A	/data/textures/gui/text_red_star.tga
0x89748EA9	/data/textures/gui/text_rstick_button.tga
0x5B677BF8	/data/textures/gui/text_rtrigger_button.tga
0xE9A0B1FB	/data/textures/gui/text_side_dpad.tga
0xBDF562AB	/data/textures/gui/text_start_button.tga
0x3DC88220	/data/textures/gui/text_updown_dpad.tga
0xD122505C	/data/textures/gui/text_white_button.tga
0x342F835F	/data/textures/gui/text_x_button.tga
0xE9B95ADA	/data/textures/gui/text_y_button.tga
0x2557A35C	/data/textures/gui/text_yellow_star.tga
0x2F8DECFE	/data/textures/level_00/tutorial/lightmap_035.bmp
0xA9199E50	/data/textures/level_00/tutorial/lightmap_036.bmp
0x62454DF5	/data/textures/level_00/tutorial/lightmap_037.bmp
0x9313FF20	/data/textures/level_00/tutorial/lightmap_038.bmp
0x584F2C85	/data/textures/level_00/tutorial/lightmap_039.bmp
0xBAE743C3	/data/textures/level_00/tutorial/lightmap_040.bmp
0x71BB9066	/data/textures/level_00/tutorial/lightmap_041.bmp
0xF72FE2C8	/data/textures/level_00/tutorial/lightmap_042.bmp
0x3C73316D	/data/textures/level_00/tutorial/lightmap_043.bmp
0x217601D5	/data/textures/level_00/tutorial/lightmap_044.bmp
0xEA2AD270	/data/textures/level_00/tutorial/lightmap_045.bmp
0x6CBEA0DE	/data/textures/level_00/tutorial/lightmap_046.bmp
0xA7E2737B	/data/textures/level_00/tutorial/lightmap_047.bmp
0x56B4C1AE	/data/textures/level_00/tutorial/lightmap_048.bmp
0x9DE8120B	/data/textures/level_00/tutorial/lightmap_049.bmp
0x1C904877	/data/textures/level_00/tutorial/lightmap_050.bmp
0xD7CC9BD2	/data/textures/level_00/tutorial/lightmap_051.bmp
0x5158E97C	/data/textures/level_00/tutorial/lightmap_052.bmp
0x9A043AD9	/data/textures/level_00/tutorial/lightmap_053.bmp
0x87010A61	/data/textures/level_00/tutorial/lightmap_054.bmp
0x4C5DD9C4	/data/textures/level_00/tutorial/lightmap_055.bmp
0xCAC9AB6A	/data/textures/level_00/tutorial/lightmap_056.bmp
0x019578CF	/data/textures/level_00/tutorial/lightmap_057.bmp
0xF0C3CA1A	/data/textures/level_00/tutorial/lightmap_058.bmp
0x3B9F19BF	/data/textures/level_00/tutorial/lightmap_059.bmp
0x2D7852EA	/data/textures/level_00/tutorial/lightmap_060.bmp
0xE624814F	/data/textures/level_00/tutorial/lightmap_061.bmp
0x60B0F3E1	/data/textures/level_00/tutorial/lightmap_062.bmp
0xABEC2044	/data/textures/level_00/tutorial/lightmap_063.bmp
0xB6E910FC	/data/textures/level_00/tutorial/lightmap_064.bmp
0x7DB5C359	/data/textures/level_00/tutorial/lightmap_065.bmp
0xFB21B1F7	/data/textures/level_00/tutorial/lightmap_066.bmp
0x307D6252	/data/textures/level_00/tutorial/lightmap_067.bmp
0xC12BD087	/data/textures/level_00/tutorial/lightmap_068.bmp
0x0A770322	/data/textures/level_00/tutorial/lightmap_069.bmp
0x8B0F595E	/data/textures/level_00/tutorial/lightmap_070.bmp
0x40538AFB	/data/textures/level_00/tutorial/lightmap_071.bmp
0xC6C7F855	/data/textures/level_00/tutorial/lightmap_072.bmp
0x0D9B2BF0	/data/textures/level_00/tutorial/lightmap_073.bmp
0x109E1B48	/data/textures/level_00/tutorial/lightmap_074.bmp
0xDBC2C8ED	/data/textures/level_00/tutorial/lightmap_075.bmp
0x5D56BA43	/data/textures/level_00/tutorial/lightmap_076.bmp
0x960A69E6	/data/textures/level_00/tutorial/lightmap_077.bmp
0x675CDB33	/data/textures/level_00/tutorial/lightmap_078.bmp
0xAC000896	/data/textures/level_00/tutorial/lightmap_079.bmp
0x7D4729B7	/data/textures/level_00/tutorial/lightmap_080.bmp
0xB61BFA12	/data/textures/level_00/tutorial/lightmap_081.bmp
0x308F88BC	/data/textures/level_00/tutorial/lightmap_082.bmp
0xFBD35B19	/data/textures/level_00/tutorial/lightmap_083.bmp
0xE6D66BA1	/data/textures/level_00/tutorial/lightmap_084.bmp
0x2D8AB804	/data/textures/level_00/tutorial/lightmap_085.bmp
0xAB1ECAAA	/data/textures/level_00/tutorial/lightmap_086.bmp
0x6042190F	/data/textures/level_00/tutorial/lightmap_087.bmp
0x9114ABDA	/data/textures/level_00/tutorial/lightmap_088.bmp
0x5A48787F	/data/textures/level_00/tutorial/lightmap_089.bmp
0xDB302203	/data/textures/level_00/tutorial/lightmap_090.bmp
0x106CF1A6	/data/textures/level_00/tutorial/lightmap_091.bmp
0x96F88308	/data/textures/level_00/tutorial/lightmap_092.bmp
0x5DA450AD	/data/textures/level_00/tutorial/lightmap_093.bmp
0x40A16015	/data/textures/level_00/tutorial/lightmap_094.bmp
0x8BFDB3B0	/data/textures/level_00/tutorial/lightmap_095.bmp
0xA034B768	/data/textures/level_00/tutorial/vlights_000.vbs
0x6B6864CD	/data/textures/level_00/tutorial/vlights_001.vbs
0xEDFC1663	/data/textures/level_00/tutorial/vlights_002.vbs
0x26A0C5C6	/data/textures/level_00/tutorial/vlights_003.vbs
0x3BA5F57E	/data/textures/level_00/tutorial/vlights_004.vbs
0xF0F926DB	/data/textures/level_00/tutorial/vlights_005.vbs
0x766D5475	/data/textures/level_00/tutorial/vlights_006.vbs
0xBD3187D0	/data/textures/level_00/tutorial/vlights_007.vbs
0x4C673505	/data/textures/level_00/tutorial/vlights_008.vbs
0x873BE6A0	/data/textures/level_00/tutorial/vlights_009.vbs
0x0643BCDC	/data/textures/level_00/tutorial/vlights_010.vbs
0x4B8B1DD7	/data/textures/level_00/tutorial/vlights_012.vbs
0x80D7CE72	/data/textures/level_00/tutorial/vlights_013.vbs
0x9DD2FECA	/data/textures/level_00/tutorial/vlights_014.vbs
0x568E2D6F	/data/textures/level_00/tutorial/vlights_015.vbs
0xD01A5FC1	/data/textures/level_00/tutorial/vlights_016.vbs
0x1B468C64	/data/textures/level_00/tutorial/vlights_017.vbs
0x214CED14	/data/textures/level_00/tutorial/vlights_019.vbs
0x37ABA641	/data/textures/level_00/tutorial/vlights_020.vbs
0xC1346A29	/data/textures/level_01/boss_01_1/lightmap_020.bmp
0x0A68B98C	/data/textures/level_01/boss_01_1/lightmap_021.bmp
0x8CFCCB22	/data/textures/level_01/boss_01_1/lightmap_022.bmp
0x47A01887	/data/textures/level_01/boss_01_1/lightmap_023.bmp
0x5AA5283F	/data/textures/level_01/boss_01_1/lightmap_024.bmp
0x91F9FB9A	/data/textures/level_01/boss_01_1/lightmap_025.bmp
0x176D8934	/data/textures/level_01/boss_01_1/lightmap_026.bmp
0xDC315A91	/data/textures/level_01/boss_01_1/lightmap_027.bmp
0x2D67E844	/data/textures/level_01/boss_01_1/lightmap_028.bmp
0xE63B3BE1	/data/textures/level_01/boss_01_1/lightmap_029.bmp
0x6743619D	/data/textures/level_01/boss_01_1/lightmap_030.bmp
0xAC1FB238	/data/textures/level_01/boss_01_1/lightmap_031.bmp
0x2A8BC096	/data/textures/level_01/boss_01_1/lightmap_032.bmp
0xE1D71333	/data/textures/level_01/boss_01_1/lightmap_033.bmp
0x6368202A	/data/textures/level_01/boss_01_1/vlights_000.vbs
0xA834F38F	/data/textures/level_01/boss_01_1/vlights_001.vbs
0xE5FC5284	/data/textures/level_01/boss_01_1/vlights_003.vbs
0xF8F9623C	/data/textures/level_01/boss_01_1/vlights_004.vbs
0x33A5B199	/data/textures/level_01/boss_01_1/vlights_005.vbs
0xB531C337	/data/textures/level_01/boss_01_1/vlights_006.vbs
0xAFDD5178	/data/textures/level_01/nav_01_1/lightmap_010.bmp
0x648182DD	/data/textures/level_01/nav_01_1/lightmap_011.bmp
0xE215F073	/data/textures/level_01/nav_01_1/lightmap_012.bmp
0x294923D6	/data/textures/level_01/nav_01_1/lightmap_013.bmp
0x344C136E	/data/textures/level_01/nav_01_1/lightmap_014.bmp
0xFF10C0CB	/data/textures/level_01/nav_01_1/lightmap_015.bmp
0x7984B265	/data/textures/level_01/nav_01_1/lightmap_016.bmp
0xB2D861C0	/data/textures/level_01/nav_01_1/lightmap_017.bmp
0x438ED315	/data/textures/level_01/nav_01_1/lightmap_018.bmp
0x88D200B0	/data/textures/level_01/nav_01_1/lightmap_019.bmp
0x9E354BE5	/data/textures/level_01/nav_01_1/lightmap_020.bmp
0x55699840	/data/textures/level_01/nav_01_1/lightmap_021.bmp
0xD3FDEAEE	/data/textures/level_01/nav_01_1/lightmap_022.bmp
0x18A1394B	/data/textures/level_01/nav_01_1/lightmap_023.bmp
0x05A409F3	/data/textures/level_01/nav_01_1/lightmap_024.bmp
0xCEF8DA56	/data/textures/level_01/nav_01_1/lightmap_025.bmp
0x486CA8F8	/data/textures/level_01/nav_01_1/lightmap_026.bmp
0x10C6D486	/data/textures/level_01/nav_01_1/vlights_000.vbs
0xDB9A0723	/data/textures/level_01/nav_01_1/vlights_001.vbs
0x5D0E758D	/data/textures/level_01/nav_01_1/vlights_002.vbs
0x9652A628	/data/textures/level_01/nav_01_1/vlights_003.vbs
0x8B579690	/data/textures/level_01/nav_01_1/vlights_004.vbs
0xC69F379B	/data/textures/level_01/nav_01_1/vlights_006.vbs
0x0DC3E43E	/data/textures/level_01/nav_01_1/vlights_007.vbs
0xFC9556EB	/data/textures/level_01/nav_01_1/vlights_008.vbs
0x37C9854E	/data/textures/level_01/nav_01_1/vlights_009.vbs
0xA749EC1F	/data/textures/level_01/nav_01_3/lightmap_022.bmp
0x6C153FBA	/data/textures/level_01/nav_01_3/lightmap_023.bmp
0x71100F02	/data/textures/level_01/nav_01_3/lightmap_024.bmp
0xBA4CDCA7	/data/textures/level_01/nav_01_3/lightmap_025.bmp
0x3CD8AE09	/data/textures/level_01/nav_01_3/lightmap_026.bmp
0xF7847DAC	/data/textures/level_01/nav_01_3/lightmap_027.bmp
0x06D2CF79	/data/textures/level_01/nav_01_3/lightmap_028.bmp
0xCD8E1CDC	/data/textures/level_01/nav_01_3/lightmap_029.bmp
0x4CF646A0	/data/textures/level_01/nav_01_3/lightmap_030.bmp
0x87AA9505	/data/textures/level_01/nav_01_3/lightmap_031.bmp
0x013EE7AB	/data/textures/level_01/nav_01_3/lightmap_032.bmp
0xCA62340E	/data/textures/level_01/nav_01_3/lightmap_033.bmp
0xD76704B6	/data/textures/level_01/nav_01_3/lightmap_034.bmp
0x1C3BD713	/data/textures/level_01/nav_01_3/lightmap_035.bmp
0x9AAFA5BD	/data/textures/level_01/nav_01_3/lightmap_036.bmp
0x58DA1E0E	/data/textures/level_01/nav_01_3/vlights_002.vbs
0x9386CDAB	/data/textures/level_01/nav_01_3/vlights_003.vbs
0x8E83FD13	/data/textures/level_01/nav_01_3/vlights_004.vbs
0xB365B4B1	/data/textures/level_01/nav_01_3/vlights_010.vbs
0x30AB9845	/data/textures/level_01/outlaw_01_1/lightmap_012.bmp
0xFBF74BE0	/data/textures/level_01/outlaw_01_1/lightmap_013.bmp
0xE6F27B58	/data/textures/level_01/outlaw_01_1/lightmap_014.bmp
0x2DAEA8FD	/data/textures/level_01/outlaw_01_1/lightmap_015.bmp
0xAB3ADA53	/data/textures/level_01/outlaw_01_1/lightmap_016.bmp
0x606609F6	/data/textures/level_01/outlaw_01_1/lightmap_017.bmp
0x9130BB23	/data/textures/level_01/outlaw_01_1/lightmap_018.bmp
0x5A6C6886	/data/textures/level_01/outlaw_01_1/lightmap_019.bmp
0x4C8B23D3	/data/textures/level_01/outlaw_01_1/lightmap_020.bmp
0x87D7F076	/data/textures/level_01/outlaw_01_1/lightmap_021.bmp
0x014382D8	/data/textures/level_01/outlaw_01_1/lightmap_022.bmp
0xCA1F517D	/data/textures/level_01/outlaw_01_1/lightmap_023.bmp
0xD71A61C5	/data/textures/level_01/outlaw_01_1/lightmap_024.bmp
0x1C46B260	/data/textures/level_01/outlaw_01_1/lightmap_025.bmp
0xA1B30C09	/data/textures/level_01/outlaw_01_1/vlights_004.vbs
0x6AEFDFAC	/data/textures/level_01/outlaw_01_1/vlights_005.vbs
0x441F9EB4	/data/textures/level_01/outlaw_01_3/lightmap_012.bmp
0x8F434D11	/data/textures/level_01/outlaw_01_3/lightmap_013.bmp
0x92467DA9	/data/textures/level_01/outlaw_01_3/lightmap_014.bmp
0x591AAE0C	/data/textures/level_01/outlaw_01_3/lightmap_015.bmp
0xDF8EDCA2	/data/textures/level_01/outlaw_01_3/lightmap_016.bmp
0x14D20F07	/data/textures/level_01/outlaw_01_3/lightmap_017.bmp
0xE584BDD2	/data/textures/level_01/outlaw_01_3/lightmap_018.bmp
0x2ED86E77	/data/textures/level_01/outlaw_01_3/lightmap_019.bmp
0x383F2522	/data/textures/level_01/outlaw_01_3/lightmap_020.bmp
0xF363F687	/data/textures/level_01/outlaw_01_3/lightmap_021.bmp
0x3FF6259C	/data/textures/level_01/outlaw_01_3/vlights_000.vbs
0x06702CAD	/data/textures/level_01/town_01_1/lightmap_024.bmp
0xCD2CFF08	/data/textures/level_01/town_01_1/lightmap_025.bmp
0x4BB88DA6	/data/textures/level_01/town_01_1/lightmap_026.bmp
0x80E45E03	/data/textures/level_01/town_01_1/lightmap_027.bmp
0x71B2ECD6	/data/textures/level_01/town_01_1/lightmap_028.bmp
0xBAEE3F73	/data/textures/level_01/town_01_1/lightmap_029.bmp
0x3B96650F	/data/textures/level_01/town_01_1/lightmap_030.bmp
0xF0CAB6AA	/data/textures/level_01/town_01_1/lightmap_031.bmp
0x765EC404	/data/textures/level_01/town_01_1/lightmap_032.bmp
0xBD0217A1	/data/textures/level_01/town_01_1/lightmap_033.bmp
0xA0072719	/data/textures/level_01/town_01_1/lightmap_034.bmp
0x6B5BF4BC	/data/textures/level_01/town_01_1/lightmap_035.bmp
0xEDCF8612	/data/textures/level_01/town_01_1/lightmap_036.bmp
0x269355B7	/data/textures/level_01/town_01_1/lightmap_037.bmp
0xD7C5E762	/data/textures/level_01/town_01_1/lightmap_038.bmp
0x1C9934C7	/data/textures/level_01/town_01_1/lightmap_039.bmp
0xFE315B81	/data/textures/level_01/town_01_1/lightmap_040.bmp
0x356D8824	/data/textures/level_01/town_01_1/lightmap_041.bmp
0xB3F9FA8A	/data/textures/level_01/town_01_1/lightmap_042.bmp
0x78A5292F	/data/textures/level_01/town_01_1/lightmap_043.bmp
0x65A01997	/data/textures/level_01/town_01_1/lightmap_044.bmp
0xAEFCCA32	/data/textures/level_01/town_01_1/lightmap_045.bmp
0x2868B89C	/data/textures/level_01/town_01_1/lightmap_046.bmp
0xE3346B39	/data/textures/level_01/town_01_1/lightmap_047.bmp
0x1262D9EC	/data/textures/level_01/town_01_1/lightmap_048.bmp
0xD93E0A49	/data/textures/level_01/town_01_1/lightmap_049.bmp
0xCE5A6534	/data/textures/level_01/town_01_1/vlights_001.vbs
0x8392C43F	/data/textures/level_01/town_01_1/vlights_003.vbs
0xD35F558C	/data/textures/level_01/town_01_1/vlights_006.vbs
0x2A02E504	/data/textures/level_01/trans_01_1/lightmap_014.bmp
0xE15E36A1	/data/textures/level_01/trans_01_1/lightmap_015.bmp
0x67CA440F	/data/textures/level_01/trans_01_1/lightmap_016.bmp
0xAC9697AA	/data/textures/level_01/trans_01_1/lightmap_017.bmp
0x5DC0257F	/data/textures/level_01/trans_01_1/lightmap_018.bmp
0x969CF6DA	/data/textures/level_01/trans_01_1/lightmap_019.bmp
0x807BBD8F	/data/textures/level_01/trans_01_1/lightmap_020.bmp
0x4B276E2A	/data/textures/level_01/trans_01_1/lightmap_021.bmp
0xCDB31C84	/data/textures/level_01/trans_01_1/lightmap_022.bmp
0x06EFCF21	/data/textures/level_01/trans_01_1/lightmap_023.bmp
0x1BEAFF99	/data/textures/level_01/trans_01_1/lightmap_024.bmp
0xD0B62C3C	/data/textures/level_01/trans_01_1/lightmap_025.bmp
0xB1CCB73A	/data/textures/level_01/trans_01_1/vlights_000.vbs
0x7A90649F	/data/textures/level_01/trans_01_1/vlights_001.vbs
0x2A5DF52C	/data/textures/level_01/trans_01_1/vlights_004.vbs
0xE1012689	/data/textures/level_01/trans_01_1/vlights_005.vbs
0x10D0544D	/data/textures/level_02/native_02_1/lightmap_013.bmp
0x0DD564F5	/data/textures/level_02/native_02_1/lightmap_014.bmp
0xC689B750	/data/textures/level_02/native_02_1/lightmap_015.bmp
0x401DC5FE	/data/textures/level_02/native_02_1/lightmap_016.bmp
0x8B41165B	/data/textures/level_02/native_02_1/lightmap_017.bmp
0x7A17A48E	/data/textures/level_02/native_02_1/lightmap_018.bmp
0xB14B772B	/data/textures/level_02/native_02_1/lightmap_019.bmp
0xA7AC3C7E	/data/textures/level_02/native_02_1/lightmap_020.bmp
0x6CF0EFDB	/data/textures/level_02/native_02_1/lightmap_021.bmp
0xEA649D75	/data/textures/level_02/native_02_1/lightmap_022.bmp
0x21384ED0	/data/textures/level_02/native_02_1/lightmap_023.bmp
0xF761ADCD	/data/textures/level_02/native_02_1/lightmap_025.bmp
0x71F5DF63	/data/textures/level_02/native_02_1/lightmap_026.bmp
0xBAA90CC6	/data/textures/level_02/native_02_1/lightmap_027.bmp
0x130BDCDA	/data/textures/level_02/native_02_1/vlights_000.vbs
0xD8570F7F	/data/textures/level_02/native_02_1/vlights_001.vbs
0xC5523FC7	/data/textures/level_02/native_02_1/vlights_006.vbs
0xC0FA9FE9	/data/textures/level_02/nav_02_1/lightmap_029.bmp
0x4182C595	/data/textures/level_02/nav_02_1/lightmap_030.bmp
0x8ADE1630	/data/textures/level_02/nav_02_1/lightmap_031.bmp
0x0C4A649E	/data/textures/level_02/nav_02_1/lightmap_032.bmp
0xC716B73B	/data/textures/level_02/nav_02_1/lightmap_033.bmp
0xDA138783	/data/textures/level_02/nav_02_1/lightmap_034.bmp
0x114F5426	/data/textures/level_02/nav_02_1/lightmap_035.bmp
0x97DB2688	/data/textures/level_02/nav_02_1/lightmap_036.bmp
0x5C87F52D	/data/textures/level_02/nav_02_1/lightmap_037.bmp
0xADD147F8	/data/textures/level_02/nav_02_1/lightmap_038.bmp
0x668D945D	/data/textures/level_02/nav_02_1/lightmap_039.bmp
0x8425FB1B	/data/textures/level_02/nav_02_1/lightmap_040.bmp
0x4F7928BE	/data/textures/level_02/nav_02_1/lightmap_041.bmp
0xC9ED5A10	/data/textures/level_02/nav_02_1/lightmap_042.bmp
0x02B189B5	/data/textures/level_02/nav_02_1/lightmap_043.bmp
0x1FB4B90D	/data/textures/level_02/nav_02_1/lightmap_044.bmp
0xD4E86AA8	/data/textures/level_02/nav_02_1/lightmap_045.bmp
0x527C1806	/data/textures/level_02/nav_02_1/lightmap_046.bmp
0x9920CBA3	/data/textures/level_02/nav_02_1/lightmap_047.bmp
0x68767976	/data/textures/level_02/nav_02_1/lightmap_048.bmp
0xA32AAAD3	/data/textures/level_02/nav_02_1/lightmap_049.bmp
0x2252F0AF	/data/textures/level_02/nav_02_1/lightmap_050.bmp
0xE90E230A	/data/textures/level_02/nav_02_1/lightmap_051.bmp
0x6F9A51A4	/data/textures/level_02/nav_02_1/lightmap_052.bmp
0xA4C68201	/data/textures/level_02/nav_02_1/lightmap_053.bmp
0xB9C3B2B9	/data/textures/level_02/nav_02_1/lightmap_054.bmp
0x729F611C	/data/textures/level_02/nav_02_1/lightmap_055.bmp
0xF40B13B2	/data/textures/level_02/nav_02_1/lightmap_056.bmp
0x3F57C017	/data/textures/level_02/nav_02_1/lightmap_057.bmp
0xCE0172C2	/data/textures/level_02/nav_02_1/lightmap_058.bmp
0x055DA167	/data/textures/level_02/nav_02_1/lightmap_059.bmp
0xD8E63997	/data/textures/level_02/nav_02_1/lightmap_061.bmp
0x41331584	/data/textures/level_02/nav_02_1/vlights_002.vbs
0x5C36253C	/data/textures/level_02/nav_02_1/vlights_005.vbs
0xDAA25792	/data/textures/level_02/nav_02_1/vlights_006.vbs
0xE0A836E2	/data/textures/level_02/nav_02_1/vlights_008.vbs
0xAA8CBF3B	/data/textures/level_02/nav_02_1/vlights_010.vbs
0x19DBE941	/data/textures/level_02/nav_02_3/lightmap_007.bmp
0xE88D5B94	/data/textures/level_02/nav_02_3/lightmap_008.bmp
0x23D18831	/data/textures/level_02/nav_02_3/lightmap_009.bmp
0xA2A9D24D	/data/textures/level_02/nav_02_3/lightmap_010.bmp
0x092FDF0C	/data/textures/level_02/nav_02_3/vlights_000.vbs
0xC2730CA9	/data/textures/level_02/nav_02_3/vlights_001.vbs
0x44E77E07	/data/textures/level_02/nav_02_3/vlights_002.vbs
0xDCFCEF6F	/data/textures/level_02/outlaw_02_1/lightmap_044.bmp
0x17A03CCA	/data/textures/level_02/outlaw_02_1/lightmap_045.bmp
0x91344E64	/data/textures/level_02/outlaw_02_1/lightmap_046.bmp
0x5A689DC1	/data/textures/level_02/outlaw_02_1/lightmap_047.bmp
0xAB3E2F14	/data/textures/level_02/outlaw_02_1/lightmap_048.bmp
0x6062FCB1	/data/textures/level_02/outlaw_02_1/lightmap_049.bmp
0xE11AA6CD	/data/textures/level_02/outlaw_02_1/lightmap_050.bmp
0x2A467568	/data/textures/level_02/outlaw_02_1/lightmap_051.bmp
0xACD207C6	/data/textures/level_02/outlaw_02_1/lightmap_052.bmp
0x678ED463	/data/textures/level_02/outlaw_02_1/lightmap_053.bmp
0x7A8BE4DB	/data/textures/level_02/outlaw_02_1/lightmap_054.bmp
0xB1D7377E	/data/textures/level_02/outlaw_02_1/lightmap_055.bmp
0x374345D0	/data/textures/level_02/outlaw_02_1/lightmap_056.bmp
0xFC1F9675	/data/textures/level_02/outlaw_02_1/lightmap_057.bmp
0x0D4924A0	/data/textures/level_02/outlaw_02_1/lightmap_058.bmp
0xC615F705	/data/textures/level_02/outlaw_02_1/lightmap_059.bmp
0xD0F2BC50	/data/textures/level_02/outlaw_02_1/lightmap_060.bmp
0x1BAE6FF5	/data/textures/level_02/outlaw_02_1/lightmap_061.bmp
0x9D3A1D5B	/data/textures/level_02/outlaw_02_1/lightmap_062.bmp
0x5666CEFE	/data/textures/level_02/outlaw_02_1/lightmap_063.bmp
0x4B63FE46	/data/textures/level_02/outlaw_02_1/lightmap_064.bmp
0x803F2DE3	/data/textures/level_02/outlaw_02_1/lightmap_065.bmp
0x06AB5F4D	/data/textures/level_02/outlaw_02_1/lightmap_066.bmp
0xCDF78CE8	/data/textures/level_02/outlaw_02_1/lightmap_067.bmp
0x3CA13E3D	/data/textures/level_02/outlaw_02_1/lightmap_068.bmp
0xF7FDED98	/data/textures/level_02/outlaw_02_1/lightmap_069.bmp
0x7685B7E4	/data/textures/level_02/outlaw_02_1/lightmap_070.bmp
0xBDD96441	/data/textures/level_02/outlaw_02_1/lightmap_071.bmp
0x3B4D16EF	/data/textures/level_02/outlaw_02_1/lightmap_072.bmp
0xF011C54A	/data/textures/level_02/outlaw_02_1/lightmap_073.bmp
0xED14F5F2	/data/textures/level_02/outlaw_02_1/lightmap_074.bmp
0x26482657	/data/textures/level_02/outlaw_02_1/lightmap_075.bmp
0xA0DC54F9	/data/textures/level_02/outlaw_02_1/lightmap_076.bmp
0x6B80875C	/data/textures/level_02/outlaw_02_1/lightmap_077.bmp
0x518AE62C	/data/textures/level_02/outlaw_02_1/lightmap_079.bmp
0x80CDC70D	/data/textures/level_02/outlaw_02_1/lightmap_080.bmp
0x4B9114A8	/data/textures/level_02/outlaw_02_1/lightmap_081.bmp
0xCD056606	/data/textures/level_02/outlaw_02_1/lightmap_082.bmp
0x0659B5A3	/data/textures/level_02/outlaw_02_1/lightmap_083.bmp
0x9CE287C6	/data/textures/level_02/outlaw_02_1/vlights_002.vbs
0x57BE5463	/data/textures/level_02/outlaw_02_1/vlights_003.vbs
0x81E7B77E	/data/textures/level_02/outlaw_02_1/vlights_005.vbs
0xF6257705	/data/textures/level_02/outlaw_02_1/vlights_009.vbs
0x775D2D79	/data/textures/level_02/outlaw_02_1/vlights_010.vbs
0x50527CB1	/data/textures/level_02/outlaw_02_1/vlights_019.vbs
0x377B5E0B	/data/textures/level_02/outlaw_02_2/lightmap_009.bmp
0xB6030477	/data/textures/level_02/outlaw_02_2/lightmap_010.bmp
0x7D5FD7D2	/data/textures/level_02/outlaw_02_2/lightmap_011.bmp
0xFBCBA57C	/data/textures/level_02/outlaw_02_2/lightmap_012.bmp
0x309776D9	/data/textures/level_02/outlaw_02_2/lightmap_013.bmp
0x2D924661	/data/textures/level_02/outlaw_02_2/lightmap_014.bmp
0xE6CE95C4	/data/textures/level_02/outlaw_02_2/lightmap_015.bmp
0x605AE76A	/data/textures/level_02/outlaw_02_2/lightmap_016.bmp
0xAB0634CF	/data/textures/level_02/outlaw_02_2/lightmap_017.bmp
0x5A50861A	/data/textures/level_02/outlaw_02_2/lightmap_018.bmp
0x910C55BF	/data/textures/level_02/outlaw_02_2/lightmap_019.bmp
0x87EB1EEA	/data/textures/level_02/outlaw_02_2/lightmap_020.bmp
0x4CB7CD4F	/data/textures/level_02/outlaw_02_2/lightmap_021.bmp
0xA03DB9B9	/data/textures/level_02/outlaw_02_2/vlights_004.vbs
0x6B616A1C	/data/textures/level_02/outlaw_02_2/vlights_005.vbs
0xF67E9506	/data/textures/level_02/outlaw_02_3/lightmap_030.bmp
0x3D2246A3	/data/textures/level_02/outlaw_02_3/lightmap_031.bmp
0xBBB6340D	/data/textures/level_02/outlaw_02_3/lightmap_032.bmp
0x8433DCFD	/data/textures/level_02/outlaw_02_3/vlights_005.vbs
0x02A7AE53	/data/textures/level_02/outlaw_02_3/vlights_006.vbs
0x771CCDE8	/data/textures/level_02/outlaw_02_4/lightmap_031.bmp
0xF188BF46	/data/textures/level_02/outlaw_02_4/lightmap_032.bmp
0x3AD46CE3	/data/textures/level_02/outlaw_02_4/lightmap_033.bmp
0x27D15C5B	/data/textures/level_02/outlaw_02_4/lightmap_034.bmp
0xEC8D8FFE	/data/textures/level_02/outlaw_02_4/lightmap_035.bmp
0x6A19FD50	/data/textures/level_02/outlaw_02_4/lightmap_036.bmp
0xA1452EF5	/data/textures/level_02/outlaw_02_4/lightmap_037.bmp
0x50139C20	/data/textures/level_02/outlaw_02_4/lightmap_038.bmp
0x9B4F4F85	/data/textures/level_02/outlaw_02_4/lightmap_039.bmp
0x79E720C3	/data/textures/level_02/outlaw_02_4/lightmap_040.bmp
0xB2BBF366	/data/textures/level_02/outlaw_02_4/lightmap_041.bmp
0x342F81C8	/data/textures/level_02/outlaw_02_4/lightmap_042.bmp
0xFF73526D	/data/textures/level_02/outlaw_02_4/lightmap_043.bmp
0xE27662D5	/data/textures/level_02/outlaw_02_4/lightmap_044.bmp
0x292AB170	/data/textures/level_02/outlaw_02_4/lightmap_045.bmp
0xAFBEC3DE	/data/textures/level_02/outlaw_02_4/lightmap_046.bmp
0x64E2107B	/data/textures/level_02/outlaw_02_4/lightmap_047.bmp
0x95B4A2AE	/data/textures/level_02/outlaw_02_4/lightmap_048.bmp
0x5EE8710B	/data/textures/level_02/outlaw_02_4/lightmap_049.bmp
0xDF902B77	/data/textures/level_02/outlaw_02_4/lightmap_050.bmp
0xE389A437	/data/textures/level_02/outlaw_02_4/vlights_006.vbs
0xC563F59A	/data/textures/level_02/town_02_1/lightmap_023.bmp
0xD866C522	/data/textures/level_02/town_02_1/lightmap_024.bmp
0x133A1687	/data/textures/level_02/town_02_1/lightmap_025.bmp
0x95AE6429	/data/textures/level_02/town_02_1/lightmap_026.bmp
0x6314FE2E	/data/textures/level_02/town_02_1/lightmap_033.bmp
0x7E11CE96	/data/textures/level_02/town_02_1/lightmap_034.bmp
0xB54D1D33	/data/textures/level_02/town_02_1/lightmap_035.bmp
0x33D96F9D	/data/textures/level_02/town_02_1/lightmap_036.bmp
0xA6B3C0A0	/data/textures/level_02/town_02_1/lightmap_043.bmp
0xBBB6F018	/data/textures/level_02/town_02_1/lightmap_044.bmp
0x70EA23BD	/data/textures/level_02/town_02_1/lightmap_045.bmp
0xF67E5113	/data/textures/level_02/town_02_1/lightmap_046.bmp
0x3D2282B6	/data/textures/level_02/town_02_1/lightmap_047.bmp
0xCC743063	/data/textures/level_02/town_02_1/lightmap_048.bmp
0x0728E3C6	/data/textures/level_02/town_02_1/lightmap_049.bmp
0x8650B9BA	/data/textures/level_02/town_02_1/lightmap_050.bmp
0xE5B95D77	/data/textures/level_02/town_02_1/vlights_002.vbs
0x2EE58ED2	/data/textures/level_02/town_02_1/vlights_003.vbs
0xF8BC6DCF	/data/textures/level_02/town_02_1/vlights_005.vbs
0x8F7EADB4	/data/textures/level_02/town_02_1/vlights_009.vbs
0x0A45981E	/data/textures/machinery/backoutlaw.bmp
0x5773EDDA	/data/textures/machinery/baseoutlaw.bmp
0xC562D6CF	/data/textures/machinery/cockpitoutlaw.bmp
0xB0CB0607	/data/textures/machinery/cranedropper_treads.bmp
0xDA408673	/data/textures/machinery/outlaw_rockdropper.bmp
0x7E8E5319	/data/textures/machinery/shoveloutlaw.bmp
0xEB9259EF	/data/textures/machinery/treadoutlaw.bmp
0xA7C56D43	/data/textures/machinery/yellowoutlaw.bmp
0xEF46F324	/data/textures/mechanics/wall_alarm/wall_alarm_colormap.bmp
0xAA17C611	/data/textures/metal/airduct_01.bmp
0x0FDB70FB	/data/textures/metal/barbedwire.tga
0x287B3275	/data/textures/metal/billboard_back.bmp
0xDE2E0C87	/data/textures/metal/black_stove_01.bmp
0x9C5956BB	/data/textures/metal/black_stove_01_piece.bmp
0x4AF14E40	/data/textures/metal/boat_side_02.bmp
0x81AD9DE5	/data/textures/metal/boat_side_03.bmp
0xC0F10945	/data/textures/metal/boat_side_red_01.bmp
0x855474A2	/data/textures/metal/boat_side_worn_01.bmp
0x6B10CC06	/data/textures/metal/browngrate.bmp
0x96EAFD79	/data/textures/metal/chainlinkfence_02.tga
0x4D27CA7C	/data/textures/metal/crane_wheel.bmp
0x8F8FE0A4	/data/textures/metal/crate_shipping_01.bmp
0x83CD61D4	/data/textures/metal/dark_beamtile_01.bmp
0x7DDBF364	/data/textures/metal/dark_rustedtile_01.bmp
0xA1FF98E6	/data/textures/metal/dented_plate_01.bmp
0xEBBD9DE0	/data/textures/metal/dentedcorrugate.bmp
0x79730045	/data/textures/metal/door_metal_02.bmp
0x7AA72DB8	/data/textures/metal/explosive_barrel_01.bmp
0xFC335F16	/data/textures/metal/explosive_barrel_02.bmp
0xBDB92F4B	/data/textures/metal/filecabinet_01.bmp
0xBC74268D	/data/textures/metal/fisheyes.bmp
0x43F06FF6	/data/textures/metal/girder_dam_01.bmp
0xC923FEC3	/data/textures/metal/girder_dam_01_lorez.bmp
0x13B9657F	/data/textures/metal/girder_small_01.bmp
0x10F53F8D	/data/textures/metal/gray_elevatorpad_01.bmp
0x5389931D	/data/textures/metal/gray_oildrum.bmp
0x6CB10A33	/data/textures/metal/gray_oildrumedge.bmp
0x7A6F0AF0	/data/textures/metal/gray_oildrumlid.bmp
0x746FAD8F	/data/textures/metal/gray_oilrig_01.bmp
0x3977497B	/data/textures/metal/green_tube.bmp
0x0F22F0B9	/data/textures/metal/iron_beam_01.bmp
0x455689E6	/data/textures/metal/jomom_elevator.bmp
0x8300B85E	/data/textures/metal/junk_crushed_01.bmp
0x0594CAF0	/data/textures/metal/junk_crushed_02.bmp
0xEA50FE19	/data/textures/metal/junk_panel_01.bmp
0xC2471DC0	/data/textures/metal/junkyardvat_03.bmp
0xB0CA3BCE	/data/textures/metal/light_fixture_01.bmp
0x00950AC7	/data/textures/metal/meshwork.tga
0xA5C512B6	/data/textures/metal/metal_plating_02.bmp
0x36327F92	/data/textures/metal/metal_rusty_01.bmp
0xA65A58CA	/data/textures/metal/metal_structure_01.bmp
0x3454A1DC	/data/textures/metal/minesaw.bmp
0xBD6A6278	/data/textures/metal/miningcart2.bmp
0x6A1FDD53	/data/textures/metal/nativemetalsheet.bmp
0x59CFB4AC	/data/textures/metal/oil_rig_02.bmp
0x7744178C	/data/textures/metal/pipe_end_01.bmp
0x1671EF47	/data/textures/metal/pipe_plate_01.bmp
0xB32DF42B	/data/textures/metal/pipecap_01.bmp
0x1E9B336E	/data/textures/metal/pipemetal.bmp
0xBA6D1616	/data/textures/metal/pipemetal3.bmp
0x072C068A	/data/textures/metal/plate_dark_01.bmp
0x12A7683B	/data/textures/metal/plating_01.bmp
0xDA2AF385	/data/textures/metal/red_rusty_01.bmp
0x4DFDE354	/data/textures/metal/red_stained_stone.bmp
0xA3A31899	/data/textures/metal/red_tin_boat_roof.bmp
0x85301580	/data/textures/metal/rust_door_01.bmp
0x4E197B45	/data/textures/metal/rust_ironbeam.bmp
0xA8D2DE68	/data/textures/metal/rust_metalstrut_01.bmp
0x2C526D2E	/data/textures/metal/rust_pipe_04.bmp
0xE70EBE8B	/data/textures/metal/rust_pipe_05.bmp
0xAFD7744C	/data/textures/metal/rust_saloondoor.bmp
0xA54AE656	/data/textures/metal/rusty_fanbox.bmp
0xE237472C	/data/textures/metal/rusty_girderparts_01.bmp
0xDB81EB93	/data/textures/metal/rusty_grate_at.tga
0x1F81B34D	/data/textures/metal/rusty_iron_mine.bmp
0xD4ED3F8D	/data/textures/metal/rusty_ironstrut_01.bmp
0x8433D9CA	/data/textures/metal/rusty_ironstrut_01a.bmp
0x52794D23	/data/textures/metal/rusty_ironstrut_02.bmp
0x7E9AB521	/data/textures/metal/rusty_metal_plating_01.bmp
0x02BDD647	/data/textures/metal/rusty_metalplating_01.bmp
0x1B2A0772	/data/textures/metal/rusty_metalplating_01a.bmp
0x8429A4E9	/data/textures/metal/rusty_metalplating_02.bmp
0xFBFB2DD1	/data/textures/metal/rusty_metalsheet.bmp
0x3D93C017	/data/textures/metal/rusty_metalsheet_02.bmp
0x59349963	/data/textures/metal/rusty_mineequipment_01.bmp
0x4A3B46FD	/data/textures/metal/rusty_oildrum.bmp
0x7B62A625	/data/textures/metal/rusty_oildrum2.bmp
0x2035FA7C	/data/textures/metal/rusty_pipe_01.bmp
0xF019384A	/data/textures/metal/rusty_pipe_end_01.bmp
0x4C7AF184	/data/textures/metal/rusty_pipend.bmp
0x2A96884F	/data/textures/metal/rusty_platedmetal.bmp
0xA3F712CF	/data/textures/metal/rusty_rebar_01.bmp
0x81532818	/data/textures/metal/rusty_red_platedmetal.bmp
0x4338447A	/data/textures/metal/rusty_tinwall_02.bmp
0x4F038AD1	/data/textures/metal/rustyspikemetal.bmp
0xAC259D19	/data/textures/metal/sewerlamp_01.bmp
0x87F6C602	/data/textures/metal/shelf_parts_01.bmp
0x484EE109	/data/textures/metal/shiny_dumpbin_02.bmp
0x371E8DA1	/data/textures/metal/shiny_slidesurface.bmp
0xE26982F1	/data/textures/metal/tile_small_01.bmp
0x42ADD470	/data/textures/metal/tinroof_02.bmp
0x15717FB5	/data/textures/metal/tinroof_03bmp.bmp
0x5FA8E4C8	/data/textures/metal/tinroof_05.bmp
0x515BF4CC	/data/textures/metal/tinsheeting_02.bmp
0xFD6717EA	/data/textures/metal/transformer_03.bmp
0x72D689E5	/data/textures/metal/transformer_rusted_01.bmp
0xF442FB4B	/data/textures/metal/transformer_rusted_02.bmp
0x49124F40	/data/textures/metal/warning_barrier_01.bmp
0x85F62D20	/data/textures/metal/warning_stripe_01.bmp
0xA039D44F	/data/textures/metal/watertank_rusted_01.bmp
0xCA9B6FE3	/data/textures/metal/woodwall_02.bmp
0x36F22023	/data/textures/normal_maps/freezer_door_01.bmp
0x70E0B588	/data/textures/normal_maps/generic_bump_small.bmp
0x5240C3F5	/data/textures/normal_maps/nativecrystal.bmp
0x60092339	/data/textures/npc_effects/bullet_tracer_01.bmp
0x04671449	/data/textures/npc_effects/glow_cone_01.bmp
0xBBA6D07C	/data/textures/npc_effects/mortar_round_texture.bmp
0xD56922B4	/data/textures/npc_effects/mortar_water_distortion_01.tga
0x0146C7C6	/data/textures/npc_effects/npc_shotgun_tracer_01.bmp
0x3E1E8EFD	/data/textures/npc_effects/ring_effect_01.bmp
0xABE4D60B	/data/textures/npc_effects/wep_spark_01.bmp
0xB73C57A0	/data/textures/plants/agave_01.tga
0xEF4CBEF6	/data/textures/plants/bat_hosue_01.tga
0xED9BC355	/data/textures/plants/brown_deadbush_01.tga
0x6B0FB1FB	/data/textures/plants/brown_deadbush_02.tga
0xDE0D1DC3	/data/textures/plants/brown_dirt_grass_01.bmp
0x3FF8F48D	/data/textures/plants/bunchberry_01.tga
0x8DD343BE	/data/textures/plants/cactus_01.bmp
0x0080E623	/data/textures/plants/cattail_01.tga
0x3B35A635	/data/textures/plants/cave_shrub_01.tga
0x078DEDAD	/data/textures/plants/dead_bush_02.tga
0xCCD13E08	/data/textures/plants/dead_bush_03.tga
0xCA3D5D97	/data/textures/plants/dead_corn_01.tga
0x48893A28	/data/textures/plants/fern_02.tga
0xB0AAB77C	/data/textures/plants/green_fern_01.tga
0xD79C72E5	/data/textures/plants/green_grass_02.tga
0x53A9FB35	/data/textures/plants/green_vine.bmp
0xDC7CF245	/data/textures/plants/hanging_scum_01.tga
0x405B7E2E	/data/textures/plants/huckleberry_01.tga
0xABFFD60D	/data/textures/plants/indianpaintbrush2.tga
0xE1CE0532	/data/textures/plants/juniper_shrub_01.tga
0xCD2AFBFB	/data/textures/plants/milkweed_02.tga
0x4192FBCC	/data/textures/plants/opple_01.bmp
0x1076C3CB	/data/textures/plants/red_daisy_01.tga
0xF9D7FBD2	/data/textures/plants/red_grass_01.tga
0x38FD4E9A	/data/textures/plants/red_mushroom_01.tga
0x699CBEB1	/data/textures/plants/skunk_mushroom.tga
0x9646B1B6	/data/textures/plants/squrrel_bush_01.tga
0xE0AFB18E	/data/textures/plants/stalk_01.tga
0x663BC320	/data/textures/plants/stalk_02.tga
0x8D7255E6	/data/textures/plants/strawstrands.tga
0x99F18267	/data/textures/plants/yellow_daisy_01.tga
0x38D4ACC0	/data/textures/plants/yellow_flower_01.tga
0x3990078A	/data/textures/props/ammo_crate_armadillo_02.bmp
0xFAE1CC3E	/data/textures/props/ammo_crate_boombat_02.bmp
0x06E298A4	/data/textures/props/ammo_crate_spider_02.bmp
0x3D7F2BC0	/data/textures/props/ammo_crate_top.bmp
0xD7D132B7	/data/textures/props/ammobag.bmp
0x1968907A	/data/textures/props/armadillo_house_01.tga
0x23F1CEA1	/data/textures/props/arrowlights.bmp
0x35C3A16E	/data/textures/props/attractor_bottle.tga
0xF22DA64C	/data/textures/props/bee_hive_01.tga
0x3AC845E9	/data/textures/props/beige_birdinterior_01.bmp
0xF24195B4	/data/textures/props/beige_docposters_01.bmp
0xAC031D2D	/data/textures/props/blue_abalone_shell_01.bmp
0x03A1D6DF	/data/textures/props/blue_drygoods_01.bmp
0xC8F44E9B	/data/textures/props/blue_metalcrate.bmp
0x771F374F	/data/textures/props/blue_rug_01.bmp
0xE605EE55	/data/textures/props/blue_skylight_01.bmp
0xB9A22B07	/data/textures/props/brass_cashregister_01.bmp
0x6FBB5057	/data/textures/props/brass_lantern.bmp
0xB02C4B9B	/data/textures/props/brickcollumn.bmp
0x8719E14A	/data/textures/props/broken_glass_blue.tga
0x2AA8B21E	/data/textures/props/brown_rope_01.bmp
0xAC3CC0B0	/data/textures/props/brown_rope_02.bmp
0x67601315	/data/textures/props/brown_rope_03.bmp
0x23729074	/data/textures/props/brown_rug_01.bmp
0x90BA0036	/data/textures/props/brown_windowpane_01.tga
0x88D740F7	/data/textures/props/bunk_module.bmp
0x0F65D106	/data/textures/props/burnt_pallette_01_at.tga
0x9480FBE2	/data/textures/props/button_03.bmp
0x974A8360	/data/textures/props/camp_bench_02.bmp
0xCAA61850	/data/textures/props/cardboard_box_01.bmp
0x4C326AFE	/data/textures/props/cardboard_box_02.bmp
0x1C057BCE	/data/textures/props/chicken_goods_01.bmp
0xD8BB2F95	/data/textures/props/chicken_rv_temp.bmp
0x61FF9CF5	/data/textures/props/chicken_scarecrow.bmp
0xD725C08F	/data/textures/props/chickencab.bmp
0x01DE3F96	/data/textures/props/chickenrv_frontend.bmp
0x8DA3099F	/data/textures/props/chickentrailer.bmp
0xE4A4BC65	/data/textures/props/clear_windowpane_01.tga
0xC44EE9E9	/data/textures/props/clipextender.bmp
0x66792CF6	/data/textures/props/clothes_chicken.bmp
0x0A45D21A	/data/textures/props/coloredbulbs.bmp
0x383F4904	/data/textures/props/colors_light_01.bmp
0x72527E82	/data/textures/props/copper_generator_01.bmp
0x40F88981	/data/textures/props/copper_wire_01.bmp
0x0BCC0A88	/data/textures/props/crane_01.bmp
0x186F29E3	/data/textures/props/crane_tube_01.bmp
0x36553F1E	/data/textures/props/crudcannon.bmp
0xBB143BE9	/data/textures/props/dark_powerpoll_01.bmp
0x0DE7AEFC	/data/textures/props/dark_windowpane_01.bmp
0xCE8CE0BB	/data/textures/props/debris_01.bmp
0x5F6A8D07	/data/textures/props/deskaccesories.bmp
0x8B8295BB	/data/textures/props/dirt_squrrel_hole_01.bmp
0x95518AB3	/data/textures/props/dynomite.bmp
0xC0D8434A	/data/textures/props/eraser.bmp
0xA896B777	/data/textures/props/farmhouselampglass.tga
0x0EB13D86	/data/textures/props/farmhouselampmetal.bmp
0xABC9DAE7	/data/textures/props/fishingpole_cabinet.bmp
0x3BE64DCB	/data/textures/props/fly_01.tga
0x5C383CF2	/data/textures/props/fly_body_01.bmp
0xB1AA049B	/data/textures/props/fortune_machine.bmp
0x9A66B534	/data/textures/props/fuzzle_home_01.tga
0x24710999	/data/textures/props/garbage_bag_01.bmp
0xE93493BF	/data/textures/props/garbage_trash_01.bmp
0x15693949	/data/textures/props/garden_tools_01.bmp
0x895198A3	/data/textures/props/generic_button_01.bmp
0xD50215D5	/data/textures/props/glow_strip_05.bmp
0x5EB59024	/data/textures/props/gold_padlock.bmp
0x9DC0CECE	/data/textures/props/gold_pictureframe_01.bmp
0x1B54BC60	/data/textures/props/gold_pictureframe_02.bmp
0xD0086FC5	/data/textures/props/gold_pictureframe_03.bmp
0x508052F4	/data/textures/props/gold_pile_01.bmp
0x9BFAFBAF	/data/textures/props/gray_floortile_02.bmp
0x3CF5CDE2	/data/textures/props/gray_mattress_01.bmp
0x9C9ED2D8	/data/textures/props/gray_padlock.bmp
0x2CC6AA15	/data/textures/props/gray_surgeryroom_01.bmp
0xAA52D8BB	/data/textures/props/gray_surgeryroom_02.bmp
0x807B4486	/data/textures/props/gray_window_01.bmp
0xCDB3E58D	/data/textures/props/gray_window_03.bmp
0x6EF5D455	/data/textures/props/gray_woodprops_01.bmp
0xCC29BC82	/data/textures/props/green_bottle_01.tga
0xE218CF53	/data/textures/props/green_lampshade_01.bmp
0x37A16A35	/data/textures/props/green_sludge.bmp
0x28581B0E	/data/textures/props/grey_drain.bmp
0xC8AB1E2C	/data/textures/props/grey_metalcrate.bmp
0xF20B3500	/data/textures/props/grey_metalcrate_03.bmp
0x1EE35102	/data/textures/props/grey_woodcrate.bmp
0x2B063731	/data/textures/props/grey_woodcrate_02.bmp
0x30E47579	/data/textures/props/gypsy_chicken.bmp
0x8D0CFB80	/data/textures/props/insulator.bmp
0x7BCBCD90	/data/textures/props/jomomma_door.bmp
0x9D6ED49B	/data/textures/props/junk_rusty_01.bmp
0xE6734398	/data/textures/props/junkyard_battery.bmp
0xC5CD6ECE	/data/textures/props/keg_02.bmp
0x78A51B83	/data/textures/props/keg_top_02.bmp
0xCC06964D	/data/textures/props/kitchen_table_01.bmp
0xDA6BB198	/data/textures/props/misc_wood_metal_01.bmp
0x44BA0D36	/data/textures/props/monitor_01.bmp
0x931055AC	/data/textures/props/moolah.bmp
0x920707F9	/data/textures/props/moth_body_01.bmp
0x9BDE54CA	/data/textures/props/mudpoptex.bmp
0x87710ACE	/data/textures/props/native_lamp_01.bmp
0x3FCA00DC	/data/textures/props/native_props.bmp
0x308E72E0	/data/textures/props/native_slide.bmp
0x380AB7CF	/data/textures/props/nativetemplecrystal.tga
0x07281A9D	/data/textures/props/orange_curtainglow_02.bmp
0xDBF39B69	/data/textures/props/orange_lampshade_01.bmp
0xD82D9C66	/data/textures/props/orange_windowpane_03.bmp
0x3003AC78	/data/textures/props/outlaw_junk_structure.bmp
0xBC2BB838	/data/textures/props/outlaw_junk_wood_01.bmp
0x1349094D	/data/textures/props/outlaw_props_01.bmp
0x95DD7BE3	/data/textures/props/outlaw_props_02.bmp
0x7C751868	/data/textures/props/outlaw_turrel.bmp
0xE122B24E	/data/textures/props/outlawmortar2.bmp
0xA51BA5E1	/data/textures/props/picture_chicken.bmp
0xDF444315	/data/textures/props/pottery_01.bmp
0x59D031BB	/data/textures/props/pottery_02.bmp
0x928CE21E	/data/textures/props/pottery_03.bmp
0x2FA0F44D	/data/textures/props/puke_couch_01.bmp
0xBA699AE6	/data/textures/props/radio_plastic_01.bmp
0x0742F190	/data/textures/props/radio_wooden_01.bmp
0xA3CA16C6	/data/textures/props/raw_bone.bmp
0x59AB741B	/data/textures/props/raw_ribcage.bmp
0x8B8BA17A	/data/textures/props/red_ammo01.bmp
0x3A95060B	/data/textures/props/red_apple_01.bmp
0x7EFA36A9	/data/textures/props/red_drygoods_02.bmp
0xB284F554	/data/textures/props/rupture_farms_barrel.bmp
0xDF78ED52	/data/textures/props/rust_box_01.bmp
0x35195E3F	/data/textures/props/rust_drum_01.bmp
0x5D05E368	/data/textures/props/rust_dumpster_01.bmp
0xA72B8231	/data/textures/props/rust_metalplate_01.bmp
0x653322CE	/data/textures/props/rust_waterwheel_01.bmp
0xCE531647	/data/textures/props/rusty_irongrate_at.tga
0x923956B3	/data/textures/props/rusty_machine_junk_01.bmp
0xDF78BE7C	/data/textures/props/scaffold_01_at.tga
0x3A9BC3EB	/data/textures/props/sewerlamp_01.bmp
0xEE20BFD3	/data/textures/props/sign_post_01.bmp
0x35BFA2E1	/data/textures/props/spider_web_01.tga
0xBA03B8BA	/data/textures/props/spider_web_house_01.tga
0x5F687539	/data/textures/props/straw.bmp
0xA76527AF	/data/textures/props/straw_birdbed_01.bmp
0xA47B9A63	/data/textures/props/surgetrigger_02.bmp
0xAF1C813E	/data/textures/props/tires_01.bmp
0xA56A0DDE	/data/textures/props/tractor_colormap.bmp
0x936A3F5F	/data/textures/props/trailer_door.bmp
0xC947223A	/data/textures/props/train_frontend.bmp
0x13484148	/data/textures/props/trash_fish.tga
0xD0E681D3	/data/textures/props/trash_misc.bmp
0xC7D62276	/data/textures/props/treasure_chest_02.bmp
0x32C14900	/data/textures/props/tv_cabinet_01.bmp
0x11AE5631	/data/textures/props/underwear.bmp
0x8AE9AABE	/data/textures/props/warm_blindglow_01.bmp
0x371379BA	/data/textures/props/warm_housedressings_01.bmp
0xB6289C6F	/data/textures/props/warm_steefskull_01.bmp
0x16046B0E	/data/textures/props/warningsign_01.bmp
0x36A752B7	/data/textures/props/white_drygoods_03.bmp
0xBAFD1A50	/data/textures/props/white_generalstoreprops.bmp
0xBBC775EC	/data/textures/props/window_bulletproof_01.tga
0x3F7CB174	/data/textures/props/wolvark_props_01.bmp
0x9B42766E	/data/textures/props/yellow_bottle_01.tga
0x7934E16C	/data/textures/props/yellow_corn_01.bmp
0x795A8554	/data/textures/props/yellow_windowpane_01.tga
0x060B82F9	/data/textures/rocks/brick_small_01.bmp
0xBAAB2F25	/data/textures/rocks/brick_tile_01.bmp
0xE7C8B9E5	/data/textures/rocks/broken_rock_01.bmp
0xB8413DB9	/data/textures/rocks/concrete_02.bmp
0xABAFF537	/data/textures/rocks/concrete_bricks_01.bmp
0x3D74944F	/data/textures/rocks/concrete_rubble_01.bmp
0xD395D31C	/data/textures/rocks/concrete_sewerpipe_01.bmp
0x17BD613F	/data/textures/rocks/dusty_rubble_01.bmp
0x5437C4CD	/data/textures/rocks/gray_concretecolumn_01.bmp
0x01F1B433	/data/textures/rocks/gray_concretefence_01.bmp
0x29862170	/data/textures/rocks/gray_masonry_01.bmp
0xAF1253DE	/data/textures/rocks/gray_masonry_02.bmp
0x17DE7817	/data/textures/rocks/gray_masonry_tile.bmp
0x8A971B82	/data/textures/rocks/gray_masonry_tile_03.bmp
0x70CAF9F2	/data/textures/rocks/gray_sewer_sheet_01.bmp
0x092E1AC6	/data/textures/rocks/grey_stone_wall_01.bmp
0xE487D9D9	/data/textures/rocks/littlerock_01.bmp
0x6D9F319A	/data/textures/rocks/mayan_01.bmp
0xCA99F0BC	/data/textures/rocks/plaster_brick_01.bmp
0xE97FA13E	/data/textures/rocks/region_01_rock_01.bmp
0x6DDCCF53	/data/textures/rocks/region_04_rock_01.bmp
0x130D0A35	/data/textures/rocks/rock_weight_small.bmp
0x3D0EE9B7	/data/textures/rocks/tan_striated_02.bmp
0xB0A13B1B	/data/textures/rocks/wall_plaster_01.bmp
0x363549B5	/data/textures/rocks/wall_plaster_02.bmp
0x5B637EFF	/data/textures/ruins/red_wall_corner_01.bmp
0x3C145812	/data/textures/ruins/red_wall_side_01.bmp
0xA0C2ED39	/data/textures/ruins/red_wall_top_01.bmp
0x893CF19E	/data/textures/ruins/stone_door_01.bmp
0xCC4FEE9F	/data/textures/signs/arrow_02.tga
0x465A2939	/data/textures/signs/arrow_sign.bmp
0x080AB654	/data/textures/signs/awning_bounty_01.tga
0x6D401460	/data/textures/signs/awning_green_01.tga
0x91AFF74C	/data/textures/signs/billboard_corn_01.bmp
0xCAB513C1	/data/textures/signs/billboard_opple_01.bmp
0x350B6CE2	/data/textures/signs/billboard_springs_01.bmp
0x4E1F5BC1	/data/textures/signs/bountywall_01.bmp
0xF053982B	/data/textures/signs/buzzarton_waterfacility_01.bmp
0xF6507380	/data/textures/signs/closed_01.bmp
0xE77F52E6	/data/textures/signs/compass_01.bmp
0x5BDD8776	/data/textures/signs/control_booth.bmp
0x2D0D2D14	/data/textures/signs/corn_sign.bmp
0xD6D423FE	/data/textures/signs/direction_deadhenspass.bmp
0x105502F3	/data/textures/signs/direction_fostersfarm.bmp
0x85FFAD0B	/data/textures/signs/direction_town.bmp
0x9778C8A3	/data/textures/signs/direction_waterfacility.bmp
0xEF1439C6	/data/textures/signs/distance_mongovalley_01.bmp
0xF68BD6BD	/data/textures/signs/gone_to_town_01.bmp
0x42A6D01F	/data/textures/signs/headnorth_01.bmp
0x77B3913E	/data/textures/signs/items_available_01.bmp
0x4AC6CD9C	/data/textures/signs/junkyard_distance_sign.bmp
0x98FF9E3F	/data/textures/signs/keep_out_03.bmp
0x85FAAE87	/data/textures/signs/keep_out_04.bmp
0x9BCBA11F	/data/textures/signs/keepout_01.bmp
0x1D5FD3B1	/data/textures/signs/keepout_02.bmp
0xD4FDE18C	/data/textures/signs/novacancy_01_at.tga
0x6D8770CA	/data/textures/signs/outoforder_01.bmp
0xA09C2E79	/data/textures/signs/posters_01.bmp
0x26085CD7	/data/textures/signs/posters_02.bmp
0xC8A56EBE	/data/textures/signs/rustgray_townsign_01.bmp
0x4E311C10	/data/textures/signs/rustgray_townsign_02.bmp
0x079A5D49	/data/textures/signs/sale_sign_01.bmp
0x747A8105	/data/textures/signs/sign_bountystore_02.bmp
0x00578511	/data/textures/signs/sign_docoffice.bmp
0x1CA34BC2	/data/textures/signs/sign_flourish_01.bmp
0x0D6EE9CF	/data/textures/signs/sign_generalstore_02.bmp
0x5D795C54	/data/textures/signs/slog_warning.bmp
0xC1B2CD9B	/data/textures/signs/southbound.bmp
0xC66129B8	/data/textures/signs/surgery_sign.bmp
0x4D1E50F6	/data/textures/signs/wanted_only_01.bmp
0x5D763147	/data/textures/signs/wanted_sign_01.bmp
0x91173BC7	/data/textures/signs/watersign.bmp
0xC16DAB57	/data/textures/signs/weathervane_01.tga
0xCDBE0B18	/data/textures/sky/cloudshadow.tga
0xC9EE556D	/data/textures/sky/flare1.bmp
0x4F7A27C3	/data/textures/sky/flare2.bmp
0x8426F466	/data/textures/sky/flare3.bmp
0x9923C4DE	/data/textures/sky/flare4.bmp
0x527F177B	/data/textures/sky/flare5.bmp
0xC54D48CC	/data/textures/sky/high_clouds_01.tga
0x6EE64FA7	/data/textures/sky/morning_clouds_01.tga
0xE8723D09	/data/textures/sky/morning_clouds_02.tga
0x94B586EC	/data/textures/sky/sun_blob.bmp
0x1EFC78F9	/data/textures/sky/tree_shadows.tga
0x42B6A3D1	/data/textures/structures/brick_small.bmp
0x1DADD6F7	/data/textures/structures/burned_ironstruts_01.bmp
0x86CDBCEF	/data/textures/structures/carnival_dome.tga
0x02F2487F	/data/textures/structures/chicken_indoors_02.bmp
0xD6CA5B1E	/data/textures/structures/concrete04.bmp
0x9B02FA15	/data/textures/structures/concrete06.bmp
0xA1089B65	/data/textures/structures/concrete08.bmp
0xA6E4B3B7	/data/textures/structures/concrete12.bmp
0x8A8DE145	/data/textures/structures/concreteinside01.bmp
0x66DB8D5C	/data/textures/structures/false_floor_03.bmp
0x7BDEBDE4	/data/textures/structures/false_floor_04.bmp
0x3F74DDD7	/data/textures/structures/false_wall_05.bmp
0xB9E0AF79	/data/textures/structures/false_wall_06.bmp
0x6B2F80D4	/data/textures/structures/farmpieces1.bmp
0xC6896F99	/data/textures/structures/farmpieces1_old.bmp
0xEDBBF27A	/data/textures/structures/farmpieces2.bmp
0x26E721DF	/data/textures/structures/farmpieces3.bmp
0x3BE21167	/data/textures/structures/farmpieces4.bmp
0xCBED0972	/data/textures/structures/grey_green_concrete.bmp
0x3070A14E	/data/textures/structures/lampshade_01.bmp
0xA072D2F1	/data/textures/structures/metalcorrugated.bmp
0x3127BCA2	/data/textures/structures/metalpiecespage1.bmp
0xB7B3CE0C	/data/textures/structures/metalpiecespage2.bmp
0x8FBF13FC	/data/textures/structures/minebuilding_01.bmp
0x092B6152	/data/textures/structures/minebuilding_02.bmp
0xC277B2F7	/data/textures/structures/minebuilding_03.bmp
0xDF72824F	/data/textures/structures/minebuilding_04.bmp
0xC53CD02E	/data/textures/structures/minebuilding_comp.bmp
0x670BF27F	/data/textures/structures/nativetemplefloortile.bmp
0x9F377408	/data/textures/structures/nativetemplewalls.bmp
0x3E55E2B2	/data/textures/structures/nativetemplewoodbeams.bmp
0x7FBF083F	/data/textures/structures/rust_trusspage_01.bmp
0x057C1E37	/data/textures/structures/rustgray_doorway_01.bmp
0xA88AF27D	/data/textures/structures/rustgray_townpage_01.bmp
0x78CC538D	/data/textures/structures/schoolhouse_01.bmp
0xACFD6DE5	/data/textures/structures/steefstatueface.bmp
0x47494987	/data/textures/structures/warm_concretewall_02.bmp
0xF3CF8108	/data/textures/structures/warm_interiorstruts_04.bmp
0xB9351CF3	/data/textures/structures/woodtile2.bmp
0x9E71E850	/data/textures/trees/bamboo.bmp
0xDDC22868	/data/textures/trees/bamboo_leaves_at.tga
0x13AA3917	/data/textures/trees/big_tree_01.bmp
0x8AA61FF0	/data/textures/trees/big_vine_01.bmp
0xD7253D8B	/data/textures/trees/cactus_03.bmp
0x7B48F573	/data/textures/trees/cactus_03_spine.tga
0xECECDFAC	/data/textures/trees/dead_treemossy_01.bmp
0xDE63823D	/data/textures/trees/flower_01.tga
0xAE63B510	/data/textures/trees/green_canopy_02_at.tga
0x49F7DE71	/data/textures/trees/grey_dead_tree_02_at.tga
0xE64FAA2F	/data/textures/trees/joshua_tree_01.tga
0xF92F9B8C	/data/textures/trees/savanna_tree_01_at.tga
0xFB21A010	/data/textures/trees/swamp_tree_at.tga
0x52681A6B	/data/textures/trees/treetrunk_01.tga
0xEBA7BF7D	/data/textures/utility/black.bmp
0xA754B2BD	/data/textures/utility/black_spot.bmp
0xC7E96DA0	/data/textures/utility/power_lines_aa.bmp
0x129E69C7	/data/textures/utility/red_glow.bmp
0x10105F44	/data/textures/utility/reticle.tga
0x2F7B3EE3	/data/textures/utility/saving_icon.tga
0x655C33B1	/data/textures/utility/saving_icon_big.tga
0x4A3BD54A	/data/textures/utility/white_dot.tga
0xC2466C2F	/data/textures/water/watercurrentdistortion.tga
0xB5357474	/data/textures/water/waterdistortionmap.bmp
0x9F88E533	/data/textures/water/watermarkers.tga
0xCDABD813	/data/textures/weapons/ammo_icons/chipmonk_icon.tga
0x2120CE39	/data/textures/weapons/ammo_icons/empty_icon.tga
0xD93FC1C4	/data/textures/weapons/ammo_icons/fuzzle_icon.tga
0x67CEDFF0	/data/textures/weapons/ammo_icons/general_moneybag.tga
0xC7675B7D	/data/textures/weapons/ammo_icons/general_snipercritter.tga
0x51054B02	/data/textures/weapons/ammo_icons/selected_icon_l.tga
0x68D928E9	/data/textures/weapons/ammo_icons/selected_icon_r.tga
0x3890C4C3	/data/textures/weapons/ammo_icons/spider_icon.tga
0xF40E65DE	/data/textures/weapons/ammopickups/armadillo_lowrez.bmp
0x45D7F2AC	/data/textures/weapons/ammopickups/boombat_lowrez.bmp
0x98440731	/data/textures/weapons/brassknuckles_colormap.bmp
0x4D7CD8D0	/data/textures/weapons/crossbow/fullarmorarms_colormap.bmp
0x28BD0B9C	/data/textures/weapons/crossbow/lightarmorarms_colormap.bmp
0xBE0471AB	/data/textures/weapons/current_active_glow.tga
0xB69B2683	/data/textures/weapons/current_sel_glow.tga
0xA1FA6256	/data/textures/weapons/cutterslash.tga
0x8F32EB4E	/data/textures/weapons/fullarmor_attachment.bmp
0x84FA77A2	/data/textures/weapons/knuckles_colormap.bmp
0x0166A070	/data/textures/weapons/lightarmor_attachment.bmp
0x4E641532	/data/textures/weapons/scope/binoculars_store_colormap.bmp
0x1CD6F925	/data/textures/wood/beam_wide_01.bmp
0xFD979FAB	/data/textures/wood/boat_deck_02.bmp
0x6CE17ED6	/data/textures/wood/brown_barrelslat_01.bmp
0xEE560DAC	/data/textures/wood/brown_destructiblefence_02.bmp
0x250ADE09	/data/textures/wood/brown_destructiblefence_03.bmp
0x380FEEB1	/data/textures/wood/brown_destructiblefence_04.bmp
0xE45C5E59	/data/textures/wood/brown_pilar.bmp
0xEB33C51D	/data/textures/wood/brown_smallwood_01.bmp
0x7F33385D	/data/textures/wood/brown_trapdoorplanks.bmp
0xD9612F69	/data/textures/wood/brown_trapdoorplanks_02.bmp
0x12FC56FE	/data/textures/wood/brown_warehousewood_01.bmp
0x39056381	/data/textures/wood/brown_watertower_01.bmp
0x25A2CA30	/data/textures/wood/burned_wood_01.bmp
0x4222A554	/data/textures/wood/burned_woodwall_01.bmp
0x256BBDF4	/data/textures/wood/burnt_wood_01.bmp
0x773EA347	/data/textures/wood/crate_01.bmp
0x8893229C	/data/textures/wood/crate_tall_01.bmp
0x1E0B7A5F	/data/textures/wood/dark_shutter.bmp
0xDB03C269	/data/textures/wood/dockboardends.bmp
0xFF4D283F	/data/textures/wood/dockboards.bmp
0x2FCA4135	/data/textures/wood/gray_door_01.bmp
0x4D82A062	/data/textures/wood/gray_fenceplanks_01.bmp
0x5FE3000D	/data/textures/wood/gray_shingles_01.bmp
0xE332B60B	/data/textures/wood/gray_shutter_02.bmp
0xB5132CE7	/data/textures/wood/log_end_01.bmp
0xAF543048	/data/textures/wood/nativetemplewoodbeam.bmp
0x63949D02	/data/textures/wood/plank_01.bmp
0x5D92AB2D	/data/textures/wood/planks_old.bmp
0x0BF1A217	/data/textures/wood/plywood_02.bmp
0xB9F08B65	/data/textures/wood/railing_wood_01.bmp
0x0CFCD784	/data/textures/wood/red_porch_01.bmp
0x6912EA9D	/data/textures/wood/rusty_wood.bmp
0x14802895	/data/textures/wood/scaffolding_plank_01.bmp
0x3F736404	/data/textures/wood/shard_01.bmp
0xCB2F47C6	/data/textures/wood/skunk_log_01.bmp
0x5B14891A	/data/textures/wood/wall_burned.bmp
0x2C0295EF	/data/textures/wood/warm_woodbeamtile_01.bmp
0x607330DE	/data/textures/wood/warm_woodcabinetry.bmp
0x37499B51	/data/textures/wood/warm_woodfloor_01.bmp
0x11A37B49	/data/textures/wood/warm_woodfloor_02_small.bmp
0xA5D92CA1	/data/textures/wood/warm_woodwalls_01.bmp
0x13A69665	/data/textures/wood/warning_wood_02.bmp
0xBCFCE376	/data/textures/wood/white_paint.bmp
0x98B1BA13	/data/textures/wood/white_woodcabinetry.bmp
0x2FDC7323	/data/textures/wood/wood_floortile_01.bmp
0x483BE499	/data/textures/wood/wood_outlaw_gate_01.bmp
0x8808635B	/data/textures/wood/wood_pallet_01.bmp
0x73197268	/data/textures/wood/wood_small_01.bmp
0xE49A5173	/data/textures/wood/wood_target.bmp
0x261DC03A	/data/textures/wood/woodplank.bmp
0xFF9D5C6D	/data/textures/wood/woodplank02.bmp
0x35469B68	/data/textures/wood/woodstack_01.bmp
